投(開)票所名稱,投(開)票所地點,所轄村里或鄰名稱
第0001投開票所,泰源宮(公園路2段192號),桃源里1-8、10鄰
第0002投開票所,坑仔內老人會館(一)(公園路2段192號),桃源里11-14鄰
第0003投開票所,坑仔內老人會館(二)(公園路2段192號),桃源里9、15-20鄰
第0004投開票所,台電備勤宿舍活動中心(公園路1段162號),東興里1-8、10、15、24鄰
第0005投開票所,彰化基督教浸信會(公園路1段10號),東興里9、11-14、16-23鄰
第0006投開票所,南郭國小(一),華北里1-9、12、14鄰
第0007投開票所,南郭國小(二),華北里10-11、13、15-18鄰
第0008投開票所,國立彰化高商(一),華陽里1-16鄰
第0009投開票所,國立彰化高商(二),華陽里17-26鄰
第0010投開票所,慶安宮(永樂街78號),大同里
第0011投開票所,鎮安宮（民族路448號）,永生里
第0012投開票所,南郭國小(三),建寶里1-14、15鄰
第0013投開票所,南郭國小(四),建寶里16-27鄰
第0014投開票所,南郭國小(五),光南里1-7鄰
第0015投開票所,南郭國小(六),光南里8-16鄰
第0016投開票所,介壽里活動中心,介壽里1-10、17、18鄰
第0017投開票所,南郭國小(七),介壽里11-16、19-21鄰
第0018投開票所,天主教慈愛殘障教養院(一)(大埔路676號),延平里1、2鄰
第0019投開票所,延平社區活動中心(一)(西邊，文心街55號),延平里3、4、9、18、19鄰
第0020投開票所,延平社區活動中心(二)(東邊，文心街55號),延平里10、16、20-22、31-35鄰
第0021投開票所,瑪玉托兒所(一)(埔陽街60號),延平里7、12-15、27鄰
第0022投開票所,瑪玉托兒所(二)(埔陽街60號),延平里30鄰
第0023投開票所,天主教慈愛殘障教養院(二)(大埔路676號),延平里6、8、11、23-26、28、29、36鄰
第0024投開票所,彰興國中,延平里5、17鄰
第0025投開票所,慈恩寺後方活動中心(埔內街22號）,延和里1、12-16鄰
第0026投開票所,延和社區活動中心媽媽教室,延和里2-5、7、17、18鄰
第0027投開票所,延和社區活動中心大廳(一),延和里6、11、19、20鄰
第0028投開票所,延和社區活動中心大廳(二),延和里8-10、21鄰
第0029投開票所,修水岩正殿(中山路1段395巷10號),南興里1-5鄰
第0030投開票所,修水岩會議室(中山路1段395巷10號),南興里6-8、19-20鄰
第0031投開票所,南興社區活動中心(中山路1段189巷49號),南興里11-14、23-25鄰
第0032投開票所,南興國小(一),南興里15-18鄰
第0033投開票所,南興國小(二),南興里9、10、21、22鄰
第0034投開票所,南興國小(三),南興里26-30鄰
第0035投開票所,南瑤宮(北東側),南瑤里1、2、16、18、19、29鄰
第0036投開票所,南瑤宮(北西側),南瑤里8、9、17鄰
第0037投開票所,南瑤社區活動中心(一)(中正路2段675巷),南瑤里3、5、6、11-13、15鄰
第0038投開票所,南瑤社區活動中心(二)(中正路2段675巷),南瑤里4、7、10、14鄰
第0039投開票所,彰安國中(一),南瑤里20、27、28、33鄰
第0040投開票所,彰安國中(二),南瑤里21、24、25、30、31鄰
第0041投開票所,彰安國中(三),南瑤里22、23、26、32、34鄰
第0042投開票所,成功藝文音樂館(一)(旭光西路39號),成功里1-9鄰
第0043投開票所,成功藝文音樂館(二)(旭光西路39號),成功里10-19鄰
第0044投開票所,鎮南宮香客休息處(南瑤路367號),福安里
第0045投開票所,平和國小(一),西安里1-15鄰
第0046投開票所,平和國小（二）,西安里16-25鄰
第0047投開票所,平和國小（三）,西安里26-28鄰
第0048投開票所,彰安國中（一）,彰安里1-10鄰
第0049投開票所,彰安國中（二）,彰安里11-15、17鄰
第0050投開票所,彰安國中（三）,彰安里16、18-23鄰
第0051投開票所,龍鳳寺（中華路232號）,中央里
第0052投開票所,聖王廟（中華路239巷19號）,富貴里
第0053投開票所,大媽館（華山路138巷51號）,民權里
第0054投開票所,必應廟（九天尊王百姓公媽廟）中正路二段190巷56號,萬壽里
第0055投開票所,定光佛廟活動中心（和平路61號）,長樂里
第0056投開票所,安西宮活動中心（西興東路65號旁）,西興里1-8鄰
第0057投開票所,領帶城社區交誼廳（景宗街34號）,西興里9-12鄰
第0058投開票所,藝術村大廈中庭（自強南路451巷）,西興里13-16鄰
第0059投開票所,忠孝國小（一）,西勢里1-4鄰
第0060投開票所,忠孝國小（二）,西勢里5-10鄰
第0061投開票所,忠孝國小（三）,西勢里11-17鄰
第0062投開票所,忠孝國小（四）,忠權里1-8、12鄰
第0063投開票所,忠孝國小（五）,忠權里11、14、15鄰
第0064投開票所,忠孝國小（六）,忠權里9-10、13、16鄰
第0065投開票所,土地公廟活動中心（裕民街21號）,忠孝里
第0066投開票所,忠孝國小（七）,五權里1、2、5、11、12鄰
第0067投開票所,忠孝國小（八）,五權里13-15、19鄰
第0068投開票所,忠孝國小（九）,五權里3、4、6-9鄰
第0069投開票所,忠孝國小（十）,五權里10、16-18鄰
第0070投開票所,精誠中學（一）,平和里1-8鄰
第0071投開票所,精誠中學（二）,平和里9-13、16鄰
第0072投開票所,精誠中學（三）,平和里14、15、17、22、23鄰
第0073投開票所,精誠中學（四）,平和里18-21鄰
第0074投開票所,南北戲曲館教室（一）(平和七街66號）,崙平里1-4、9鄰
第0075投開票所,南北戲曲館教室（二）(平和七街66號）,崙平里5-8鄰
第0076投開票所,平和國小建和分校（一）（建中街60號）,崙平里10-13鄰
第0077投開票所,平和國小建和分校（二）（建中街60號）,崙平里14-17、19鄰
第0078投開票所,平和國小建和分校（三）（建中街60號）,崙平里18、20-22鄰
第0079投開票所,信義國中小學（一）,向陽里1-4鄰
第0080投開票所,信義國中小學（二）,向陽里5-8鄰
第0081投開票所,信義國中小學（三）,向陽里9-13鄰
第0082投開票所,信義國中小學（四）,向陽里14-17鄰
第0083投開票所,莿桐社區活動中心（誦經團教室）,莿桐里1-5鄰
第0084投開票所,莿桐社區活動中心（神轎會）,莿桐里6-9鄰
第0085投開票所,志同宮會議室,莿桐里10-14鄰
第0086投開票所,湳尾萬善同旁(崙美路395-1號),南美里1-4、10-11鄰
第0087投開票所,南美社區活動中心(崙美路476巷1號),南美里5-9鄰
第0088投開票所,南安社區活動中心（彰鹿路120巷147弄18號）,南安里1-3、7、10、11鄰
第0089投開票所,南安寺,南安里4-6、8、9鄰
第0090投開票所,劍聲幼兒園(永芳路356號),東芳里1-7鄰
第0091投開票所,永芳社區活動中心（永芳路468號）,東芳里8-11鄰
第0092投開票所,東芳國小,東芳里12-18鄰
第0093投開票所,竹嵩崙百姓公廟（芳草街、彰草路交叉路口）,磚磘里1-3、14、15鄰
第0094投開票所,市立托兒所磚磘分班（水尾1路326號）,磚磘里4-8鄰
第0095投開票所,永興社區活動中心（水尾1路520號）,磚磘里9-13鄰
第0096投開票所,南天宮（公園路1段187巷12號）,卦山里1-11、14鄰
第0097投開票所,水利資源處第一會議室（公園路1段409號）,卦山里12、13、15-17鄰
第0098投開票所,彰化市民代表會,光復里
第0099投開票所,鎮東宮活動中心（永福街68巷19號）,永福里
第0100投開票所,元清觀民藝館（陳稜路126號）,光華里
第0101投開票所,南山寺(一)（中山路2段651號）,中正里1-12鄰
第0102投開票所,南山寺(二)（中山路2段651號）,中正里13-21鄰
第0103投開票所,中山國小（一）,中山里
第0104投開票所,中山國小（二）,龍山里1-12鄰
第0105投開票所,中山國小（三）,龍山里13-20鄰
第0106投開票所,新興華社區活動中心（一）（彰新路1段117號）,新興里1-8鄰
第0107投開票所,新興華社區活動中心（二）（彰新路1段117號）,新興里9-16鄰
第0108投開票所,台電電力修護處中部分處（金馬路2段643號）,新興里17-24、30鄰
第0109投開票所,新興華社區活動中心（三）（彰新路1段117號）,新興里25-29、31-33鄰
第0110投開票所,彩鳳庵活動中心（一）（彰新路1段2巷1號）,新華里1-13鄰
第0111投開票所,彩鳳庵活動中心（二）（彰新路1段2巷1號）,新華里14-21鄰
第0112投開票所,民生國小（民生路）（一）,興北里1-10鄰
第0113投開票所,民生國小（民生路）（二）,興北里11-15鄰
第0114投開票所,民生國小（長壽街）（三）,信義里
第0115投開票所,民生國小（陽明街）（四）,民生里1-5鄰
第0116投開票所,民生國小（陽明街）（五）,民生里6-12鄰
第0117投開票所,民生國小（陽明街）（六）,文化里1-8鄰
第0118投開票所,民生國小（陽明街）（七）,文化里9-14鄰
第0119投開票所,陽明國中（一）,陽明里1-11鄰
第0120投開票所,陽明國中（二）,陽明里12-21鄰
第0121投開票所,陽明國中（三）,萬安里1、11-17鄰
第0122投開票所,彰化市老人文康中心（一）,萬安里2-9鄰
第0123投開票所,彰化市老人文康中心（二）,萬安里10、18-24鄰
第0124投開票所,陽明國中（四）,萬安里25-28鄰
第0125投開票所,彰泰國中（一）,下廍里1-5鄰、8鄰
第0126投開票所,彰泰國中（二）,下廍里6、7、9-13、21鄰
第0127投開票所,彰泰國中（三）,下廍里14-20、27鄰
第0128投開票所,彰泰國中（四）,下廍里22-26、28鄰
第0129投開票所,茄苳社區活動中心（茄苳路2段292號）,茄苳里
第0130投開票所,茄南社區活動中心（一）（金馬路2段260號）,茄南里1-3、5、6鄰
第0131投開票所,茄南社區活動中心（二）（金馬路2段260號）,茄南里4、7-10鄰
第0132投開票所,茄南社區活動中心（三）（金馬路2段260號2樓）（有電梯）,茄南里11-14鄰
第0133投開票所,寶廍社區活動中心托兒所（寶廍路139號）,寶廍里
第0134投開票所,泰興宮（泰和路3段385號）,古夷里1-5鄰
第0135投開票所,泰和社區活動中心托兒所(一)（泰和路3段364號）,古夷里6、9、10鄰
第0136投開票所,泰和社區活動中心托兒所(二)（泰和路3段364號）,古夷里7、8鄰
第0137投開票所,泰和國小（一）,阿夷里1、19、21、27鄰
第0138投開票所,泰和國小（二）,阿夷里4-6、23、24鄰
第0139投開票所,泰和國小（三）,阿夷里8-10、17鄰
第0140投開票所,泰和國小（四）,阿夷里15、16、25、26鄰
第0141投開票所,泰和國小（五）,阿夷里18、22鄰
第0142投開票所,泰和國小（六）,阿夷里2、3、7、20鄰
第0143投開票所,泰和國小（七）,阿夷里11-14鄰
第0144投開票所,師大附工（一）,和調里1-7鄰
第0145投開票所,師大附工（二）,和調里8-14鄰
第0146投開票所,師大附工（三）,和調里15-20鄰
第0147投開票所,福興保生宮（竹和路200巷35號）,復興里1-4、18、22鄰
第0148投開票所,台灣基督長老教會中山教會（竹和路182號）,復興里5-9鄰
第0149投開票所,朝天堂（竹和路77號）,復興里13-17、23鄰
第0150投開票所,復興社區巡守隊(竹和路176號旁),復興里10-12、19-21鄰
第0151投開票所,清雲寺（中山路3段410巷13號）,中庄里1、7-14鄰
第0152投開票所,福壽廟（中山路3段410巷21號之2旁）,中庄里2-6、15、16鄰
第0153投開票所,啟順宮（三竹路52-6號）,竹中里1、2、8-10號
第0154投開票所,台灣基督長老教會梅鑒霧紀念教會（彰南路2段55巷6號）,竹中里3-7鄰
第0155投開票所,彰德國中（一）,香山里1-6鄰
第0156投開票所,彰德國中（二）,香山里7-12鄰
第0157投開票所,彰德國中（三）,香山里13-16鄰
第0158投開票所,牛埔社區守望相助隊(彰南路3段226號),牛埔里1-5、7鄰
第0159投開票所,牛埔社區活動中心（彰南路3段232號）,牛埔里6、12-21鄰
第0160投開票所,外快官老人會（一德南路31巷29之1號）,牛埔里8-11鄰
第0161投開票所,廣鳳宮後活動中心（互助1街42號）,台鳳里1、3、4、8鄰
第0162投開票所,台鳳社區活動中心（互助1街42號）,台鳳里5-7、9鄰
第0163投開票所,廣鳳宮（互助1街42號）,台鳳里2、10、12、13鄰
第0164投開票所,廣鳳宮文教中心,台鳳里11、14-16鄰
第0165投開票所,國聖國小（一）,國聖里1-4、20-24鄰
第0166投開票所,國聖社區活動中心（國聖路175巷139號）,國聖里5-9鄰
第0167投開票所,國聖國小（二）,國聖里10-19鄰
第0168投開票所,洪宗景民宅（彰南路一段300巷19號）,福山里1-6鄰
第0169投開票所,福壽堂(彰南路1段300巷36號),福山里7-12鄰
第0170投開票所,玉皇宮二樓(一)（福山街168號）(有電梯),福山里13-18鄰
第0171投開票所,玉皇宮一樓（福山街168號）,福山里19-24鄰
第0172投開票所,玉皇宮二樓(二)（福山街168號）(有電梯),福山里25-28鄰
第0173投開票所,福山里民集會所（彰南路一段300巷89號）,福山里29-31鄰
第0174投開票所,台灣新故鄉管委會會議室（安溪路328巷93號）,安溪里1-4、13-14鄰
第0175投開票所,安溪社區活動中心（安溪路81巷5號）,安溪里5-12鄰
第0176投開票所,三村社區活動中心（三村路836巷57號）,三村里
第0177投開票所,大竹國小（一）,大竹里1-6、8鄰
第0178投開票所,大竹國小（二）,大竹里7、9-12鄰
第0179投開票所,大竹國小（三）,大竹里13-17鄰
第0180投開票所,三民國小,田中里
第0181投開票所,大快官藝文館（一）,快官里
第0182投開票所,大快官藝文館（二）,竹巷里
第0183投開票所,福田社區活動中心,福田里
第0184投開票所,石牌國小,石牌里
第0185投開票所,舊福延宮,花壇村1-8、28鄰
第0186投開票所,花壇村（新）福延宮（平和街80號）,花壇村9-20鄰
第0187投開票所,花壇村活動中心,花壇村21-27、29鄰
第0188投開票所,城隍廟,金墩村1-4、15-17鄰
第0189投開票所,金墩村活動中心,金墩村5-9、10-14鄰
第0190投開票所,華南國小,中庄村1-7鄰
第0191投開票所,福安宮辦公處,中庄村8-16鄰
第0192投開票所,崙雅村活動中心,崙雅村
第0193投開票所,文祥國小,劉厝村
第0194投開票所,南口村活動中心,南口村1-3、5、9、11、13鄰
第0195投開票所,興南宮,南口村4、6-8、10、12鄰
第0196投開票所,北口村明德宮（口庄街318號）,北口村1-8、16-18鄰
第0197投開票所,北口村保安宮（內溪1巷1號）,北口村9-15鄰
第0198投開票所,僑愛國小,中口村
第0199投開票所,文德村明聖宮（溪南街66巷16號）,文德村1、4-6、8、13、15鄰
第0200投開票所,彰化縣黃姓宗親會（彰員路2段865號）,文德村2、3、7、17鄰
第0201投開票所,文德村活動中心,文德村9-12、14、16鄰
第0202投開票所,白沙國小（一）,白沙村1-10鄰
第0203投開票所,白沙國小（二）,白沙村11-17鄰
第0204投開票所,白沙社區活動中心（一）,白沙村18-25鄰
第0205投開票所,白沙社區活動中心（二）,白沙村26-35鄰
第0206投開票所,岩竹村活動中心,岩竹村
第0207投開票所,長沙村舊營區,長沙村1-9、12-17鄰
第0208投開票所,花壇國小（一）,長沙村10、11、18-21、26鄰
第0209投開票所,花壇國小（二）,長沙村22-25鄰
第0210投開票所,花壇國小（三）,長沙村27-33鄰
第0211投開票所,橋頭村（新）活動中心,橋頭村1-6、9-13鄰
第0212投開票所,聖惠宮,橋頭村14-16、20、21鄰
第0213投開票所,橋頭村靈安宮（長昇社區內）,橋頭村7、8、17-19鄰
第0214投開票所,灣雅村活動中心,灣雅村
第0215投開票所,灣東村集會所（隴西2巷62號對面）,灣東村
第0216投開票所,三春村活動中心,三春村1-4、6-8鄰
第0217投開票所,三春國小,三春村5、9-13鄰
第0218投開票所,老人文康活動中心（一）,永春村1-9鄰
第0219投開票所,老人文康活動中心（二）,永春村10-14鄰
第0220投開票所,長春村活動中心（一）,長春村1-5鄰
第0221投開票所,長春村活動中心（二）,長春村6-11鄰
第0222投開票所,富山國小（一）,舊社村1-14鄰
第0223投開票所,富山國小（二）,舊社村15-24鄰
第0224投開票所,富山國小（三）,大埔村
第0225投開票所,竹林社區活動中心（太平路77巷12號）,竹林村1-10鄰
第0226投開票所,芬園鄉農會（彰南路4段337號）,竹林村11-19鄰
第0227投開票所,楓坑社區長壽俱樂部（楓林街627號）,楓坑村
第0228投開票所,芬園國小（一）,社口村1-18鄰
第0229投開票所,芬園國小（二）,社口村19-28鄰
第0230投開票所,茄荖國小（一）,茄荖村1-11鄰
第0231投開票所,茄荖國小（二）,茄荖村12-28鄰
第0232投開票所,茄荖嘉興活動中心（芬草路一段93巷126號）,嘉興村1-7鄰
第0233投開票所,永清宮（芬草路一段93巷124號）,嘉興村8-17鄰
第0234投開票所,芬園國小（三）,芬園村
第0235投開票所,縣庄社區活動中心（彰南路2段385巷21號）,縣庄村
第0236投開票所,寶山國小,圳墘村
第0237投開票所,溪頭社區活動中心（碧園路1段23號）,溪頭村1-13鄰
第0238投開票所,靈安宮（碧園路一段21號）,溪頭村14-22鄰
第0239投開票所,進芬社區活動中心（中華路9號）,進芬村
第0240投開票所,安山分校（大彰路三段194號）,同安村
第0241投開票所,同安國小,中崙村
第0242投開票所,文德國小,大竹村
第0243投開票所,洛津國小,大有里
第0244投開票所,兆豐銀行停車場（原鹿港鎮農會舊址）,中興里
第0245投開票所,洛津國小,洛津里
第0246投開票所,鹿港鎮老人安養文康中心（忠孝路403號）,順興里
第0247投開票所,鹿港鎮體育場,埔崙里1-6鄰
第0248投開票所,鹿港鎮體育場,埔崙里7-10、12、13鄰
第0249投開票所,代天府,埔崙里11、18、19、21、22、25鄰
第0250投開票所,鎮天宮,埔崙里14-17、20、23、24、26、27
第0251投開票所,文開國小,新宮里
第0252投開票所,奉天宮（香客大樓）,玉順里
第0253投開票所,鹿港高中,東石里1-14鄰
第0254投開票所,鹿港高中,東石里15-18鄰
第0255投開票所,鹿港高中,東石里19-21鄰
第0256投開票所,鹿港高中,東石里22-25鄰
第0257投開票所,保安宮（永豐路16號）,郭厝里
第0258投開票所,鹿港國中,永安里1-6鄰
第0259投開票所,鹿港國中,永安里7-14鄰
第0260投開票所,鹿港國中,永安里15-22鄰
第0261投開票所,鹿港國中,永安里23-32鄰
第0262投開票所,中山堂（e世代K書中心）,景福里
第0263投開票所,鹿港國中,泰興里
第0264投開票所,鹿港國小,長興里
第0265投開票所,鹿港國小,興化里
第0266投開票所,鹿港國小,龍山里
第0267投開票所,鹿港國小,菜園里
第0268投開票所,街尾里活動中心,街尾里1-4、12-20鄰
第0269投開票所,鹿港鎮立托兒所,街尾里5-11鄰
第0270投開票所,竹安宮（竹圍巷83號）,詔安里1-12鄰
第0271投開票所,玉天宮,詔安里13-20鄰
第0272投開票所,海埔國小,海埔里1-9鄰
第0273投開票所,海埔國小,海埔里10、11、18-22、24鄰
第0274投開票所,海埔里里民集會所（鹿草路2段197號）,海埔里12-17、23鄰
第0275投開票所,洋厝社區福利中心（洋厝巷42-3號）,洋厝里1-6鄰
第0276投開票所,新厝社區活動中心（新厝巷臨51-1號）,洋厝里7-15鄰
第0277投開票所,新厝社區守望相助隊（新厝巷臨51-1號）,洋厝里16-20鄰
第0278投開票所,草港社區活動中心（草港巷104號旁）,草中里1-3、5-10、21鄰
第0279投開票所,慶安宮（慶安街65號）,草中里4、11-14、22、23、25鄰
第0280投開票所,草中社區活動中心（草中巷2-16號）,草中里15-20、24鄰
第0281投開票所,鹿鳴國中,頭南里1-9鄰
第0282投開票所,鹿鳴國中,頭南里10-18鄰
第0283投開票所,山崙社區活動中心,山崙里1-8鄰
第0284投開票所,福崙宮東廂房,山崙里9-16鄰
第0285投開票所,武聖宮,山崙里17-21鄰
第0286投開票所,頂番國小,頂番里1-3、19-23鄰
第0287投開票所,玉鳳宮廂房,頂番里4-13鄰
第0288投開票所,頂番社區活動中心,頂番里14-18鄰
第0289投開票所,萬興宮委員辦公室,頭崙里1-11鄰
第0290投開票所,頭崙里社區長壽俱樂部,頭崙里12-17鄰
第0291投開票所,永順宮,溝墘里1、2、17-19鄰
第0292投開票所,第七鄰溝尾福德正神廟,溝墘里3-8鄰
第0293投開票所,溝墘里棋盤社區活動中心,溝墘里9-14鄰
第0294投開票所,溝墘福德老人會館（溝墘巷）,溝墘里15、16、20-22鄰
第0295投開票所,慈靈宮（廖厝巷8號）,廖厝里1-8鄰
第0296投開票所,新興國小,廖厝里9-14、22鄰
第0297投開票所,樂安宮（楊厝巷41-8號）,廖厝里15-21鄰
第0298投開票所,東興國小,東崎里1-7鄰
第0299投開票所,東興國小,東崎里8-13鄰
第0300投開票所,天和宮（打鐵巷9號）,東崎里15-21鄰
第0301投開票所,富麗大鎮活動中心,東崎里14、22-27鄰
第0302投開票所,鹿東國小,頂厝里1-5、9鄰
第0303投開票所,鹿東國小,頂厝里6-8鄰
第0304投開票所,鹿東國小,頂厝里10-14鄰
第0305投開票所,鹿東國小,頂厝里15-18鄰
第0306投開票所,鹿東國小,頂厝里19-23鄰
第0307投開票所,鹿東國小,頂厝里24-26鄰
第0308投開票所,三汴集會活動中心（彰水路346巷47號）,三汴村
第0309投開票所,閭山天法堂會議室（萬豐村（街）,14-36號）萬豐村
第0310投開票所,元中社區活動中心,元中村
第0311投開票所,外中社區活動中心,外中村
第0312投開票所,大興國小,外埔村
第0313投開票所,大崙社區活動中心,大崙村
第0314投開票所,日新國小,番婆村1-6鄰
第0315投開票所,番婆社區活動中心,番婆村7-12鄰
第0316投開票所,鹿港國中（一）,橋頭村1-5、9鄰
第0317投開票所,鹿港國中（二）,橋頭村6-8、10、11鄰
第0318投開票所,社尾社區活動中心,社尾村
第0319投開票所,永豐國小,番社村
第0320投開票所,西勢國小,西勢村1、2、8鄰
第0321投開票所,西勢社區活動中心,西勢村3-7、9鄰
第0322投開票所,福興國中（一）,同安村1-4鄰
第0323投開票所,福興國中（二）,同安村5-8鄰
第0324投開票所,保安宮（秀厝1街臨342號）,秀厝村1-10鄰
第0325投開票所,秀厝社區活動中心（秀厝2街147號）,秀厝村11-18鄰
第0326投開票所,四村聯合集會所（一）,福興村1-5鄰
第0327投開票所,四村聯合集會所（二）,福興村6-11鄰
第0328投開票所,老人文康中心,福興村12-14鄰
第0329投開票所,福興鄉立西區幼兒園（一）（福興路51巷12號）,福南村1-7鄰
第0330投開票所,福興鄉立西區幼兒園（二）（福興路51巷12號）,福南村8-14鄰
第0331投開票所,文昌國小,鎮平村
第0332投開票所,三和社區活動中心,三和村
第0333投開票所,二港社區活動中心,二港村
第0334投開票所,育新國小,福寶村
第0335投開票所,新頂粘社區活動中心,頂粘村1-7鄰
第0336投開票所,粘灯火宅倉庫（頂粘村（街）299號）,頂粘村8-12鄰
第0337投開票所,管嶼國小,廈粘村1-5鄰
第0338投開票所,廈粘社區活動中心,廈粘村6-13鄰
第0339投開票所,九天寺廟餐廳（一）,麥厝村1-11鄰
第0340投開票所,九天寺廟餐廳（二）,麥厝村12-19鄰
第0341投開票所,華龍國小,秀水村1-15鄰
第0342投開票所,港墘社區活動中心（開南巷87號）,秀水村16-24鄰
第0343投開票所,安溪社區活動中心（安溪街98號）,安溪村1-7、15鄰
第0344投開票所,玄德廟（彰水路1段692巷32號）,安溪村8-14.16.17鄰
第0345投開票所,秀水鄉老人文康中心（中山路99號）,莊雅村1-7、17-20鄰
第0346投開票所,莊雅社區活動中心（秀中街82巷7弄6號旁）,莊雅村8-16鄰
第0347投開票所,陝西社區活動中心（烏面將軍廟旁）,陝西村
第0348投開票所,金興增建社區活動中心（新興街123號）,金興村1-3、10-14鄰
第0349投開票所,金興舊社區活動中心（番花路79巷26號附近）,金興村4-9鄰
第0350投開票所,秀水國小,安東村1-6、28鄰
第0351投開票所,秀水國小,安東村7-10、29、30鄰
第0352投開票所,安東社區長壽俱樂部（枋林巷60號）,安東村11-15、31、32鄰
第0353投開票所,安東社區活動中心（枋林巷60號）,安東村16-27鄰
第0354投開票所,秀水鄉立體育館（瓦磘街17號）,鶴鳴村1-4鄰
第0355投開票所,鶴鳴社區活動中心（明山街182號）,鶴鳴村5-12鄰
第0356投開票所,頭前社區活動中心（永興巷61號）,鶴鳴村13-22鄰
第0357投開票所,馬興國小,馬興村1-11鄰
第0358投開票所,馬興村集會所（雅興街260巷8-1號）,馬興村12-20鄰
第0359投開票所,義興社區活動中心（義興街12號附近）,義興村
第0360投開票所,福安增建社區活動中心（後厝）（長美巷40號附近）,福安村1-6鄰
第0361投開票所,秀水高工教室（一營造）,福安村7-9、11、25鄰
第0362投開票所,福安社區活動中心（清龍岩）（民意街64號）,福安村10、12-14、16-18鄰
第0363投開票所,福安社區活動中心（清龍岩餐廳）,福安村19、24、26-29鄰
第0364投開票所,秀水鄉立幼兒園（復新街7號）,福安村15、20-23、30鄰
第0365投開票所,埔崙社區活動中心（蘇周巷177號）,埔崙村1-8鄰
第0366投開票所,明正國小,埔崙村9-15鄰
第0367投開票所,曾厝社區活動中心（大厝巷66號）,曾厝村1-7鄰
第0368投開票所,林四福堂（西平巷15號）,曾厝村8-13鄰
第0369投開票所,安南府（安南巷100號）,金陵村1-5鄰
第0370投開票所,玉陵宮（番花路450巷46號）,金陵村6-15鄰
第0371投開票所,下崙增建社區活動中心（民生街206號）,下崙村1-12鄰
第0372投開票所,惠來社區活動中心（三聖巷臨15號）,下崙村13-20鄰
第0373投開票所,和東國小(一),竹營里1-9鄰
第0374投開票所,和東國小(二),竹營里11-16、20鄰
第0375投開票所,和東國小(三),竹營里10、17-19、21、22鄰
第0376投開票所,和東國小(四),竹營里23-29鄰
第0377投開票所,和東國小(五),和東里1-3、10鄰
第0378投開票所,和東國小(六),和東里4-9鄰
第0379投開票所,和東國小(七),和東里11-23鄰
第0380投開票所,和東國小(八),和東里24-28鄰
第0381投開票所,和美國小(一),和南里
第0382投開票所,和美國小(二),和北里1-9鄰
第0383投開票所,和美國小(三),和北里10-15鄰
第0384投開票所,和美高中(一),和西里1-11鄰
第0385投開票所,和美高中(二),和西里12-20鄰
第0386投開票所,和美高中(三),和西里21-26鄰
第0387投開票所,法玄宮廟（鎮西路212號）,四張里1-4、15-19鄰
第0388投開票所,四張社區活動中心,四張里5-14鄰
第0389投開票所,頭前社區活動中心（和頭路595號）,頭前里1-7鄰
第0390投開票所,頭前社區活動中心（和頭路595號）,頭前里8-14鄰
第0391投開票所,面前里里民活動中心(和光路360巷36號),面前里1-4、11-15鄰
第0392投開票所,面前社區活動中心(雅安路265號),面前里5-10鄰
第0393投開票所,鎮平里活動中心,鎮平里1-4、6-9鄰
第0394投開票所,鎮平里活動中心,鎮平里5、10-17鄰
第0395投開票所,大嘉國小(一),大霞里1-7鄰
第0396投開票所,大嘉國小(二),大霞里8-14鄰
第0397投開票所,大榮國小(一),源埤里1-7鄰
第0398投開票所,大榮國小(二),源埤里8-13鄰
第0399投開票所,大榮國小(三),南佃里1-9鄰
第0400投開票所,大榮國小(四),南佃里10-16鄰
第0401投開票所,雅溝里活動中心,雅溝里
第0402投開票所,和仁國小(一),山犁里1-6鄰
第0403投開票所,和仁國小(二),山犁里7-12鄰
第0404投開票所,和仁國小(三),山犁里13-18鄰
第0405投開票所,和仁國小(四),山犁里19-27鄰
第0406投開票所,國立和美實驗學校(一),仁愛里1-8鄰
第0407投開票所,國立和美實驗學校(二),仁愛里9-18鄰
第0408投開票所,嘉犁社區活動中心,嘉犁里1-9、15鄰
第0409投開票所,長壽俱樂部,嘉犁里10-14鄰
第0410投開票所,大嘉國小(三),詔安里1-7鄰
第0411投開票所,大嘉國小(四),詔安里8-19鄰
第0412投開票所,鐵山里活動中心,鐵山里1-3、5-12鄰
第0413投開票所,鐵山里保生宮(鎮東路190號),鐵山里4、13-20鄰
第0414投開票所,柑井里活動中心,柑井里1-8鄰
第0415投開票所,長青聯誼活動中心（柑竹路340號）,柑井里9-18鄰
第0416投開票所,武當宮,柑井里19-24鄰
第0417投開票所,竹園里活動中心,竹園里
第0418投開票所,新庄里活動中心（新）,新庄里1-3、12-16鄰
第0419投開票所,新庄里活動中心（舊）,新庄里4-11、17鄰
第0420投開票所,新庄國小(一),犁盛里1-8、20、23鄰
第0421投開票所,犁盛里活動中心,犁盛里9-19、21、22鄰
第0422投開票所,中寮活動中心,中寮里
第0423投開票所,新庄國小(二),中圍里1-12鄰
第0424投開票所,新庄國小(三),中圍里13-24鄰
第0425投開票所,新庄國小(四),中圍里25-28鄰
第0426投開票所,新庄國小(五),糖友里1-5、7-9鄰
第0427投開票所,新庄國小(六),糖友里6、10-18鄰
第0428投開票所,新庄國小(七),糖友里19-27鄰
第0429投開票所,北極宮（北堂路8巷10號）,還社里
第0430投開票所,培英國小(一),塗厝里1-10鄰
第0431投開票所,培英國小(二),塗厝里11-17鄰
第0432投開票所,地潭里活動中心,地潭里
第0433投開票所,湖內里活動中心,湖內里
第0434投開票所,嘉寶里活動中心,嘉寶里1-12鄰
第0435投開票所,天福宮,嘉寶里13-19鄰
第0436投開票所,月眉里活動中心(一),月眉里1-6鄰
第0437投開票所,月眉里活動中心(二),月眉里7-15鄰
第0438投開票所,月眉社區托兒所,月眉里16-22鄰
第0439投開票所,好修社區托兒所,好修里1-5鄰
第0440投開票所,調興宮（西興路134號）,好修里6-15鄰
第0441投開票所,大同社區活動中心,大同村1-6鄰
第0442投開票所,大同國小,大同村7-11鄰
第0443投開票所,海尾社區活動中心,海尾村1-7鄰
第0444投開票所,寶天宮（海尾路3號）,海尾村8-13鄰
第0445投開票所,全興社區活動中心（東全路11號）,全興村1-8鄰
第0446投開票所,興和宮（全興路93-1號）,全興村9-16鄰
第0447投開票所,溪底社區活動中心（溪底路103-2號）,溪底村1-7鄰
第0448投開票所,泰平宮（溪底路98號）,溪底村8-15鄰
第0449投開票所,定興社區活動中心（定興路63-2號）,定興村1-12鄰
第0450投開票所,興安宮（定興路63-1號）,定興村13-19鄰
第0451投開票所,什股社區活動中心,什股村1-9鄰
第0452投開票所,玉興宮（什股路160巷50-1號）,什股村10-15鄰
第0453投開票所,泉州社區活動中心（仁愛路123號）,泉州村1-7鄰
第0454投開票所,泉安宮（仁愛路123號）,泉州村8-16鄰
第0455投開票所,泉厝社區活動中心（泉厝路44-3號）,泉厝村
第0456投開票所,伸仁國小,曾家村1-9鄰
第0457投開票所,曾家社區活動中心（曾家路65-1號）,曾家村10-16鄰
第0458投開票所,蚵寮村集會所（蚵寮路132-5號）,蚵寮村
第0459投開票所,新港國小(一),新港村1-8鄰
第0460投開票所,新港國小(二),新港村9-13鄰
第0461投開票所,新港國小(三),新港村14-18鄰
第0462投開票所,新港國小(四),新港村19-22鄰
第0463投開票所,順安宮（埤墘路107-1號）,埤墘村
第0464投開票所,伸東國小(一),七嘉村1-4鄰
第0465投開票所,伸東國小(二),七嘉村5-9鄰
第0466投開票所,伸東國小(三),七嘉村10-14鄰
第0467投開票所,慶安宮（汴頭路187號）,汴頭村1-8鄰
第0468投開票所,汴頭社區活動中心（汴頭路187-3號）,汴頭村9-16鄰
第0469投開票所,線西鄉立幼兒園,線西村1-10、20、22鄰
第0470投開票所,溫安宮（中央路2段678巷32號）,線西村11-19、21、23鄰
第0471投開票所,頂庄社區活動中心,頂庄村
第0472投開票所,線西國中,寓埔村1-11鄰
第0473投開票所,寓埔社區活動中心,寓埔村12-22鄰
第0474投開票所,塭仔社區活動中心,塭仔村
第0475投開票所,興安宮（溝內路49號附近）,溝內村
第0476投開票所,慶興宮（下犁路82之1號）,下犁村1-10鄰
第0477投開票所,下犁社區活動中心,下犁村11-17鄰
第0478投開票所,曉陽國小（一）,頂犁村1-14鄰
第0479投開票所,曉陽國小（二）,頂犁村15-23鄰
第0480投開票所,德興社區活動中心,德興村
第0481投開票所,代天宮（員水路一段449巷46號）,崙雅里1-10、21鄰
第0482投開票所,崙雅社區活動中心（員水路1段449巷47號）,崙雅里11-20鄰
第0483投開票所,振興里社區活動中心（山腳路2段602號）,振興里1-11鄰
第0484投開票所,大慶商工（山腳路2段206號）,振興里12-20鄰
第0485投開票所,青山國小（泉州巷3號）,林厝里1-5、18鄰
第0486投開票所,林厝里社區活動中心（山腳路1段48巷57號）,林厝里6-12鄰
第0487投開票所,明聖宮（山腳路1段246弄110號）,林厝里13-17鄰
第0488投開票所,青山國小（泉州巷3號）,出水里1、10-15鄰
第0489投開票所,出水里社區活動中心（出水巷18號之1）,出水里2-9鄰
第0490投開票所,湖水里社區活動中心（湖水巷10號）,湖水里
第0491投開票所,大峯里活動中心（玉鶴寺）大峯巷455號,大峯里
第0492投開票所,鎮興社區活動中心（山腳路3段2巷150號）,鎮興里1-4、17-19鄰
第0493投開票所,中州科技大學沁明樓1樓中廊（山腳路3段2巷6號）,鎮興里5-16鄰
第0494投開票所,浮圳社區活動中心（浮圳巷8之14號）,浮圳里1-10鄰
第0495投開票所,浮圳社區老人長壽俱樂部（浮圳巷,8之15號）浮圳里11-21鄰
第0496投開票所,西東社區活動中心（浮圳路1段365巷56弄36號）,西東里1、2、4-6鄰
第0497投開票所,西東社區老人長壽俱樂部（浮圳路1段365巷56弄36號）,西東里3、7-12鄰
第0498投開票所,東山國小,南東里1-9鄰
第0499投開票所,東山國小,南東里10-21鄰
第0500投開票所,中東社區活動中心(一)（山腳路5段184巷86號）,中東里1-7鄰
第0501投開票所,中東社區活動中心(二)（山腳路5段184巷86號）,中東里8-11鄰
第0502投開票所,東北社區活動中心（山腳路6段47巷20號）,東北里1-10鄰
第0503投開票所,東北社區長壽俱樂部（山腳路6段47巷22號）,東北里11-19鄰
第0504投開票所,福義宮（員水路2段464號）,東和里
第0505投開票所,員林家商（一）（中正路56號）,民生里1-3、17、20鄰
第0506投開票所,衡文宮（萬年巷51-5號）,民生里4-9、11、14、18、19鄰
第0507投開票所,員林家商（二）（中正路56號）,民生里10、12、13、15、16、21鄰
第0508投開票所,育英國小（一）（光明街31號）,黎明里1-15鄰
第0509投開票所,育英國小（二）（光明街31號）,黎明里16-23鄰
第0510投開票所,育英國小（三）（光明街31號）,惠來里1、2、24-26鄰
第0511投開票所,育英國小（四）（光明街31號）,惠來里3-8鄰
第0512投開票所,育英國小（五）（光明街31號）,惠來里9-14鄰
第0513投開票所,育英國小（六）（光明街31號）,惠來里15-19鄰
第0514投開票所,育英國小（七）（光明街31號）,惠來里20-23鄰
第0515投開票所,員林鎮立幼兒園中央分班,中央里1-5、7-9、13鄰
第0516投開票所,自然公園會議室（田中央巷11弄6號）,中央里6、10-12、14鄰
第0517投開票所,青山宮（溝皂巷15號）,溝皂里1-8、16-18、21鄰
第0518投開票所,瑤皇宮明義堂（溝皂巷3之1號）,溝皂里9-15、19、20鄰
第0519投開票所,香山寺（員集路2段244巷117號）,大饒里1、2、8、10、12、21鄰
第0520投開票所,鎮靈宮（員集路2段552巷136弄81號）,大饒里4-7、15-19鄰
第0521投開票所,張氏家廟（員集路2段244巷165號）,大饒里3、9、11、13、14、20鄰
第0522投開票所,大明里活動中心（大饒路803巷21號）,大明里1-7鄰
第0523投開票所,南區萬善祠（大饒路733號）,大明里8-14鄰
第0524投開票所,明倫國中（明倫路2號）,萬年里1-7、14鄰
第0525投開票所,南聖宮（員水路2段21巷臨51號）,萬年里8-13鄰
第0526投開票所,員林農工推廣中心（員水路2段313號）,萬年里15、16、20鄰
第0527投開票所,員林農工中正堂（員水路2段313號）,萬年里17-19、21鄰
第0528投開票所,興賢書院（三民街1號）,中正里1、2、4-24鄰
第0529投開票所,員林鎮調解委員會（林森路196號）,中正里3、25、26、28-34鄰
第0530投開票所,員林國宅（林森路231巷6號）,中正里27、35-42鄰
第0531投開票所,員林崇實高工圖書館（育英路103號）,仁美里1-4、6、8、9、13、15-17鄰
第0532投開票所,大同國中（一）,仁美里5、7、10-12、14、18、25鄰
第0533投開票所,大同國中（二）,仁美里19-24鄰
第0534投開票所,崇實高工活動中心（育英路103號）,新興里
第0535投開票所,福寧宮（中山路2段26號）,和平里1-16、19鄰
第0536投開票所,僑信國小（一）（中山路2段280號）,和平里17、18、20、21、23鄰
第0537投開票所,僑信國小（二）（中山路2段280號）,和平里22、24、25、26、27鄰
第0538投開票所,廣寧宮（中正路360號）,光明里
第0539投開票所,廣安宮（光明街269號）,中山里
第0540投開票所,員林國小（一）（三民東街221號）,三條里1-11鄰
第0541投開票所,員林國小（二）（三民東街221號）,三條里12-22鄰
第0542投開票所,員林國小（三）（三民東街221號）,忠孝里1-11鄰
第0543投開票所,員林國小（四）（三民東街221號）,忠孝里12-23鄰
第0544投開票所,員林國小（五）（三民東街221號）,仁愛里
第0545投開票所,大同國中（三）（大同路1段345號）,三和里1、5、7、9鄰
第0546投開票所,員林國小（六）（三民東街221號）,三和里2、8、15、17、19鄰
第0547投開票所,員林國小（七）（三民東街221號）,三和里3、4、6鄰
第0548投開票所,大同國中（四）（大同路1段345號）,三和里10-12鄰
第0549投開票所,大同國中（五）（大同路1段345號）,三和里13、14、16、18鄰
第0550投開票所,大同國中（六）（大同路1段345號）,三和里20-22鄰
第0551投開票所,玉天宮（浮圳路2段214號）,三橋里1-3、6-9鄰
第0552投開票所,愛丁堡幼兒園（一）（浮圳路2段189號）,三橋里4、5、12、16鄰
第0553投開票所,愛丁堡幼兒園（二）（浮圳路2段189號）,三橋里10、11、13-15鄰
第0554投開票所,樂育幼兒園（一）（建國路173號）,三愛里1、4、6、7鄰
第0555投開票所,樂育幼兒園（二）（建國路173號）,三愛里2、3、5鄰
第0556投開票所,員林蓮社（大安街13號）,三愛里8-10鄰
第0557投開票所,僑信國小（三）（中山路2段280號）,三信里1-7鄰
第0558投開票所,僑信國小（四）（中山路2段280號）,三信里8-16鄰
第0559投開票所,十七份活動中心（興華街21號）,三多里1-8鄰
第0560投開票所,保進幼兒園（育英路647號）,三多里9-17鄰
第0561投開票所,員林鎮立幼兒園（員鹿路245巷110號）,三義里1-8、16-19鄰
第0562投開票所,三義社區活動中心（員鹿路245巷112號）,三義里9-15、20-23鄰
第0563投開票所,新生社區活動中心（雙景街50號）,新生里1、2、21-28鄰
第0564投開票所,警化堂（新義街172號）,新生里3-10、29、30鄰
第0565投開票所,員林高中（一）靜修路79號,新生里11-15、32鄰
第0566投開票所,員林高中（二）靜修路79號,新生里16-20、31鄰
第0567投開票所,靜修國小（一）靜修路74號,南平里1-9鄰
第0568投開票所,靜修國小群英館（二）靜修路74號,南平里10-16鄰
第0569投開票所,南平里社區活動中心（新生路354號）,南平里17-23鄰
第0570投開票所,南平社區活動中心東側（新生路354號）,南平里24-28鄰
第0571投開票所,三聖宮（員大路1段20巷20號）,南興里1-9鄰
第0572投開票所,員林國中（一）（南潭路2號）,南興里10-13、27鄰
第0573投開票所,員林國中（二）（南潭路2號）,南興里14-20鄰
第0574投開票所,員林國中（三）（南潭路2號）,南興里21-26、28鄰
第0575投開票所,源潭社區活動中心（三潭巷27之1號）,源潭里1-5鄰
第0576投開票所,承天宮辦公室餐廳（三潭巷27號）,源潭里6-11鄰
第0577投開票所,慈天宮活動中心（員大路2段50號）,大埔里1-5鄰
第0578投開票所,員林鎮立幼兒園大埔分班（員大路2段46巷1弄10號）,大埔里6-12鄰
第0579投開票所,大村國小,大村村1-9、19、20鄰
第0580投開票所,大村社區活動中心,大村村10-18鄰
第0581投開票所,福林宮（茄苳路2段241號對面）,茄苳村1、10-18鄰
第0582投開票所,茄苳社區活動中心,茄苳村2-9鄰
第0583投開票所,田洋社區活動中心,田洋村
第0584投開票所,貢旗社區活動中心,貢旗村
第0585投開票所,南勢社區活動中心,南勢村
第0586投開票所,慈鳳宮（中山路3段2巷43-58號）,大橋村1-8、20鄰
第0587投開票所,大橋社區活動中心,大橋村9-19、21鄰
第0588投開票所,加錫社區活動中心,加錫村
第0589投開票所,普崙寺1樓北側,大崙村1-10鄰
第0590投開票所,普崙寺1樓南側,大崙村11-20鄰
第0591投開票所,新興社區活動中心,新興村
第0592投開票所,福天宮廂房（擺塘巷9號）,擺塘村1-8、11、19鄰
第0593投開票所,擺塘社區活動中心,擺塘村9、10、12-18鄰
第0594投開票所,過溝社區活動中心,過溝村1、3、6-18鄰
第0595投開票所,鎮安宮廂房（過溝3巷5號）,過溝村2、4、5、19-22鄰
第0596投開票所,村上國小學生活動中心,村上村
第0597投開票所,美港社區活動中心,美港村1-3、11、12、14鄰
第0598投開票所,賜福宮,美港村4、5、13、15-19、21、22鄰
第0599投開票所,福星祠廂房（美港橫巷10-14號）,美港村6-10、20鄰
第0600投開票所,黃厝社區活動中心,黃厝村1、13-20鄰
第0601投開票所,五行宮北廂房,黃厝村2-12鄰
第0602投開票所,村東國小(一),福興村1-7鄰
第0603投開票所,村東國小(二),福興村8-15鄰
第0604投開票所,平和社區活動中心,平和村1-6、8、18鄰
第0605投開票所,百姓公廟廂房（山腳路130號之1附近）,平和村7、9、10-17鄰
第0606投開票所,乾巽宮（浮圳路490號）,浮圳村
第0607投開票所,永興國小(一),東寧村1-7、9、11鄰
第0608投開票所,永興宮（永興路二段162號）,東寧村8、10、12-16鄰
第0609投開票所,光雲社區活動中心,光雲村1-8鄰
第0610投開票所,意善堂,光雲村9-15鄰
第0611投開票所,五汴社區老人俱樂部,五汴村1-6鄰
第0612投開票所,五汴社區活動中心,五汴村7-14鄰
第0613投開票所,永興國小(二),永興村1-11鄰
第0614投開票所,永興國小(三),永興村12-18鄰
第0615投開票所,崙子社區活動中心,崙子村
第0616投開票所,永靖國小(一),永東村
第0617投開票所,永靖國小(二),永西村1-9鄰
第0618投開票所,永靖國小(三),永西村10-15鄰
第0619投開票所,原小牛津補習班（開明路182號）,永南村1、12-15、17鄰
第0620投開票所,永南社區活動中心,永南村2-11、16鄰
第0621投開票所,不醉宮（水尾路182號）,永北村1-8、10、14鄰
第0622投開票所,甘霖宮（永福路一段8號）,永北村9、11-13、15-17鄰
第0623投開票所,港西社區活動中心,港西村1-11鄰
第0624投開票所,福德國小教室,港西村12-20鄰
第0625投開票所,五福宮（五福巷97號）,五福村1-4、16-18鄰
第0626投開票所,陳氏家廟,五福村5-15鄰
第0627投開票所,甘澍宮（永社路205號）,湳港村
第0628投開票所,新莊社區活動中心,新莊村
第0629投開票所,永靖國中(一),瑚璉村1-10鄰
第0630投開票所,永靖國中(二),瑚璉村11-18鄰
第0631投開票所,獨鰲社區活動中心,獨鰲村
第0632投開票所,恩烈祠（獨鰲路二段1號）,敦厚村
第0633投開票所,崙美社區活動中心,崙美村
第0634投開票所,同安社區活動中心,同安村
第0635投開票所,同仁社區活動中心,同仁村
第0636投開票所,湳墘社區活動中心,湳墘村
第0637投開票所,四芳社區活動中心,四芳村
第0638投開票所,福興社區活動中心,福興村
第0639投開票所,竹子社區活動中心,竹子村
第0640投開票所,媽祖廟（員鹿路信善街1號）,光平里
第0641投開票所,溪湖鎮農會推廣教室,平和里
第0642投開票所,溪湖藝文館（舊公所）,太平里1-10鄰
第0643投開票所,溪湖鎮圖書館,太平里11-16鄰
第0644投開票所,溪湖國小,光華里
第0645投開票所,湖東國小（西教室）,湖東里1-4、28-30鄰
第0646投開票所,湖東國小（東教室）,湖東里6-15、20鄰
第0647投開票所,湖東國小（中廊一）,湖東里5、19、21-26鄰
第0648投開票所,湖東國小（中廊二）,湖東里16-18、27、31-34鄰
第0649投開票所,澤民宮（大溪路一段464號）,中山里1-11鄰
第0650投開票所,霖肇宮（大溪路一段636號）,中山里12-20鄰
第0651投開票所,永安宮（員鹿路後溪巷28號）,西溪里1-9鄰
第0652投開票所,包安宮,西溪里10-18鄰
第0653投開票所,中竹社區活動中心,中竹里
第0654投開票所,溪湖國中（一）,東寮里1-3、7-12、14、22、25鄰
第0655投開票所,溪湖國中（二）,東寮里4-6、13、15-17鄰
第0656投開票所,溪湖國中（三）,東寮里18-21、23、24鄰
第0657投開票所,通天宮（員鹿路269-1號）,西寮里1-9、17、18鄰
第0658投開票所,北天宮（員鹿路鳳厝巷88號）,西寮里10-16鄰
第0659投開票所,大安宮,大突里1-8鄰
第0660投開票所,大突社區活動中心（新）,大突里9-16鄰
第0661投開票所,大突舊社區活動中心（托兒所）,大突里17-24鄰
第0662投開票所,湖西國小,北勢里
第0663投開票所,成功高中(一),汴頭里1-14鄰
第0664投開票所,成功高中(二),汴頭里15-24鄰
第0665投開票所,湖南國小（北教室）,大竹里1-12鄰
第0666投開票所,湖南國小（南教室）,大竹里13-25鄰
第0667投開票所,溪湖國小,湖西里1、14-21鄰
第0668投開票所,南天宮（二溪路湖西巷40-1號）,湖西里2-13鄰
第0669投開票所,田中社區活動中心,田中里
第0670投開票所,河東社區長壽幸福會館,河東里1-7鄰
第0671投開票所,河東社區活動中心,河東里8-14鄰
第0672投開票所,頂庄里鎭安宮,頂庄里
第0673投開票所,玄天宮（崙子腳路忠覺巷）,忠覺里
第0674投開票所,湳底社區活動中心,湳底里
第0675投開票所,大庭社區活動中心,大庭里
第0676投開票所,媽厝國小,媽厝里
第0677投開票所,番婆社區活動中心-鎮安宮,番婆里1-6、15、16鄰
第0678投開票所,番婆社區活動中心-托兒所,番婆里7-14鄰
第0679投開票所,西勢社區活動中心,西勢里1-9鄰
第0680投開票所,西安宮（西安路136號）,西勢里10-19鄰
第0681投開票所,東溪國小,東溪里
第0682投開票所,順澤宮（中正路55號）,埔鹽村1-8鄰
第0683投開票所,糯米坊,埔鹽村9-16鄰
第0684投開票所,老人文康中心,埔南村1、2、7、8、13-15鄰
第0685投開票所,埔鹽國小,埔南村3-6、9-12鄰
第0686投開票所,廍子社區活動中心,廍子村
第0687投開票所,龍水宮（埔港路39號）,出水村
第0688投開票所,南港國小,南港村1-8鄰
第0689投開票所,武聖宮,南港村9-17鄰
第0690投開票所,打廉社區活動中心,打廉村
第0691投開票所,大園國小,豐澤村
第0692投開票所,閭山道院（彰水路一段11號）,崑崙村
第0693投開票所,角樹社區活動中心,角樹村
第0694投開票所,老人文康中心,瓦磘村
第0695投開票所,好修國小（一）,好修村1-10鄰
第0696投開票所,好修國小（二）,好修村11-16鄰
第0697投開票所,西德宮（大新路2巷64號）,西湖村1-8鄰
第0698投開票所,西湖社區活動中心,西湖村9-18鄰
第0699投開票所,慈賢宮（員鹿路3段80號）,大有村
第0700投開票所,仁興宮（員鹿路2段209號）,新興村
第0701投開票所,奉安宮（番金路115之7號對面）,永平村
第0702投開票所,永樂福利園區,永樂村
第0703投開票所,石埤社區活動中心,石埤村
第0704投開票所,天盛社區活動中心,天盛村
第0705投開票所,太平社區活動中心,太平村1-9、16、17鄰
第0706投開票所,保玄宮,太平村10-15鄰
第0707投開票所,四聖宮廂房（新水村大新路臨5-18號）,新水村1-5鄰
第0708投開票所,四聖宮,新水村6-11鄰
第0709投開票所,三省社區活動中心,三省村
第0710投開票所,南新社區活動中心,南新村
第0711投開票所,武聖宮(一)(武聖路491號),東門村1-8鄰
第0712投開票所,武聖宮(二)(武聖路491號),東門村9-15鄰
第0713投開票所,武聖宮(三)(武聖路491號),東門村16-20鄰
第0714投開票所,埔心社區活動中心,埔心村
第0715投開票所,埔心國小(一),義民村1-8鄰
第0716投開票所,埔心國小(二),義民村9-15鄰
第0717投開票所,油車社區活動中心,油車村
第0718投開票所,明聖國小(一),瓦北村1-5鄰
第0719投開票所,瓦北社區活動中心,瓦北村6-13鄰
第0720投開票所,明聖宮（明聖路4段172號）,瓦中村1-6、13-15鄰
第0721投開票所,明聖國小(二),瓦中村7-12鄰
第0722投開票所,瓦南社區活動中心,瓦南村1-6、8鄰
第0723投開票所,明聖國小(三),瓦南村7、9、10鄰
第0724投開票所,鎮國宮(鎮國路71巷18號),經口村1-4、6、14-17鄰
第0725投開票所,玉龍宮(經口路77巷7號),經口村5、7-13鄰
第0726投開票所,太平國小(一),太平村1-8鄰
第0727投開票所,太平國小(二),太平村9-15鄰
第0728投開票所,大華社區活動中心,大華村
第0729投開票所,仁里社區活動中心(原仁里中心托兒所),仁里村
第0730投開票所,舊舘國小(一),舊舘村1-6鄰
第0731投開票所,舊舘國小(二),舊舘村7-12鄰
第0732投開票所,舊舘國小(三),南舘村
第0733投開票所,新舘社區活動中心,新舘村
第0734投開票所,芎蕉社區活動中心,芎蕉村1-9鄰
第0735投開票所,霖鳳宮(員鹿路5段234號),芎蕉村10-16鄰
第0736投開票所,羅厝國小(一),羅厝村1-7鄰
第0737投開票所,羅厝國小(二),羅厝村8-19鄰
第0738投開票所,梧鳳國小,梧鳳村
第0739投開票所,鳳霞國小,二重村
第0740投開票所,埤霞社區活動中心,埤霞村
第0741投開票所,五龍宮(菜寮路183號),埤脚村
第0742投開票所,香山社區活動中心,香山里
第0743投開票所,碧峰社區活動中心,碧峰里1、3-9鄰
第0744投開票所,達德商工一樓教室,碧峰里2鄰
第0745投開票所,東源社區活動中心,東源里
第0746投開票所,保安宮,復興里1-8、20鄰
第0747投開票所,東興社區活動中心,復興里9-19鄰
第0748投開票所,順天宮(北)(山腳路5段246號),平和里1-7鄰
第0749投開票所,順天宮(南)(山腳路5段246號),平和里8-20鄰
第0750投開票所,頂潭社區活動中心,頂潭里
第0751投開票所,內安國小,新庄里1-5、7-11鄰
第0752投開票所,新庄社區活動中心,新庄里6、12-16鄰
第0753投開票所,三潭國小(一),中潭里1-3、12-14鄰
第0754投開票所,三潭國小(二),中潭里4-11鄰
第0755投開票所,龍潭社區活動中心,龍潭里
第0756投開票所,萬受宮(復興路736巷60號),北路里1-6、9鄰
第0757投開票所,許仁東宅(福安路280號),北路里7-8、16-19鄰
第0758投開票所,三潭國小(三),北路里10-15、20、21鄰
第0759投開票所,第二攤販市場辦公室,西路里1-16、25鄰
第0760投開票所,田中鎮公所,西路里17-24鄰
第0761投開票所,田中國小(一),東路里
第0762投開票所,田中高中,南路里
第0763投開票所,田中國小（二）,中路里1-7、13-16鄰
第0764投開票所,田中國小(三),中路里8-12、17-20鄰
第0765投開票所,梅州社區活動中心,梅州里
第0766投開票所,大安國小(一),三安里1-8鄰
第0767投開票所,大安國小(二),三安里9-16鄰
第0768投開票所,大崙社區活動中心,大崙里
第0769投開票所,舊街社區活動中心,沙崙里1-5、7、8鄰
第0770投開票所,沙崙里社區巡守隊隊部,沙崙里6、9-12鄰
第0771投開票所,新民國小(一),新民里1、14-20鄰
第0772投開票所,新民國小(二),新民里2-8、11-13鄰
第0773投開票所,新民里巡守隊(辦公室),新民里9、10、21-27鄰
第0774投開票所,三民社區活動中心,三民里1-10鄰
第0775投開票所,參天宮,三民里11-18鄰
第0776投開票所,明禮國小,三光里
第0777投開票所,大社社區活動中心,大社里
第0778投開票所,社頭國小北側教室(一),社頭村1-6鄰
第0779投開票所,社頭國小北側教室(二),社頭村7-14鄰
第0780投開票所,社頭國小北側教室(三),社頭村15-19鄰
第0781投開票所,社頭國中(一),廣興村1-5鄰
第0782投開票所,社頭國中(二),廣興村6-11鄰
第0783投開票所,社頭國中(三),廣興村12-16鄰
第0784投開票所,社頭國中(四),廣興村17-21鄰
第0785投開票所,福竹社區活動中心(社石路979號),東興村1-4鄰
第0786投開票所,社興社區活動中心(清水岩路229號),東興村5-14鄰
第0787投開票所,舊社國小(一),松竹村
第0788投開票所,舊社國小(二),舊社村1-4鄰
第0789投開票所,舊社國小(三),舊社村5-11鄰
第0790投開票所,舊社國小(四),廣福村
第0791投開票所,橋頭國小(一),橋頭村1-6鄰
第0792投開票所,橋頭國小(二),橋頭村7-14鄰
第0793投開票所,乾坤宮1樓南側,新厝村1-6鄰
第0794投開票所,乾坤宮1樓北側,新厝村7-15鄰
第0795投開票所,張厝村集會所（大圳巷9-6號）,張厝村
第0796投開票所,湳底社區活動中心,湳底村1-6鄰
第0797投開票所,慶安寺,湳底村7-11鄰
第0798投開票所,社頭國小南側教室(四),仁雅村1-4鄰
第0799投開票所,社頭國小南側教室(五),仁雅村5-8鄰
第0800投開票所,社頭國小南側教室(六),仁雅村9-11鄰
第0801投開票所,里仁社區活動中心,里仁村
第0802投開票所,美雅社區活動中心,美雅村
第0803投開票所,崙雅社區活動中心,崙雅村
第0804投開票所,清水國小,清水村
第0805投開票所,山湖村集會所,山湖村
第0806投開票所,埤斗社區活動中心,埤斗村
第0807投開票所,仁和社區活動中心,仁和村
第0808投開票所,龍和社區活動中心,平和村
第0809投開票所,協和社區活動中心1樓,協和村1-4、14-16鄰
第0810投開票所,協和社區活動中心2樓,協和村5-13鄰
第0811投開票所,仁泰社區活動中心,泰安村
第0812投開票所,朝興國小,朝興村
第0813投開票所,湳雅國小（景盛館）,龍井村
第0814投開票所,湳雅社區活動中心,湳雅村1-6鄰
第0815投開票所,湳雅國小,湳雅村7-13鄰
第0816投開票所,復興社區活動中心,復興村
第0817投開票所,十五社區活動中心,十五村
第0818投開票所,合和社區活動中心,合和村
第0819投開票所,海豐社區活動中心,上豊村
第0820投開票所,過圳社區活動中心,過圳村
第0821投開票所,五伯社區活動中心,五伯村
第0822投開票所,文化民眾活動中心,文化村
第0823投開票所,光化社區活動中心（鐵路文物展示館）,光化村
第0824投開票所,二水國小（四年級自然科教室）,聖化村
第0825投開票所,二水國小（專業對話教室）,二水村
第0826投開票所,惠民社區活動中心,惠民村
第0827投開票所,二水國小（一年丙班教室）,裕民村
第0828投開票所,大園社區活動中心,大園村
第0829投開票所,修仁社區活動中心,修仁村
第0830投開票所,合興社區活動中心,合興村
第0831投開票所,源泉社區活動中心,源泉村
第0832投開票所,倡和社區活動中心,倡和村
第0833投開票所,北斗鎮花卉產銷第一班(中寮2路52號),中寮里1-5鄰
第0834投開票所,順天宮(中寮2路86號),中寮里6-11鄰
第0835投開票所,中寮社區活動中心(中央路30巷31號),中寮里12-15鄰
第0836投開票所,北斗國中(文苑路1段136號),大道里1-3、12、13鄰
第0837投開票所,大道社區活動中心(大道路187巷17號),大道里4-11鄰
第0838投開票所,萬來國小(一)(文賢街35號),西德里1-5鄰
第0839投開票所,萬來國小(二)(文賢街35號),西德里6-10鄰
第0840投開票所,萬來國小(三)(文賢街35號),西德里11、14、17-20鄰
第0841投開票所,西德社區活動中心(舜耕路27-4號),西德里12、13、15、16鄰
第0842投開票所,螺陽國小(一)(斗苑路2段150號),西安里1-6鄰
第0843投開票所,螺陽國小(二)(斗苑路2段150號),西安里7-10鄰
第0844投開票所,北斗鎮老人文康中心(光復路216號),光復里1-13號
第0845投開票所,北斗國小(一)(文苑路1段32號),光復里14-16鄰
第0846投開票所,北斗國小(二)(文苑路1段32號),新政里
第0847投開票所,武英殿活動中心(武英巷24號),重慶里
第0848投開票所,北斗基督長老教會(元市街9號),五權里
第0849投開票所,佳新幼兒園(一)(宮前街1之16號),七星里1-10鄰
第0850投開票所,佳新幼兒園(二)(宮前街1之16號),七星里11-14鄰
第0851投開票所,寶藍宮(地政路322號),居仁里1-5鄰
第0852投開票所,居仁社區發展協會活動中心(光仁街21號),居仁里6-14鄰
第0853投開票所,螺青國小(一),東光里1-6鄰
第0854投開票所,螺青國小(二),東光里7-14鄰
第0855投開票所,天師公壇休息所(東斗路10-4號),文昌里1-6鄰
第0856投開票所,文化幼兒園(一)(光中路122巷15號),文昌里7-11鄰
第0857投開票所,文化幼兒園(二)(光中路122巷15號),文昌里12-17鄰
第0858投開票所,新中和社區活動中心(中圳路305號),中和里
第0859投開票所,玄德紫微宮(興農路2段323巷55號),新生里1-3、11、12鄰
第0860投開票所,新生社區活動中心(興農路1段537號),新生里4-10鄰
第0861投開票所,大新國小(一)(大新路556號),大新里1-6鄰
第0862投開票所,大新國小(二)(大新路556號),大新里7-9鄰
第0863投開票所,田尾社區活動中心(光復路3段538巷1號),田尾村
第0864投開票所,溪畔社區活動中心(溪畔巷157號),溪畔村
第0865投開票所,打簾社區活動中心(民生路1段245號),打簾村1-9鄰
第0866投開票所,廣善堂(民生路1段289號),打簾村10-13鄰
第0867投開票所,正義社區活動中心(中正路1段233號),正義村
第0868投開票所,老人文康中心(福德巷359號後面),北曾村1-5、13鄰
第0869投開票所,北曾村活動中心(福德巷359號),北曾村6-12鄰
第0870投開票所,南曾村活動中心(福德巷185號),南曾村
第0871投開票所,饒平社區活動中心(東平巷143號),饒平村1-5、8、13-17鄰
第0872投開票所,饒平村天乙宮(建平路1段66號),饒平村6、7、9-12、18、19鄰
第0873投開票所,豐田社區活動中心(光復路4段114號),豐田村
第0874投開票所,仁里社區守望相助隊部(中庄巷1號),仁里村1-11鄰
第0875投開票所,仁里社區活動中心(中正路2段103巷9號),仁里村12-19鄰
第0876投開票所,新厝社區活動中心(光明巷54號),新厝村
第0877投開票所,溪頂社區活動中心(三溪路1段209號),溪頂村
第0878投開票所,保證責任彰化縣花卉生產合作社(民族路2段161號),柳鳳村
第0879投開票所,陸豐社區活動中心(陸豐路48號),陸豐村
第0880投開票所,海豐社區活動中心(中正路3段271號),海豐村1-5、7-11鄰
第0881投開票所,保證責任彰化縣海豐合作農場(光榮巷151號),海豐村6、12-16鄰
第0882投開票所,睦宜社區活動中心(聖德巷162號),睦宜村
第0883投開票所,新生社區活動中心(延平路150號),新生村
第0884投開票所,北鎮社區活動中心(平和路2段151號),北鎮村
第0885投開票所,南鎮社區活動中心(平和路1段140號),南鎮村
第0886投開票所,福田社區活動中心(光復路98巷191號),福田村
第0887投開票所,新興社區活動中心(新興路280號),新興村
第0888投開票所,四武宮文康中心,和豊村1-12鄰
第0889投開票所,四武宮(埔尾路51號),和豊村13-22鄰
第0890投開票所,興農社區活動中心,興農村1-10鄰
第0891投開票所,天濟宮,興農村11-14鄰
第0892投開票所,埤頭社區活動中心,埤頭村1-8鄰
第0893投開票所,埤頭國小,埤頭村9-16鄰
第0894投開票所,豐崙國小,豊崙村1-12鄰
第0895投開票所,豐崙國小,豊崙村13-21鄰
第0896投開票所,崙子社區活動中心,崙子村
第0897投開票所,永豊社區活動中心,永豊村1-7鄰
第0898投開票所,十三甲文物館,永豊村8-16鄰
第0899投開票所,埤頭鄉立圖書館一樓,合興村1-10鄰
第0900投開票所,合興國小,合興村11-16鄰
第0901投開票所,合興國小,合興村17-21鄰
第0902投開票所,平原社區活動中心,平原村1-9鄰
第0903投開票所,達平宮廟宇辦公中心,平原村10-20鄰
第0904投開票所,崙腳社區活動中心,崙腳村
第0905投開票所,元埔社區活動中心,元埔村
第0906投開票所,芙朝社區活動中心,芙朝村1-11鄰
第0907投開票所,芙朝國小,芙朝村12-23鄰
第0908投開票所,新庄社區活動中心,新庄村
第0909投開票所,陸嘉社區活動中心,陸嘉村
第0910投開票所,竹圍社區活動中心,竹圍村
第0911投開票所,中和社區活動中心,中和村1-7鄰
第0912投開票所,中和國小,中和村8-12鄰
第0913投開票所,庄內社區活動中心,庄內村
第0914投開票所,大湖國小,大湖村
第0915投開票所,溪厝社區活動中心,溪厝村1-9鄰
第0916投開票所,僑義國小,溪厝村10-14鄰
第0917投開票所,新關懷據點(中和1巷3號),坑厝村
第0918投開票所,后天宮(東光路20號),瓦厝村
第0919投開票所,溪州國中藝文館,溪州村1-10鄰
第0920投開票所,南州國小,溪州村11-20鄰
第0921投開票所,復興宮(舊)(中通路90號),尾厝村1-4、14鄰
第0922投開票所,溪州國小,尾厝村5-13鄰
第0923投開票所,東州社區活動中心,東州村1-8鄰
第0924投開票所,育善寺(永安路226號),東州村9-15鄰
第0925投開票所,舊眉社區活動中心,舊眉村
第0926投開票所,圳寮國小（一）,圳寮村1-6鄰
第0927投開票所,圳寮國小（二）,圳寮村7-13鄰
第0928投開票所,萬聖宮(西中巷1號),西畔村1-8、15鄰
第0929投開票所,成功國小西畔分校,西畔村9-14、16鄰
第0930投開票所,愛天宮(面前巷1號),柑園村
第0931投開票所,溪陽國中,成功村1-8鄰
第0932投開票所,成功國小,成功村9-15鄰
第0933投開票所,大庄社區活動中心,大庄村1-12鄰
第0934投開票所,大莊國小,大庄村13-20鄰
第0935投開票所,榮光社區活動中心,榮光村
第0936投開票所,潮洋國小,潮洋村
第0937投開票所,張厝社區活動中心,張厝村
第0938投開票所,菜公社區活動中心,菜公村
第0939投開票所,三條國小,三條村
第0940投開票所,三千宮活動中心(三圳村莊內巷42號),三圳村
第0941投開票所,水尾村村民活動中心,水尾村
第0942投開票所,福安宮(太平路155號),豐田里1-4、13鄰
第0943投開票所,二林鎮立圖書館(一),豐田里5-10鄰
第0944投開票所,二林鎮立圖書館(二),豐田里11、12、14-16鄰
第0945投開票所,二林國小,東和里1-16鄰
第0946投開票所,東和里集會所（儒林路2段513巷33號）,東和里17-27鄰
第0947投開票所,中正國小(一),南光里1-14鄰
第0948投開票所,中正國小(二),南光里15-20鄰
第0949投開票所,中正國小(三),南光里21-27鄰
第0950投開票所,西平里民眾活動中心,西平里
第0951投開票所,二林鎮老人文康活動中心(一),北平里1-15鄰
第0952投開票所,二林鎮老人文康活動中心(二),北平里16-25鄰
第0953投開票所,代安宮,中西里1-3、8鄰
第0954投開票所,中西社區活動中心,中西里4-7、9-13鄰
第0955投開票所,廣興社區活動中心,廣興里
第0956投開票所,香田國小,香田里
第0957投開票所,外竹里社區活動中心,外竹里
第0958投開票所,興華里社區活動中心,興華里
第0959投開票所,東興里社區活動中心,東興里
第0960投開票所,廣福宮(新榮巷1號之2),後厝里1-8、14、15鄰
第0961投開票所,福德宮(五權街麥當勞後方),後厝里9-13、16-18鄰
第0962投開票所,頂厝里民眾活動中心,頂厝里1-6、12鄰
第0963投開票所,天瑤宮,頂厝里7-11鄰
第0964投開票所,圓和宮(鎮平巷1-1號),趙甲里
第0965投開票所,保安宮,振興里
第0966投開票所,萬興國小教室(一),萬興里
第0967投開票所,萬興國小教室(二),永興里1-4鄰
第0968投開票所,萬興國小教室(三),永興里5-11鄰
第0969投開票所,慈靈宮(同安巷80號之1),西庄里
第0970投開票所,梅芳里社區活動中心,梅芳里
第0971投開票所,中興國小(一),華崙里1-6、18鄰
第0972投開票所,中興國小(二),華崙里16、17、20-24鄰
第0973投開票所,鎮港宮(文明巷10號),華崙里7-15、19鄰
第0974投開票所,萬合國小,萬合里
第0975投開票所,東勢里社區活動中心,東勢里
第0976投開票所,大永里社區活動中心,大永里
第0977投開票所,原斗國小活動中心,原斗里
第0978投開票所,臺灣酒窖體驗教室,西斗里
第0979投開票所,東華里社區活動中心,東華里
第0980投開票所,復豐里社區活動中心,復豐里
第0981投開票所,山腳社區活動中心,山腳村
第0982投開票所,潭墘國小,潭墘村
第0983投開票所,大城國小(一),大城村
第0984投開票所,大城國小(二),東城村
第0985投開票所,西城社區活動中心,西城村
第0986投開票所,上山社區活動中心,上山村1-11鄰
第0987投開票所,魚寮玄天宮(魚寮路11號),上山村12-16鄰
第0988投開票所,永和社區活動中心,永和村
第0989投開票所,公館社區活動中心,公館村1-10鄰
第0990投開票所,永光國小,公館村11-20鄰
第0991投開票所,豐美社區活動中心,豐美村
第0992投開票所,三豐社區活動中心,三豐村
第0993投開票所,菜寮社區活動中心,菜寮村
第0994投開票所,西港國小,東港村
第0995投開票所,西港社區活動中心,西港村
第0996投開票所,頂庄國小,頂庄村
第0997投開票所,臺西社區活動中心,臺西村
第0998投開票所,芳苑社區活動中心,芳苑村
第0999投開票所,芳中社區活動中心,芳中村
第1000投開票所,芳苑國中,仁愛村
第1001投開票所,大將軍廟(芳新路91號),信義村
第1002投開票所,後寮國小,後寮村
第1003投開票所,三合社區活動中心(斗苑路三合段238巷86號),三合村1-4、6、8、11、12、14、15鄰
第1004投開票所,芳苑鄉立托兒所,三合村5、7、9、10、13、16鄰
第1005投開票所,復興宮(光復巷10號),永興村1-11鄰
第1006投開票所,育華國小,永興村12-22鄰
第1007投開票所,玄武宮膳宿堂(新上路1號),新街村
第1008投開票所,路上國小,路上村
第1009投開票所,路平社區活動中心,路平村
第1010投開票所,新謝祖厝(小西路5-1號),三成村
第1011投開票所,代天府(廟後巷12之1號),福榮村
第1012投開票所,頂廍社區活動中心,頂廍村
第1013投開票所,王功國小,王功村1-5鄰
第1014投開票所,王功國小,王功村6-15鄰
第1015投開票所,博愛社區活動中心,博愛村
第1016投開票所,和平社區活動中心,和平村
第1017投開票所,林姓宗祠(光正巷6號旁),興仁村1-7鄰
第1018投開票所,興仁社區活動中心,興仁村8-15鄰
第1019投開票所,民生社區活動中心,民生村
第1020投開票所,新寶國小,新寶村1-3、5、6、11-13鄰
第1021投開票所,新寶社區活動中心,新寶村4、7-10鄰
第1022投開票所,民權國小,五俊村
第1023投開票所,草湖國中,草湖村1-5、11-13鄰
第1024投開票所,順天宮(仁愛路5號旁),草湖村6-10鄰
第1025投開票所,建平社區活動中心,建平村1-4、11-14鄰
第1026投開票所,保安宮(二溪路草二段560號),建平村5-10、15鄰
第1027投開票所,崙腳社區活動中心,崙腳村
第1028投開票所,草湖國小,文津村
第1029投開票所,新生社區活動中心,新生村1-4、12-14、16鄰
第1030投開票所,建新國小,新生村5-11、15鄰
第1031投開票所,順安宮(漢崙路236號旁),漢寶村1、7、8、14-18鄰
第1032投開票所,漢寶社區活動中心,漢寶村2-6、10-13鄰
第1033投開票所,漢寶國小,漢寶村9、19-24鄰
第1034投開票所,竹塘國中禮堂,竹元村
第1035投開票所,竹塘國小活動中心,竹塘村1-11鄰
第1036投開票所,竹塘國小,竹塘村12-22鄰
第1037投開票所,小西社區活動中心,小西村
第1038投開票所,民靖社區活動中心,民靖村
第1039投開票所,五庄社區活動中心,五庄村1-9鄰
第1040投開票所,五庄社區活動中心辦公室,五庄村10-15鄰
第1041投開票所,樹腳社區活動中心,樹腳村
第1042投開票所,田頭國小,田頭村
第1043投開票所,新廣社區活動中心,新廣村
第1044投開票所,溪墘社區活動中心,溪墘村
第1045投開票所,竹林社區活動中心,竹林村
第1046投開票所,土庫國小,土庫村
第1047投開票所,內新社區活動中心,內新村
第1048投開票所,長安國小,長安村
第1049投開票所,永安社區活動中心,永安村
