投開票所編號,設置地點,詳細地址,所轄村里鄰名稱
第1投開票所,光復國小,宜蘭市泰山路60號,民族里1-4鄰、8、14-15鄰
第2投開票所,光復國小,宜蘭市泰山路60號,民族里5-7鄰、9、10、11-13鄰
第3投開票所,宜蘭高中學生活動中心,宜蘭市復興路3段8號,建軍里1-4鄰
第4投開票所,宜蘭高中學生宿舍,宜蘭市復興路3段8號,建軍里5-8鄰
第5投開票所,南屏國小,宜蘭市泰山路98號,泰山里1-6鄰
第6投開票所,南屏國小,宜蘭市泰山路98號,泰山里7-11鄰
第7投開票所,光復國小,宜蘭市泰山路60號,負郭里6-8鄰、14-16鄰
第8投開票所,南屏國小,宜蘭市泰山路98號,負郭里1、3、4、9、11-12鄰
第9投開票所,光復國小,宜蘭市泰山路60號,負郭里2、5、10、13鄰
第10投開票所,宜蘭大學,宜蘭市神農路1段1號,思源里1-4、11-12鄰
第11投開票所,培爾傑特幼兒園,宜蘭市民族路582號,思源里5-10鄰
第12投開票所,宜蘭大學,宜蘭市神農路1段1號,思源里13-16鄰
第13投開票所,諾貝爾幼兒園,宜蘭市農權路3段89號,七結里1-4鄰、10鄰
第14投開票所,思源里民眾活動中心,宜蘭市泰山路七結巷9之10號,七結里5-9鄰
第15投開票所,復興國中,宜蘭市復興路2段77號,文化里1-7鄰
第16投開票所,復興國中,宜蘭市復興路2段77號,文化里8-13鄰
第17投開票所,金六結福德廟,宜蘭市民權新路259巷42號,文化里14-16鄰
第18投開票所,篤行國宅社區互助管理委員會,宜蘭市民權新路47巷25號,復興里1-2鄰、6-9鄰
第19投開票所,蘭陽女中,宜蘭市女中路2段355號,復興里3-5鄰、10鄰
第20投開票所,宜蘭大學,宜蘭市神農路1段1號,復興里11-16鄰
第21投開票所,私立芝麻村國際幼兒園,宜蘭市中華路233號,民權里1-6鄰
第22投開票所,宜蘭市衛生所,宜蘭市復興路1段3號,民權里7-11鄰
第23投開票所,宜蘭市社會福利大樓1樓,宜蘭市民權路1段65號,神農里13-17鄰
第24投開票所,宜蘭國小,宜蘭市崇聖街2號,神農里1-5鄰
第25投開票所,宜蘭國小,宜蘭市崇聖街2號,神農里6-12鄰
第26投開票所,中山國小,宜蘭市崇聖街4號,大新里
第27投開票所,新民堂,宜蘭市新民路153號,新民里1-2、12-17鄰
第28投開票所,中山國小,宜蘭市崇聖街4號,新民里3-11鄰
第29投開票所,進士社區活動中心,宜蘭市進士路53號,進士里1-7鄰、10鄰
第30投開票所,宜蘭大學,宜蘭市神農路1段1號,進士里8-9、11-12鄰
第31投開票所,南橋社區活動中心,宜蘭市南橋路240號,南橋里
第32投開票所,凱旋社區活動中心,宜蘭市旋流路3之5號,凱旋里
第33投開票所,凱旋國小,宜蘭市凱旋路130號,南津里1-8鄰
第34投開票所,凱旋國小,宜蘭市凱旋路130號,南津里9-13鄰
第35投開票所,建業社區活動中心,宜蘭市建業路86巷57號,建業里1-5鄰
第36投開票所,凱旋國中,宜蘭市縣政七街50巷1號,建業里6-11鄰
第37投開票所,蘭陽女中,宜蘭市女中路2段355號,擺厘里1-3鄰、12鄰
第38投開票所,蘭陽女中,宜蘭市女中路2段355號,擺厘里4-6鄰、11鄰
第39投開票所,蘭陽女中,宜蘭市女中路2段355號,擺厘里7-10鄰
第40投開票所,五大社區活動中心,宜蘭市東港路2巷14弄21號,延平里1至6鄰
第41投開票所,黎明國小,宜蘭市校舍路1號,延平里7、10、14、15鄰
第42投開票所,宜蘭高商,宜蘭市延平路50號,延平里8-9、11-13、16、17鄰
第43投開票所,宜蘭高商,宜蘭市延平路50號,成功里1-6鄰
第44投開票所,宜蘭高商,宜蘭市延平路50號,成功里7-9、11鄰
第45投開票所,延平社區活動中心,宜蘭市環市東路2段890號（黎霧橋下）,成功里10、12-16鄰
第46投開票所,黎明國小,宜蘭市校舍路1號,東村里1-3鄰、6鄰
第47投開票所,黎明國小,宜蘭市校舍路1號,東村里4-5鄰、7-10鄰
第48投開票所,黎明國小,宜蘭市校舍路1號,新東里1-5鄰
第49投開票所,黎明國小,宜蘭市校舍路1號,新東里6-9鄰
第50投開票所,黎明國小,宜蘭市校舍路1號,新東里10-14鄰
第51投開票所,宜蘭市幼兒園,宜蘭市黎明二路239號,黎明里1-7鄰
第52投開票所,宜蘭市幼兒園,宜蘭市黎明二路239號,黎明里8-11鄰
第53投開票所,七張社區活動中心,宜蘭市七張路537號,七張里
第54投開票所,力行國小,宜蘭市力行路152號,孝廉里
第55投開票所,宜蘭縣政府衛生局（長照大樓）,宜蘭市聖後街141號,東門里
第56投開票所,宜蘭國中,宜蘭市樹人路37號,小東里1-5鄰
第57投開票所,宜蘭國中,宜蘭市樹人路37號,小東里6-10鄰
第58投開票所,宜蘭國中活動中心,宜蘭市樹人路37號,菜園里
第59投開票所,慈安寺,宜蘭市慈安路77號,慈安里1-4鄰
第60投開票所,慈安寺,宜蘭市慈安路77號,慈安里5-10鄰
第61投開票所,慈安寺,宜蘭市慈安路77號,中興里1-3鄰
第62投開票所,宜蘭高商,宜蘭市延平路50號,中興里4-6鄰
第63投開票所,宜蘭高商,宜蘭市延平路50號,中興里7-8鄰
第64投開票所,新生社區活動中心,宜蘭市大福路1段243號,新生里1-8鄰
第65投開票所,宜蘭農田水利會壯圍工作站,宜蘭市大福路2段185號,新生里9-15鄰
第66投開票所,新生國小,宜蘭市大坡路1段100號,茭白里1-6鄰
第67投開票所,茭白社區活動中心,宜蘭市一結路98號,茭白里7-13鄰
第68投開票所,新生帝王廟,宜蘭市北津路31之5號,北津里1-7鄰
第69投開票所,北津社區活動中心,宜蘭市金同春路231號,北津里8-13鄰
第70投開票所,梅洲社區活動中心,宜蘭市金同春路48號,梅洲里15-18鄰
第71投開票所,昭安宮（原梅洲托兒所）,宜蘭市大坡路1段305巷62號,梅洲里6-12、14鄰
第72投開票所,慈航宮管理委員會,宜蘭市金同春路67號,梅洲里1-5、13鄰
第73投開票所,蘭陽林姓興德會（林姓家廟）,宜蘭市南興街22號,南門里1-3鄰、8-10鄰
第74投開票所,文昌宮,宜蘭市文昌路66號,南門里4-7鄰、11-13鄰
第75投開票所,武穆文史館,宜蘭市城隍街56號,中山里
第76投開票所,西關廟,宜蘭市舊城西路29號,西門里8-12鄰
第77投開票所,光明寺,宜蘭市西門路91號,西門里1-7鄰
第78投開票所,慶和社區活動中心,宜蘭市碧霞街136號,北門里
第79投開票所,羅東國小,羅東鎮民族路1號,開明里1-13鄰
第80投開票所,羅東國小,羅東鎮民族路1號,開明里14-26鄰
第81投開票所,義消聯誼會（舊消防隊）,羅東鎮中正路128號,大新里
第82投開票所,東安社區活動中心,羅東鎮天祥路171號,東安里2-4鄰、7-9鄰、11鄰、13至18鄰、21鄰
第83投開票所,羅東獅子會館,羅東鎮天祥路360號,東安里1鄰、19鄰、23-26鄰、28-29鄰
第84投開票所,愛貝爾幼兒園,羅東鎮陽明路158號,東安里5-6鄰、10、12、20、22鄰、27鄰
第85投開票所,新群社區活動中心,羅東鎮月眉路300號,新群里1-7鄰、14-15鄰
第86投開票所,救安宮,羅東鎮中山路1段460號,新群里8-13鄰、16-17鄰
第87投開票所,羅莊社區活動中心,羅東鎮羅莊街357號,羅莊里1-10鄰
第88投開票所,小甜甜幼兒園,羅東鎮南宜二路16號,羅莊里11-22鄰
第89投開票所,"第三號公園管理站（南昌社區活動中心）",羅東鎮站前南路1號,南昌里10、12、14鄰、17-23鄰
第90投開票所,羅東國小,羅東鎮民族路1號,南昌里1-9鄰、11、13、15、16鄰
第91投開票所,"成功國小（大禮堂）",羅東鎮興東南路100號,南豪里
第92投開票所,南豪社區活動中心,羅東鎮體育路40號,成功里
第93投開票所,仁德社區活動中心,羅東鎮忠義巷92之1號,仁德里
第94投開票所,震安宮（香客大樓1樓）,羅東鎮中正街22號,仁和里
第95投開票所,扶輪兒童美語圖書館,羅東鎮民權路110號,中山里
第96投開票所,聖安宮,羅東鎮忠孝路48號,漢民里3-6鄰、8鄰、20-22鄰、25、26、32鄰
第97投開票所,孔子廟,羅東鎮北成路1段26號,漢民里2、10鄰、18鄰、23鄰、27-31鄰、33鄰
第98投開票所,漢民社區活動中心,羅東鎮純精路1段219號,漢民里1、7、9鄰、11-17鄰、19、24、34鄰
第99投開票所,慶昌宮（原鎮立托兒所西安分所）,羅東鎮西寧路66號,維揚里1-7鄰、9鄰
第100投開票所,爐源寺,羅東鎮維揚路55巷16號,維揚里12-14鄰、18-19鄰、20鄰、24鄰
第101投開票所,羅東鎮立養護所,羅東鎮維揚路132號,維揚里8鄰、10-11鄰、15-17鄰、21-23鄰
第102投開票所,維安社區活動中心,羅東鎮西安街468號,西安里1-5鄰、7-8鄰、12、19鄰
第103投開票所,羅東鎮農會（三館）,羅東鎮純精路1段109號,西安里6、9-11鄰、13-18鄰
第104投開票所,興安宮辦公室,羅東鎮北成路2段38號,北成里10-11鄰、13-,17鄰
第105投開票所,永福宮,羅東鎮北投街62巷65號,北成里2-3鄰、6-7鄰、18鄰
第106投開票所,北成國小,羅東鎮北成路1段125號,北成里1鄰、4-5鄰、8-9鄰、12鄰
第107投開票所,北成國小,羅東鎮北成路1段125號,國華里3-9鄰
第108投開票所,國華國中,羅東鎮國華街101號,國華里2鄰、10-17鄰
第109投開票所,國華國中,羅東鎮國華街101號,國華里1鄰、18-23鄰
第110投開票所,國華國中,羅東鎮國華街101號,國華里24-29鄰
第111投開票所,國華國中,羅東鎮國華街101號,賢文里15-17鄰、21-24鄰、27、30-31鄰、37-41鄰
第112投開票所,羅東鎮衛生所,羅東鎮民生路79號,賢文里1-10鄰、29、32鄰
第113投開票所,公正國小,羅東鎮公正路199號,賢文里11-14鄰、18-20鄰、25-26鄰、28鄰、33-36鄰
第114投開票所,公正國小,羅東鎮公正路199號,公正里1-14鄰
第115投開票所,公正國小,羅東鎮公正路199號,公正里15-26鄰
第116投開票所,羅東鎮老人會,羅東鎮公園路113號,集祥里
第117投開票所,"第一號公園管理站（信義社區活動中心）",羅東鎮中華路189號,信義里4鄰、6鄰、9-13鄰、15-16鄰、21-23鄰、26鄰
第118投開票所,羅東國中,羅東鎮中華路99號,信義里1、7、8、14、17、18鄰
第119投開票所,羅東國中,羅東鎮中華路99號,信義里2、3、5、19、20、24、25鄰
第120投開票所,"第五號公園管理站（樹林社區活動中心）",羅東鎮文林路130號,樹林里6-13鄰、22鄰
第121投開票所,羅東高中,羅東鎮公正路324號,樹林里1-5鄰、20-21鄰
第122投開票所,羅東高中,羅東鎮公正路324號,樹林里14-19鄰
第123投開票所,竹林國小,羅東鎮復興路2段128號,竹林里1-7鄰
第124投開票所,竹林國小,羅東鎮復興路2段128號,竹林里8-13鄰、24-27鄰
第125投開票所,竹林國小,羅東鎮復興路2段128號,竹林里14-23鄰
第126投開票所,"羅東鎮立圖書館仁愛圖書室",羅東鎮復興路3段159號,仁愛里1、10鄰、12-15鄰、20-21鄰
第127投開票所,仁愛社區活動中心,羅東鎮復興路3段577號,仁愛里2-7鄰、19鄰
第128投開票所,羅東鎮立幼兒園,羅東鎮復興路3段579號,仁愛里8-9鄰、11鄰、16-18鄰
第129投開票所,龍德社區新活動中心,蘇澳鎮龍德里福德路177巷27號,龍德里8-17鄰、26-27鄰
第130投開票所,龍德社區舊活動中心,蘇澳鎮龍德里福德路150號,龍德里18-25鄰
第131投開票所,頂寮文教活動中心,蘇澳鎮頂寮里頂寮路2號,龍德里1-7鄰
第132投開票所,頂寮社區活動中心,蘇澳鎮頂寮里頂寮路20巷1號,頂寮里
第133投開票所,建安廟,蘇澳鎮永榮里永愛路250號,永榮里10-11鄰、13-14鄰、24-,26鄰
第134投開票所,永榮社區活動中心,蘇澳鎮永榮里和平路,51號,永榮里12鄰、15-22鄰
第135投開票所,聖安宮,蘇澳鎮永榮里大同南巷5號,永榮里1-9鄰、23鄰
第136投開票所,存仁社區活動中心,蘇澳鎮存仁里存仁路199之1號（功勞埔）,存仁里1-8鄰
第137投開票所,大玄廟活動中心,蘇澳鎮存仁里大成路49之1號（大坑罟）,存仁里9-14鄰
第138投開票所,永安宮生活館,蘇澳鎮港邊里嶺腳路88之1號,港邊里1-11鄰
第139投開票所,港口集會所,蘇澳鎮港邊里港口路14號,港邊里12-15鄰
第140投開票所,社福大樓,蘇澳鎮隘丁里隘丁路36號,隘丁里5、9、14、15鄰
第141投開票所,隘丁社區活動中心,蘇澳鎮隘丁里城中路40號,隘丁里6-8鄰、10-13鄰
第142投開票所,保安廟活動中心,蘇澳鎮隘丁里城南路22號,隘丁里1-4鄰、16-18鄰
第143投開票所,慶安廟活動中心,蘇澳鎮新城里慶安路1號,新城里
第144投開票所,蘇澳國小活動中心之國樂教室,蘇澳鎮蘇西里中山路1段366號,聖愛里1-8鄰
第145投開票所,蘇澳國中體育館前段,蘇澳鎮聖湖里中山路2段1號,聖愛里15-19鄰
第146投開票所,蘇澳國中體育館後段,蘇澳鎮聖湖里中山路2段1號,聖愛里9-12鄰、13-14鄰、20-21鄰
第147投開票所,周爺廟,蘇澳鎮聖湖里志成路115巷101號,聖湖里1-3鄰、8-13鄰
第148投開票所,聖湖社區活動中心,蘇澳鎮聖湖里全祿街10號,聖湖里4-7鄰、14-17鄰
第149投開票所,寶山寺,蘇澳鎮蘇西里中原路25號（後門-華中街）,蘇西里1-12鄰、17-18鄰
第150投開票所,蘇澳福德宮,蘇澳鎮蘇西里中山路1段198-16號,蘇西里13-16鄰、19-21鄰
第151投開票所,蘇西社區活動中心,蘇澳鎮蘇西里志成路62號,蘇西里22-33鄰
第152投開票所,蘇北社區活動中心,蘇澳鎮蘇北里新生路8號,蘇北里
第153投開票所,蘇南社區活動中心,蘇澳鎮蘇南里光復路27巷4號,蘇南里
第154投開票所,蘇東社區活動中心,蘇澳鎮蘇東里蘇花路5段101巷1號,蘇東里
第155投開票所,長安社區活動中心,蘇澳鎮長安里勝利路1號,長安里
第156投開票所,永光社區活動中心,蘇澳鎮永光里蘇港路85號,永光里
第157投開票所,永春社區活動中心,蘇澳鎮永春里永春路134巷11之1號,永春里
第158投開票所,永樂社區活動中心,蘇澳鎮永樂里永樂路116巷6號,永樂里
第159投開票所,鎮安廟餐廳,蘇澳鎮南安里海邊路77號,南安里
第160投開票所,宜蘭縣蘇澳鎮南方澳老人會,蘇澳鎮南正里江夏路15號,南正里
第161投開票所,南成社區活動中心,蘇澳鎮南成里民生路15號,南成里
第162投開票所,南興社區活動中心,蘇澳鎮南興里華山五巷16之2號,南興里1-7鄰
第163投開票所,南光寺,蘇澳鎮南興里華山七巷14號,南興里8-15鄰
第164投開票所,南寧社區活動中心,蘇澳鎮南寧里南新路9號,南寧里
第165投開票所,昭安社區活動中心,蘇澳鎮南建里內埤路117之2號,南建里1-2鄰、5、6、11、12鄰
第166投開票所,南安國中104教室（工具教室）,蘇澳鎮南建里學府路117號,南建里3-4鄰、7-10鄰
第167投開票所,東澳社區活動中心,蘇澳鎮東澳里東澳路103號,東澳里
第168投開票所,南強社區活動中心,蘇澳鎮南強里南澳路2之6號,南強里
第169投開票所,朝陽社區活動中心,蘇澳鎮朝陽里朝陽路40號,朝陽里5至13鄰
第170投開票所,海岸社區活動中心,蘇澳鎮朝陽里海岸路69號,朝陽里1-4鄰
第171投開票所,石城社區活動中心,頭城鎮石城里石城路40之8號,石城里
第172投開票所,大里社區活動中心,頭城鎮大里里濱海路6段251號,大里里
第173投開票所,龜山島社區活動中心,頭城鎮龜山里龜山路221號,龜山里
第174投開票所,大溪社區活動中心,頭城鎮大溪里濱海路5段249號,大溪里
第175投開票所,合興社區活動中心,頭城鎮合興里合興路94之1號,合興里
第176投開票所,梗枋國民小學,頭城鎮更新里更新路59號,更新里1-6鄰
第177投開票所,更新里漁民多功能活動中心,頭城鎮更新里濱海路3段93號,更新里7-12鄰
第178投開票所,外澳社區活動中心,頭城鎮外澳里濱海路2段212號,外澳里
第179投開票所,港口社區活動中心,頭城鎮港口里港口路60之3號,港口里
第180投開票所,武營社區活動中心,頭城鎮武營里開蘭路224號,武營里1-5鄰、11-12鄰、14-15鄰
第181投開票所,開蘭長青集會所,頭城鎮武營里武營路16-8號,武營里6-10鄰、13鄰
第182投開票所,大坑社區活動中心,頭城鎮大坑里協天路602號,大坑里1-5鄰
第183投開票所,協天宮香客大樓,頭城鎮大坑里協天路636巷36號,大坑里6-10鄰
第184投開票所,城東社區活動中心,頭城鎮城東里開蘭舊路6號,城東里
第185投開票所,慶安堂,頭城鎮城北里西四巷5號,城北里
第186投開票所,"頭城鎮長壽老人會（喚醒堂旁）",頭城鎮城西里纘祥路39號,城西里
第187投開票所,舊鎮立圖書館,頭城鎮城南里青雲路3段126號,城南里
第188投開票所,竹安社區活動中心,頭城鎮竹安里頭濱路1段466號,竹安里1-10鄰
第189投開票所,泰安廟,頭城鎮竹安里頭濱路2段426號,竹安里11-20鄰
第190投開票所,"開成寺聯誼中心城隍廟",頭城鎮吉祥路1號,新建里1-7鄰
第191投開票所,新建社區活動中心,頭城鎮新建里新興路234之1號,新建里8-15鄰
第192投開票所,拔雅社區活動中心,頭城鎮拔雅里復興路12巷2號,拔雅里1-7鄰
第193投開票所,頭城國中,頭城鎮拔雅里復興路145號,拔雅里8-11鄰
第194投開票所,福成社區活動中心,頭城鎮福成里宜三路2段378號,福成里
第195投開票所,頭城鎮長青文康活動中心,頭城鎮金面里金面路200之5號,金面里1-6鄰
第196投開票所,金面協天廟會議廳,頭城鎮金面里金面路354之6號,金面里7-16鄰
第197投開票所,金盈社區活動中心,頭城鎮金盈里金盈路39號,金盈里
第198投開票所,順天府池府王爺廟（聯誼廳）,頭城鎮頂埔里頂埔路一段250號,頂埔里1-4鄰
第199投開票所,頂埔社區活動中心,頭城鎮頂埔里頂埔路2段116號,頂埔里5-10鄰
第200投開票所,下埔社區活動中心,頭城鎮下埔里下埔路48之3號,下埔里
第201投開票所,中崙社區活動中心,頭城鎮中崙里中崙路31號,中崙里
第202投開票所,"二城社區活動中心（二城派出所旁）",頭城鎮二城里青雲路1段143號,二城里
第203投開票所,白雲社區活動中心,礁溪鄉白雲村白雲一路61號,白雲村1-9鄰
第204投開票所,集惠廟,礁溪鄉白雲村白雲一路51號,白雲村10-17鄰
第205投開票所,礁溪鄉老人文康中心,礁溪鄉玉石村公園路2號,玉石村1-7鄰
第206投開票所,玉石社區活動中心,礁溪鄉玉石村公園路2號,玉石村8-16鄰
第207投開票所,德陽宮（弘道大樓一樓）,礁溪鄉德陽村中山路2段133號,德陽村1-9鄰
第208投開票所,德陽社區活動中心,礁溪鄉德陽村成功路32之3號,德陽村10-13鄰、,24-31鄰
第209投開票所,聖德宮（奇立丹）,礁溪鄉德陽村奇立丹路72巷18號,德陽村14-23鄰
第210投開票所,礁溪國小,礁溪鄉大忠村礁溪路4段135號,大忠村7-10鄰
第211投開票所,礁溪國小,礁溪鄉大忠村礁溪路4段135號,大忠村13-17鄰
第212投開票所,礁溪國中,礁溪鄉大忠村礁溪路4段23號,大忠村1-6鄰、11-12鄰
第213投開票所,礁溪市場一樓,礁溪鄉大義村中山路1段114號,大義村
第214投開票所,六結社區活動中心,礁溪鄉六結村六結路69號,六結村1-2鄰、10-13鄰
第215投開票所,礁溪天主堂幼稚園教室,礁溪鄉六結村中山路2段69號,六結村3-9鄰
第216投開票所,二龍社區活動中心,礁溪鄉二龍村淇武蘭路110號,二龍村
第217投開票所,時潮社區活動中心,礁溪鄉時潮村塭底路54之1號,時潮村1-10鄰
第218投開票所,舊時潮社區活動中心,礁溪鄉時潮村大塭路47-4號,時潮村11-16鄰
第219投開票所,玉田國小,礁溪鄉玉田村茅埔路24號,玉田村1-10鄰
第220投開票所,玉田社區活動中心,礁溪鄉玉田村玉龍路1段479巷6號,玉田村11-20鄰
第221投開票所,三民社區活動中心,礁溪鄉三民村十六結路101之1號,三民村1-9鄰
第222投開票所,三民國小,礁溪鄉三民村十六結路100號,三民村10鄰
第223投開票所,三民國小,礁溪鄉三民村十六結路100號,三民村11-23鄰
第224投開票所,林美村民眾活動中心,礁溪鄉林美村林尾路66之1號,林美村
第225投開票所,白鵝社區活動中心,礁溪鄉白鵝村柴圍路30號,白鵝村
第226投開票所,玉光社區活動中心,礁溪鄉玉光村瑪僯路76號,玉光村
第227投開票所,光武社區舊活動中心,礁溪鄉光武村武暖路150之3號,光武村
第228投開票所,四結國小,礁溪鄉吳沙村育英路46號,吳沙村1-12鄰
第229投開票所,吳沙社區活動中心,礁溪鄉吳沙村開蘭路110號,吳沙村13-27鄰
第230投開票所,（新）龍潭社區活動中心,礁溪鄉龍潭村大坡路90巷18號,龍潭村1-5鄰
第231投開票所,龍潭國小,礁溪鄉龍潭村育龍路71號,龍潭村6-11鄰
第232投開票所,（舊）龍潭社區活動中心,礁溪鄉龍潭村三皇路4號,龍潭村12-18鄰
第233投開票所,匏崙社區活動中心,礁溪鄉匏崙村匏杓崙路6之1號,匏崙村
第234投開票所,二結社區活動中心,礁溪鄉二結村二結路54之1號,二結村
第235投開票所,壯圍國小,壯圍鄉吉祥村壯五路55號,吉祥村1-9鄰
第236投開票所,壯圍國小,壯圍鄉吉祥村壯五路55號,吉祥村10-18鄰
第237投開票所,古結社區活動中心,壯圍鄉古結村古結路237號,古結村
第238投開票所,美福協天廟活動中心,壯圍鄉美福村中央路1段263巷70號旁,美福村3-9鄰、15-16鄰
第239投開票所,美福社區活動中心,壯圍鄉美福村美福路51之3號,美福村1-2鄰、10-14鄰
第240投開票所,新南社區活動中心,壯圍鄉新南村美福路7號,新南村
第241投開票所,廍後社區活動中心,壯圍鄉東港村廍後路仁愛新村50號,東港村
第242投開票所,公館國小,壯圍鄉復興村紅葉路69號,復興村1-8鄰
第243投開票所,公館國小,壯圍鄉復興村紅葉路69號,復興村9-20鄰
第244投開票所,過嶺國小,壯圍鄉過嶺村壯濱路3段261號,過嶺村1-7鄰
第245投開票所,過嶺國小,壯圍鄉過嶺村壯濱路3段261號,過嶺村8-18鄰
第246投開票所,永鎮濱海育樂中心,壯圍鄉永鎮村壯濱路4段375號,永鎮村
第247投開票所,壯六社區活動中心,壯圍鄉忠孝村壯六路47號,忠孝村1-10鄰
第248投開票所,順和社區活動中心,壯圍鄉忠孝村順和路47之4號,忠孝村11-17鄰
第249投開票所,順和社區藝文教室,壯圍鄉忠孝村順和路48之1號,忠孝村18-22鄰
第250投開票所,古亭國小,壯圍鄉古亭村古亭路81號,古亭村1-8鄰
第251投開票所,古亭國小,壯圍鄉古亭村古亭路81號,古亭村9-14鄰
第252投開票所,功勞社區活動中心,壯圍鄉功勞村美功路1段80巷21號,功勞村
第253投開票所,美城社區活動中心,壯圍鄉美城村永美路2段121號,美城村1-10鄰
第254投開票所,美城社區活動中心,壯圍鄉美城村永美路2段121號,美城村11-21鄰
第255投開票所,新社社區活動中心,壯圍鄉新社村新社路54之3號,新社村
第256投開票所,大福國小,壯圍鄉大福村大福路1段62巷26號,大福村1-8鄰
第257投開票所,大福國小,壯圍鄉大福村大福路1段62巷26號,大福村9-15鄰
第258投開票所,玄開廟,員山鄉員山村員山路一段100巷9弄7號,員山村1-6鄰、35-36鄰
第259投開票所,員山社區活動中心,員山鄉員山村慈惠路95號,員山村7-11鄰
第260投開票所,員山國小,員山鄉員山村復興路39號,員山村12-18鄰
第261投開票所,員山國小,員山鄉員山村復興路39號,員山村19-29鄰
第262投開票所,員山國小,員山鄉員山村復興路39號,員山村30-34鄰、37-42鄰
第263投開票所,財團法人大三鬮慈惠寺,員山鄉尚德村賢德路2段299號,尚德村1-13鄰
第264投開票所,尚德社區活動中心,員山鄉尚德村三鬮路35巷13號,尚德村14-30鄰
第265投開票所,惠好社區活動中心,員山鄉惠好村賢德路2段66巷50號,惠好村1-10鄰
第266投開票所,福興廟,員山鄉惠好村賢德路2段66巷50號,惠好村11-17鄰
第267投開票所,七賢村民眾活動中心,員山鄉七賢村賢德路1段61巷25號,七賢村
第268投開票所,深溝國小活動中心,員山鄉深溝村惠民路266號,深溝村1-7鄰
第269投開票所,深溝村集會所（保民廟旁）,員山鄉深溝村深洲一路37巷7號,深溝村8-17鄰
第270投開票所,蓁巷社區活動中心,員山鄉蓁巷村成功路45號,蓁巷村
第271投開票所,內城社區活動中心,員山鄉內城村榮光路321號,內城村1-11鄰
第272投開票所,內城國小,員山鄉內城村內城路486號,內城村12-16鄰
第273投開票所,內城國小化育分校,員山鄉中華村員山路3段256號,中華村1-11鄰
第274投開票所,北區職業訓練中心宜蘭分部敬業樓,員山鄉中華村員山路3段500巷1號,中華村12-15鄰
第275投開票所,永和社區活動中心,員山鄉永和村温泉路62之1號,永和村1-13鄰
第276投開票所,永廣廟,員山鄉永和村永廣路22號,永和村14-21鄰
第277投開票所,頭分社區活動中心,員山鄉頭分村永同路2段186之1號,頭分村
第278投開票所,枕山社區活動中心,員山鄉枕山村枕山路43之1號,枕山村1-5鄰、14-15鄰
第279投開票所,慶安廟,員山鄉枕山村枕山路61號,枕山村6-13鄰
第280投開票所,湖山國小,員山鄉枕山村坡城路54號,枕山村16-23鄰
第281投開票所,同樂社區活動中心,員山鄉同樂村同新路182號,同樂村1-14鄰
第282投開票所,同樂國小,員山鄉同樂村新城路84之4號,同樂村15-22鄰
第283投開票所,同樂國小,員山鄉同樂村新城路84之4號,同樂村23-33鄰
第284投開票所,湖東社區活動中心,員山鄉湖東村茄苳路68之2號,湖東村
第285投開票所,逸仙社區活動中心,員山鄉逸仙村大湖十六路181巷2號,逸仙村
第286投開票所,湖北社區活動中心,員山鄉湖北村大湖路49-2號,湖北村
第287投開票所,雙湖社區活動中心,員山鄉湖西村隘界路100之8號,湖西村1-12鄰
第288投開票所,雙湖社區守望相助隊,員山鄉湖西村隘界103之11號,湖西村13-29鄰
第289投開票所,珍珠村集會所,冬山鄉珍珠村幸福二路73號,珍珠村7-12鄰
第290投開票所,進興宮,冬山鄉珍珠村富農路1段383巷35號,珍珠村1-6鄰
第291投開票所,補城社區活動中心,冬山鄉補城村建進二路29號,補城村
第292投開票所,三奇社區活動中心,冬山鄉三奇村成興路810號,三奇村
第293投開票所,蘭陽大興振安宮活動中心,冬山鄉大興村振安路5號,大興村
第294投開票所,東城社區活動中心,冬山鄉東城村東城路280號,東城村
第295投開票所,舊鄉立托兒所香和分班教室,冬山鄉香和村香和路138巷24號,香和村1-5鄰、9-10鄰、18-19.鄰
第296投開票所,香和社區活動中心,冬山鄉香和村香南路33號,香和村6-8鄰、11-17鄰、20鄰
第297投開票所,冬山鄉(舊)公所,冬山鄉南興村冬山路100之1號,南興村1-13鄰
第298投開票所,南興社區活動中心（新）,冬山鄉南興村冬山路98之2號,南興村14-21鄰
第299投開票所,安平社區活動中心,冬山鄉安平村安平路23號,安平村
第300投開票所,冬山社區活動中心,冬山鄉冬山村中正路20號,冬山村
第301投開票所,太和社區活動中心,冬山鄉太和村太和路238號,太和村
第302投開票所,八寶社區老人休閒多功能活動中心,冬山鄉八寶村八寶路29號,八寶村
第303投開票所,丸山社區活動中心,冬山鄉丸山村港尾路98號,丸山村
第304投開票所,中山社區活動中心,冬山鄉中山村中山路260號,中山村
第305投開票所,順安國小教室,冬山鄉順安村永興路2段17號,順安村1-13鄰
第306投開票所,順安國小教室,冬山鄉順安村永興路2段17號,順安村14-22鄰
第307投開票所,順安國小教室,冬山鄉順安村永興路2段17號,順安村23-33鄰
第308投開票所,順安國小教室,冬山鄉順安村永興路2段17號,順安村34-40鄰
第309投開票所,永美鎮安宮右廂會議室,冬山鄉永美村永興路1段188號,永美村1-10鄰
第310投開票所,永美社區活動中心,冬山鄉永美村永興路1段189號,永美村11-22鄰
第311投開票所,武淵國小(武淵堂),冬山鄉武淵村富農路2段350號,武淵村
第312投開票所,鄉立幼兒園群英分班,冬山鄉群英村富英路158號,群英村1-8鄰、11-14鄰、26-29鄰
第313投開票所,舊群英社區托兒所(昭靈宮即九分帝君廟旁),冬山鄉群英村冬山路5段160號,群英村9-10鄰、15-25鄰、30-36鄰
第314投開票所,昭靈宮後方停車場,冬山鄉群英村冬山路5段162號,群英村43-44鄰、47-48鄰、61-71鄰
第315投開票所,群英社區活動中心,冬山鄉群英村冬山路5段51號,群英村37-40鄰、41-42鄰、45、46鄰、49-60鄰
第316投開票所,清溝國小教室,冬山鄉清溝村永清路369號,清溝村1-10鄰、31-33鄰
第317投開票所,清溝社區活動中心,冬山鄉清溝村光明路51號,清溝村11-20鄰
第318投開票所,清溝社區發展協會,冬山鄉清溝村清溝路50號,清溝村21-30鄰
第319投開票所,鹿埔社區活動中心,冬山鄉鹿埔村鹿埔路488號,鹿埔村1-9鄰
第320投開票所,冬山鄉立老人文康活動中心,冬山鄉鹿埔村鹿埔路490號,鹿埔村10-20鄰
第321投開票所,梅花社區活動中心二樓,冬山鄉得安村下湖路398號,得安村
第322投開票所,廣興社區活動中心,冬山鄉廣興村永興路2段916號,廣興村1-11鄰
第323投開票所,廣興村集會所,冬山鄉廣興村永興路2段921號,廣興村12-22鄰
第324投開票所,廣安社區活動中心,冬山鄉廣安村廣安路195號,廣安村6-12鄰
第325投開票所,廣安福德宮旁廣場,冬山鄉廣安村水井一路97號,廣安村1-5鄰、13鄰
第326投開票所,柯林社區活動中心,冬山鄉柯林村光華路209號,柯林村
第327投開票所,大進進安宮,冬山鄉大進村大進九路58號,大進村
第328投開票所,三興村集會所（開基灶君廟省民堂）,",五結鄉三興村三興東路89號",三興村1-10鄰、13-14鄰
第329投開票所,三興社區活動中心,五結鄉三興村三結五路188號,三興村11、12鄰、15-25鄰
第330投開票所,學進國小大禮堂,五結鄉二結村中正路3段151號,二結村1-9鄰
第331投開票所,二結社區活動中心,五結鄉二結村中正路3段151號,二結村10-17鄰
第332投開票所,鎮安社區臨時活動中心,五結鄉鎮安村舊街一路139巷6號前,鎮安村10-18鄰
第333投開票所,"象集團一樓辦公室（二結福德廟旁）",五結鄉鎮安村舊街一路158號,鎮安村1-9鄰
第334投開票所,興中國中(涵英樓),五結鄉上四村中正東路50號,上四村1-11鄰
第335投開票所,上四社區發展協會老人活動中心(萬應廟後),五結鄉上四村福德路97號,上四村12-19鄰
第336投開票所,宜蘭縣家畜肉類商業同業公會,五結鄉中興村中興路2段260號,中興村
第337投開票所,中興國小教室,五結鄉四結村中興路3段67號,四結村1-11鄰
第338投開票所,中興國小中正堂,五結鄉四結村中興路3段67號,四結村12-20鄰
第339投開票所,正勉堂（掃笏廟）一樓,五結鄉福興村興盛北路182巷16號,福興村1-8鄰
第340投開票所,福興社區活動中心(正勉堂旁),五結鄉福興村興盛北路182巷16號,福興村9-20鄰
第341投開票所,五結奠安宮,五結鄉五結村新生路20號,五結村1-9鄰
第342投開票所,五結國小五育館,五結鄉五結村五結中路2段88號,五結村10-19鄰
第343投開票所,五結國小教室,五結鄉五結村五結中路2段88號,五結村20-29鄰
第344投開票所,協和社區活動中心,五結鄉協和村五結路2段199號,協和村1-9鄰
第345投開票所,福安宮〈香客休息室〉,五結鄉協和村五結中路1段35號,協和村10-21鄰
第346投開票所,五結國中五動館,五結鄉大吉村大吉五路58號,大吉村1-9鄰
第347投開票所,大吉社區活動中心,五結鄉大吉村大吉五路181巷16號,大吉村10-16鄰、26鄰
第348投開票所,大吉社區三吉老人活動中心,五結鄉大吉村三吉中路129號,大吉村17-25鄰
第349投開票所,孝威社區活動中心,五結鄉孝威村孝威路326號,孝威村
第350投開票所,錦草活動中心(茅仔寮保安宮廟後),五結鄉錦眾村錦草路37-1號,錦眾村1~12鄰
第351投開票所,"錦眾民眾活動中心(大眾帝爺廟後)",五結鄉錦眾村大眾路80之2號,錦眾村13-24鄰
第352投開票所,利澤社區活動中心,五結鄉利澤村下福路156號,利澤村6-16鄰、19鄰
第353投開票所,下福集會所(下福福德廟後),五結鄉利澤村利成路2段217號,利澤村1-5鄰、17、18、20、21鄰
第354投開票所,五結鄉成興村老人福利中心,五結鄉成興村利成路1段185號,成興村1-6鄰、8-12鄰
第355投開票所,利澤國小,五結鄉成興村利寶路101號,成興村7鄰、13-24鄰
第356投開票所,季新社區活動中心,五結鄉季新村季水路北巷6之1號,季新村1-3鄰、9-15鄰
第357投開票所,祈安宮一樓,五結鄉季新村季水路51號,季新村4-8鄰、27-32鄰
第358投開票所,新店集會所,五結鄉季新村新店路99號,季新村16-26鄰
第359投開票所,員山民眾活動中心,三星鄉員山村泰雅一路203巷清水66號,員山村
第360投開票所,福山寺福濟堂,天福村福山街117號,天山村
第361投開票所,天送埤社區活動中心,三星鄉天山村福山街30之1號,天福村
第362投開票所,萬德社區活動中心,三星鄉萬德村楓林九路61號,萬德村
第363投開票所,貴林民眾活動中心,三星鄉貴林村照林路3段337號,貴林村
第364投開票所,萬富社區活動中心,三星鄉萬富村萬富五路300號,萬富村
第365投開票所,雙義社區活動中心,三星鄉雙賢村三星路6段2巷22號,雙賢村
第366投開票所,人和社區活動中心,三星鄉人和村和平路10之1號,人和村
第367投開票所,三星國小禮堂,三星鄉義德村三星路5段86號,義德村
第368投開票所,三星社區活動中心,三星鄉集慶村成功路67之8號,集慶村
第369投開票所,鎮安宮社教館,三星鄉月眉村三星路4段416號,月眉村
第370投開票所,拱照社區活動中心,三星鄉拱照村大湖路35之6號,拱照村
第371投開票所,行健社區活動中心,三星鄉行健村行健三路2段13號,行健村
第372投開票所,大隱社區活動中心,三星鄉大隱村三星路1段533巷48號,大隱村1-9鄰
第373投開票所,大隱國小活動中心,三星鄉大隱村大隱中路347號,大隱村10-19鄰
第374投開票所,昭靈宮文教館,三星鄉大隱村大隱八路377號,大隱村20-28鄰
第375投開票所,大義社區活動中心,三星鄉大義村上將路3段375巷31號,大義村
第376投開票所,尚武社區活動中心,三星鄉尚武村中興路一段125號,尚武村
第377投開票所,大洲多功能建築館,三星鄉大洲村五分路2段180號,大洲村1-6鄰
第378投開票所,大洲社區活動中心,三星鄉大洲村大洲原路17號,大洲村7-17鄰
第379投開票所,尾塹社區活動中心,三星鄉尾塹村上將路1段249巷30號,尾塹村
第380投開票所,寒溪社區活動中心,大同鄉寒溪村6鄰寒溪巷5號,寒溪村
第381投開票所,崙埤社區活動中心,大同鄉崙埤村朝陽10之8號,崙埤村
第382投開票所,松羅社區活動中心,大同鄉松羅村松羅南巷81之10號,松羅村
第383投開票所,復興社區活動中心,大同鄉復興村泰雅一路61巷5號,復興村
第384投開票所,四季國小英士分校,大同鄉英士村梵梵100號,英士村
第385投開票所,樂水社區活動中心,大同鄉樂水村碼崙路46號,樂水村
第386投開票所,大同國中,大同鄉泰雅路4段35號,太平村
第387投開票所,茂安社區活動中心,大同鄉茂安村泰雅路5段66號,茂安村
第388投開票所,四季社區活動中心,大同鄉四季村和勳巷2號,四季村
第389投開票所,南山社區活動中心,大同鄉南山村埤南巷9之1號,南山村
第390投開票所,東澳國民小學,南澳鄉東岳村蘇花路3段209號,東岳村
第391投開票所,南澳國民小學,南澳鄉南澳村中正路15號,南澳村
第392投開票所,碧候國民小學,南澳鄉碧候村碧候路自覺巷38號,碧候村
第393投開票所,金岳國民小學,南澳鄉金岳村金岳路2號,金岳村
第394投開票所,武塔社區活動中心,南澳鄉武塔村新溪路温泉巷7之1號,武塔村
第395投開票所,金洋國民小學,南澳鄉金洋村金洋路11號,金洋村
第396投開票所,澳花國民小學,南澳鄉澳花村中央路19號,澳花村
