103年屏東縣地方公職人員選舉投開票所設置地點,,,,
投開票所編號,投開票所名稱,投開票所地址,所屬村里,所屬鄰別
屏東市,,,,
1,中正國小教室,屏東縣屏東市蘇州街７５號,端正里,全里
2,中正國小教室,屏東縣屏東市蘇州街７５號,武廟里,全里
3,都城隍廟對面,屏東縣屏東市南昌街１５號,大同里,全里
4,慎省堂,屏東縣屏東市信義路１０９號,光榮里,全里
5,唐榮國小教室,屏東縣屏東市中山路４１號,民權里,全里
6,中正國小教室,屏東縣屏東市蘇州街７５號,泰安里,全里
7,中正國小教室,屏東縣屏東市蘇州街７５號,文明里,全里
8,屏東縣營造職業工會,屏東縣屏東市重慶路１６１號,維新里,"6-13,22-24"
9,大埔福德祠,屏東縣屏東市和平路３３６巷１號,維新里,"1-5,14-21"
10,屏東市北極殿,屏東縣屏東市民族路３６５號,大埔里,全里
11,東石徐府廟,屏東縣屏東市光復路２３２－１號,必信里,全里
12,唐榮國小教室,屏東縣屏東市中山路４１號,崇禮里,全里
13,唐榮國小教室,屏東縣屏東市中山路４１號,崇智里,全里
14,慶春里福德祠,屏東縣屏東市福德巷３２號,慶春里,全里
15,天后宮,屏東縣屏東市廈門街１４－１號,楠樹里,全里
16,扶風宮,屏東縣屏東市福州街１０８號,扶風里,全里
17,仁愛國小教室,屏東縣屏東市仁愛路９８號,安樂里,全里
18,屏東市老人會,屏東縣屏東市公園路２４－１號,平和里,全里
19,萬年殿辦公室,屏東縣屏東市萬倉街１－２號,金泉里,全里
20,玉皇宮,屏東縣屏東市自由路１４５號,勝豐里,全里
21,民和國小教室,屏東縣屏東市自立路２１３號,橋南里,1-10
22,民和國小教室,屏東縣屏東市自立路２１３號,橋南里,11-19
23,民和國小教室,屏東縣屏東市自立路２１３號,橋北里,全里
24,瑞光國小教室,屏東縣屏東市興豐路８６號,大連里,1-9
25,瑞光國小教室,屏東縣屏東市興豐路８６號,大連里,10-20
26,瑞光國小教室,屏東縣屏東市興豐路８６號,大連里,21-30
27,忠孝國小教室,屏東縣屏東市建豐路２０４號,大連里,31-40
28,忠孝國小教室,屏東縣屏東市建豐路２０４號,大連里,41-52
29,忠孝國小教室,屏東縣屏東市建豐路２０４號,大連里,53-61
30,忠孝國小教室,屏東縣屏東市建豐路２０４號,大連里,62-75
31,忠孝國小教室,屏東縣屏東市建豐路２０４號,豐田里,"5,19-27,30"
32,忠孝國小教室,屏東縣屏東市建豐路２０４號,豐田里,"9-18,32-33"
33,中正國中教室,屏東縣屏東市民學路２號,豐田里,"1-4,6-8,28-29,31"
34,南清宮,屏東縣屏東市民享一路１４６號,豐榮里,"9-11,13-15,18-19"
35,南清宮,屏東縣屏東市民享一路１４６號,豐榮里,"1-8,12,16-17,20-25"
36,中正國中教室,屏東縣屏東市民學路２號,豐源里,1-11
37,中正國中教室,屏東縣屏東市民學路２號,豐源里,12-22
38,屏榮育英館,屏東縣屏東市民學路１００號,豐源里,23-35
39,屏教大實驗附小教室,屏東縣屏東市廣東路２０號,長春里,"1-6,11-14"
40,屏教大實驗附小教室,屏東縣屏東市廣東路２０號,長春里,"7-10,15"
41,萬世聖母宮,屏東縣屏東市菸廠東巷４６號,瑞光里,"3-4,6,9,14-17,28,30-33"
42,瑞光里活動中心(原舊農改場內),屏東縣屏東市瑞中街(原民生路舊農改場內),瑞光里,"1-2,5,7-8,18,29"
43,民生國小教室,屏東縣屏東市安心四橫巷１３９－１號,瑞光里,"10-13,19-23"
44,民生國小教室,屏東縣屏東市安心四橫巷１３９－１號,瑞光里,"24-27,34-44"
45,民生國小教室,屏東縣屏東市安心四橫巷１３９－１號,瑞光里,45-53
46,歸來國小教室,屏東縣屏東市歸國巷１號,湖南里,全里
47,歸來國小教室,屏東縣屏東市歸國巷１號,湖西里,全里
48,歸來國小教室,屏東縣屏東市歸國巷１號,歸心里,全里
49,鶴聲國中活動中心,屏東縣屏東市大武路２２５號,清溪里,"1-21,26"
50,鶴聲國中活動中心,屏東縣屏東市大武路２２５號,清溪里,"22-25,27,30"
51,鶴聲國中活動中心,屏東縣屏東市大武路２２５號,清溪里,"28-29,31-33"
52,復興圖書館,屏東縣屏東市建南路１６２號,大武里,"1-27,42"
53,上以唐幼稚園,屏東縣屏東市武愛街８８巷４號,大武里,28-33
54,武成文康中心,屏東縣屏東市武成街７６號,大武里,34-35
55,美加幼兒園,屏東縣屏東市武威街１７０巷６號,大武里,"36,41"
56,鶴聲國中圖書室,屏東縣屏東市大武路２２５號,大武里,"37-40,44"
57,鶴聲國小教室,屏東縣屏東市建國路１２１號,大武里,"43,45-47"
58,崇大新城L棟文化活動中心右側,屏東縣屏東市華盛街３３號１樓,崇武里,1-8
59,崇大新城L棟文化活動中心左側,屏東縣屏東市華盛街３３號１樓,崇武里,9-17
60,雲鵬社區活動中心,屏東縣屏東市光武一巷４６號,凌雲里,全里
61,大同國小體育館,屏東縣屏東市大同路２號,永昌里,全里
62,大同國小體育館,屏東縣屏東市大同路２號,永順里,全里
63,凌雲國小教室,屏東縣屏東市光大巷６１號,鵬程里,全里
64,大同國小教室,屏東縣屏東市大同路２號,安鎮里,1-12
65,大同國小教室,屏東縣屏東市大同路２號,安鎮里,13-21
66,大同國小體育館,屏東縣屏東市大同路２號,永光里,全里
67,長安宮,屏東縣屏東市光復路３５０巷２５號,長安里,1-9
68,長安宮,屏東縣屏東市光復路３５０巷２５號,長安里,10-24
69,前進國小教室,屏東縣屏東市建國路４０５巷１００弄３９號,前進里,11-24
70,前進社區活動中心,屏東縣屏東市清進巷１４３號,前進里,1-10
71,大洲社區活動中心,屏東縣屏東市大洲６２－１號,大洲里,全里
72,公館社區長壽俱樂部,屏東縣屏東市公興路２２１巷１３號之１,新興里,1-6
73,公正國中教室,屏東縣屏東市公興路１１號,新興里,7-14
74,公館社區活動中心,屏東縣屏東市公興路２２１巷１３號之１,公館里,全里
75,佳佳幼兒園,屏東縣屏東市復興南路一段３５巷１２號,新生里,"1-4,24-27"
76,新生里社區活動中心(天聖宮一樓),屏東縣屏東市復興南路一段１０８巷２１弄２號,新生里,"14-17,23,28-29,36-37"
77,復興新村自治村辦公室,屏東縣屏東市復興南路一段２３１巷４號,新生里,"5-13,20-22"
78,新生里社區活動中心(天聖宮一樓),屏東縣屏東市復興南路一段１０８巷２１弄２號,新生里,"18-19,30-35"
79,頂宅慈鳳宮,屏東縣屏東市頂宅里和生路一段７４２號,頂宅里,全里
80,頂柳社區活動中心,屏東縣屏東市頂柳路５１９號,頂柳里,全里
81,大湖社區活動中心,屏東縣屏東市大湖路３９２號,大湖里,6-11
82,大湖天鳳亭,屏東縣屏東市廣官路１２２號,大湖里,1-5
83,公館國小教室,屏東縣屏東市公華街１８２號,龍華里,1-8
84,公館國小教室,屏東縣屏東市公華街１８２號,龍華里,9-22
85,玉成社區活動中心,屏東縣屏東市公興路６２１號,玉成里,全里
86,代天宮,屏東縣屏東市擇仁里延平一路２號,擇仁里,全里
87,佛光山屏東講堂,屏東縣屏東市建國里建華三街４６號,建國里,全里
88,建國國小教室,屏東縣屏東市建興路３６號,萬年里,全里
89,衛生所,屏東縣屏東市建國路９２號,厚生里,"1-9,23-25,29-33,35"
90,昌賢堂圖書館,屏東縣屏東市延平路８９號,厚生里,"10-22,26-28,34,36"
91,萬福宮,屏東縣屏東市自立路１２３號,一心里,全里
92,屏東市民代表會,屏東縣屏東市台糖二街２１號,義勇里,全里
93,光華里東隆宮,屏東縣屏東市福光街６２號,光華里,全里
94,鶴聲國小教室,屏東縣屏東市建國路１２１號,永安里,"1,14-18,23,25-35"
95,屏東高工仁愛樓1樓,屏東縣屏東市建國路２５號,永安里,"2-5,19-22,24,36-37,39-40"
96,復興國小教室,屏東縣屏東市復興路３７６號,永安里,"6-7,9-12"
97,復興國小教室,屏東縣屏東市復興路３７６號,永安里,"8,38,41-43"
98,復興國小教室,屏東縣屏東市復興路３７６號,永安里,"13,44-47"
99,勝利國小教室,屏東縣屏東市蘭州街２號,崇蘭里,"1,14,20-26,39,42"
100,崇蘭國小教室,屏東縣屏東市廣東路１２５９號,崇蘭里,"4-5,7,9,15,27,43"
101,崇蘭國小教室,屏東縣屏東市廣東路１２５９號,崇蘭里,"12,16-19,28-31"
102,崇蘭國小教室,屏東縣屏東市廣東路１２５９號,崇蘭里,"35-36,44-45"
103,崇蘭國小教室,屏東縣屏東市廣東路１２５９號,崇蘭里,47-54
104,崇蘭國小教室,屏東縣屏東市廣東路１２５９號,崇蘭里,"11,32-33,40-41"
105,崇蘭國小教室,屏東縣屏東市廣東路１２５９號,崇蘭里,"2-3,6,8,10,13,34,37-38,46"
106,大同高中教室,屏東縣屏東市和平路４２９號,潭墘里,1-9
107,大同高中教室,屏東縣屏東市和平路４２９號,潭墘里,10-18
108,大同高中教室,屏東縣屏東市和平路４２９號,潭墘里,19-25
109,大同高中教室,屏東縣屏東市和平路４２９號,潭墘里,26-33
110,大同高中教室,屏東縣屏東市和平路４２９號,潭墘里,34-42
111,大同高中大禮堂,屏東縣屏東市和平路４２９號,潭墘里,43
112,大同高中教室,屏東縣屏東市和平路４２９號,潭墘里,44-48
113,大同高中教室,屏東縣屏東市和平路４２９號,永城里,1-19
114,大同高中教室,屏東縣屏東市和平路４２９號,永城里,20-31
115,北一區里聯合辦公處,屏東縣屏東市中山路７８－５號,空翔里,全里
116,廣興宮右側,屏東縣屏東市廣興９６號,廣興里,1-9
117,廣興宮左側,屏東縣屏東市廣興９６號,廣興里,10-19
118,勝利國小教室,屏東縣屏東市蘭州街２號,勝利里,1-17
119,屏東高中成功大樓,屏東縣屏東市忠孝路２３１號,勝利里,18-25
120,屏東高中成功大樓,屏東縣屏東市忠孝路２３１號,勝利里,26-33
121,屏東高中成功大樓,屏東縣屏東市忠孝路２３１號,勝利里,34-41
122,仁愛國小教室,屏東縣屏東市仁愛路９８號,斯文里,"1-13,16,26"
123,迦南教會,屏東縣屏東市天津街５０號,斯文里,"14-15,17-25,27"
124,和平國小教室,屏東縣屏東市華正路８０號,華山里,"1-4,6,11-13,16-17"
125,大連路基督教會,屏東縣屏東市大連路６０巷１６號,華山里,"8,14-15,20-22,24,26-28"
126,和平國小教室,屏東縣屏東市華正路８０號,華山里,"7,9-10,18-19,23,29-30,34-35"
127,和平國小教室,屏東縣屏東市華正路８０號,華山里,"5,25,31-33,36-38"
128,明正國中大禮堂,屏東縣屏東市大連路７０號,溝美里,"1-2,4,6-10,15-16,18-19,21-23"
129,明正國中大禮堂,屏東縣屏東市大連路７０號,溝美里,"3,5,11-14,17,20,24-28"
130,海豐國小教室,屏東縣屏東市海豐街３號,三山里,全里
131,海豐國小教室,屏東縣屏東市海豐街３號,海豐里,全里
132,海豐國小教室,屏東縣屏東市海豐街３號,仁義里,全里
133,至正國中教室,屏東縣屏東市公裕街３００號,北興里,1-9
134,至正國中教室,屏東縣屏東市公裕街３００號,北興里,10-21
135,至正國中教室,屏東縣屏東市公裕街３００號,北興里,22-28
136,至正國中教室,屏東縣屏東市公裕街３００號,北興里,"29,37-40"
137,信義國小教室,屏東縣屏東市信義路２６２號,北興里,30-36
138,信義國小教室,屏東縣屏東市信義路２６２號,北勢里,1-12
139,信義國小教室,屏東縣屏東市信義路２６２號,北勢里,13-25
140,和平國小教室,屏東縣屏東市華正路８０號,中正里,1-12
141,和平國小教室,屏東縣屏東市華正路８０號,中正里,13-24
142,和平國小教室,屏東縣屏東市華正路８０號,中正里,25-32
143,仁愛國小教室,屏東縣屏東市仁愛路９８號,興樂里,全里
144,屏東縣老人會,屏東縣屏東市中華路中山公園內溜冰場旁,明正里,全里
145,仁愛國小教室,屏東縣屏東市仁愛路９８號,太平里,全里
146,海豐國小教室,屏東縣屏東市海豐街３號,信和里,全里
147,陳東和民宅,屏東縣屏東市和興３９－６號,和興里,全里
148,彌迦教會2樓,屏東縣屏東市公勤街１１１號,仁愛里,1-9
149,彌迦教會1樓停車場,屏東縣屏東市公勤街１１１號,仁愛里,10-18
潮州鎮,,,,
150,潮州三山國王廟會議室,屏東縣潮州鎮同榮里12鄰西市路３３號,潮州里,全里
151,光華國小教室,屏東縣潮州鎮光華里5鄰南進路２號,光華里,16-29
152,光華里社區活動中心,屏東縣潮州鎮光華里6鄰南京路１６３號,光華里,6-15
153,光華國小教室,屏東縣潮州鎮光華里5鄰南進路２號,光華里,"1-5,30-35"
154,青年文康中心一樓〈里聯合辦公處〉,屏東縣潮州鎮同榮里8鄰育英路１８號,同榮里,全里
155,彭城里活動中心,屏東縣潮州鎮彭城里7鄰彭城路２０５號,彭城里,全里
156,潮州鎮老人文康活動中心,屏東縣潮州鎮三星里5鄰三星路３９號,三星里,"1-4,12,13"
157,三星里活動中心,屏東縣潮州鎮三星里三林路１０９號,三星里,6-9
158,潮州國語禮拜堂,屏東縣潮州鎮三星里11鄰三華巷１５號,三星里,14-16
159,潮州鎮運動公園體育館,屏東縣潮州鎮三星里２鄰三城路３０１號,三星里,"5,10-11"
160,潮州國中學生活動中心,屏東縣潮州鎮三共里1鄰文化路６６號,三共里,"1-4,35-37"
161,三共里活動中心,屏東縣潮州鎮三共里24鄰文化路１８９號,三共里,"10-12,16-17,24,30-31"
162,三共里長壽老人會活動中心,屏東縣潮州鎮三共里25鄰振興路５５號,三共里,"25-29,32-34"
163,潮州國中教室,屏東縣潮州鎮三共里１鄰文化路６６號,三共里,"18-23,38"
164,潮昇國小教室〈校長室旁空教室〉,屏東縣潮州鎮三共里9鄰北門路２５號,三共里,"5-9,13-15"
165,三和里活動中心,屏東縣潮州鎮三和里13鄰中興路５７號,三和里,"1-14,17,18"
166,潮和國小家長會辦公室,屏東縣潮州鎮三和15鄰里華巖街１號,三和里,15-16
167,九塊里社區活動中心,屏東縣潮州鎮九塊里6鄰復興路１號,九塊里,3-12
168,潮東國小教室,屏東縣潮州鎮九塊里１２鄰復興路６６號,九塊里,1-2
169,新生里活動中心,屏東縣潮州鎮新生里16鄰平安路６０號,新生里,全里
170,潮州鎮老人活動中心,屏東縣潮州鎮新榮里15鄰清水南路１７之２號,新榮里,全里
171,五魁里活動中心,屏東縣潮州鎮五魁里太平路５２０之１號,五魁里,全里
172,蓬萊里活動中心,屏東縣潮州鎮蓬萊里2鄰榮田路１５５號,蓬萊里,4-6
173,蓬萊里社區巡守隊辦公室,屏東縣潮州鎮蓬萊里2鄰榮田路１５５號,蓬萊里,"1-3,7-14"
174,八爺里活動中心,屏東縣潮州鎮八爺里3鄰環龍路２７號,八爺里,"1,11"
175,妙光禪寺(大雄寶殿),屏東縣潮州鎮八爺里６鄰曲振路１１之２號,八爺里,2-10
176,永春里長壽俱樂部,屏東縣潮州鎮永春里27鄰永定路４２之１號,永春里,19-28
177,玉勅尊王宮管理委員會事務所,屏東縣潮州鎮永春里11鄰光春路１６５號,永春里,"6,10-18"
178,永春里活動中心,屏東縣潮州鎮永春里永康街２３３號,永春里,"1-5,7-9"
179,凰龍山天慈慈惠堂,屏東縣潮州鎮永春里31鄰武昌街２５６號,永春里,29-34
180,悟公慈善會潮州紀念會館,屏東縣潮州鎮永春里３１鄰自由路２５６之１號,永春里,35-39
181,富春里活動中心,屏東縣潮州鎮富春里田新路２９號,富春里,全里
182,光春里活動中心,屏東縣潮州鎮光春里光明路２７之８號,光春里,全里
183,興美里社區活動中心,屏東縣潮州鎮興美里1鄰興中路２之１號,興美里,全里
184,檨子里活動中心,屏東縣潮州鎮檨子里1鄰光復路一段４０巷３７號,檨子里,全里
185,泗林里活動中心,屏東縣潮州鎮泗林里6鄰明倫路１之１號,泗林里,全里
186,四春里活動中心,屏東縣潮州鎮四春里盛春路９之１號,四春里,11-20
187,四春里社區合作社,屏東縣潮州鎮四春里盛春路,四春里,1-10
188,崙東里活動中心,屏東縣潮州鎮崙東里崙新北路５３巷５０號,崙東里,"1-7,10-15"
189,新開寮活動中心,屏東縣潮州鎮崙東里9鄰新開南路１６之１號,崙東里,8-9
東港鎮,,,,
190,神農宮,屏東縣東港鎮新勝里新基街８５巷３１號,新勝里,"1-15,28"
191,鎮靈宮,屏東縣東港鎮新勝里新基街６８號,新勝里,"16-27,29"
192,東隆壇,屏東縣東港鎮頂新里延平路４９號,頂新里,全里
193,共善堂,屏東縣東港鎮頂中里頂中街１６號,頂中里,全里
194,倪惠玲(宅),屏東縣東港鎮東和里博愛街２５０號,東和里,全里
195,太子宮南興堂,屏東縣東港鎮興台里中山路４１號,興台里,全里
196,興東社區活動中心,屏東縣東港鎮興東里興東路４６號,興東里,"1-5,7,13,24"
197,東興國小教室,屏東縣東港鎮興東里興東路４３－１號,興東里,"6,25,36-39"
198,東港國小教室,屏東縣東港鎮興東里中正路一段１０號,興東里,"8,9,11,14-21,26"
199,東港國小教室,屏東縣東港鎮興東里中正路一段１０號,興東里,"10,27-32"
200,東光國小教室,屏東縣東港鎮興東里長春二路１５號,興東里,"12,22,23,33-35"
201,興農里民眾集會所,屏東縣東港鎮興農里興農路２８－１號,興農里,全里
202,東隆國小教室,屏東縣東港鎮共和里共和街４５號,中興里,全里
203,朝隆宮所屬房舍,屏東縣東港鎮朝安里延平路９６號,朝安里,"1-5,15,17-22"
204,東港鎮衛生所,屏東縣東港鎮朝安里新生三路２３號,朝安里,"6-14,16"
205,福安宮管理委員會,屏東縣東港鎮八德里延平路２０３號,八德里,全里
206,東隆宮活動中心,屏東縣東港鎮東隆里東隆街８之７號,東隆里,全里
207,海濱國小學生活動中心,屏東縣東港鎮豐漁里豐漁街３４之２號,豐漁里,全里
208,震靈宮所屬房舍,屏東縣東港鎮盛漁里興漁街８９之２號,盛漁里,全里
209,共心堂,屏東縣東港鎮興漁里興漁街１３４號,興漁里,1-16
210,慈峯宮管理委員會,屏東縣東港鎮興漁里興漁街１６８號,興漁里,17-25
211,鎮海宮,屏東縣東港鎮鎮海里鎮海路４２之５號,鎮海里,1-12
212,大眾老人協進會,屏東縣東港鎮東港段１０５１－３４７號土地暨地上物,鎮海里,13-23
213,金茄萣港開基大清府嘉蓮宮,屏東縣東港鎮嘉蓮里嘉蓮路３０之１號,嘉蓮里,1-7
214,汕尾嘉蓮宮,屏東縣東港鎮嘉蓮里嘉蓮路８０－２號,嘉蓮里,8-15
215,南平里活動中心,屏東縣東港鎮南平里(路)６７之１號,南平里,1-5
216,南興社區活動中心,屏東縣東港鎮南平里南興路７巷１３－１號,南平里,6-18
217,以栗國小教室,屏東縣東港鎮船頭里船頭路２５號,船頭里,"1-3,10-16"
218,以栗國小教室,屏東縣東港鎮船頭里船頭路２５號,船頭里,"17,18,24-28"
219,船頭里福安宮,屏東縣東港鎮船頭里船頭路３３號,船頭里,"4-9,19-23"
220,下廍社區活動中心,屏東縣東港鎮下廍里下廍路１３６號,下廍里,"4-8,14-19"
221,超峰寺,屏東縣東港鎮下廍里下廍路１號,下廍里,"1-3,9-13"
222,大潭社區活動中心,屏東縣東港鎮大潭里大潭路２５號,大潭里,全里
223,興和里里民聯誼活動中心,屏東縣東港鎮興和里興和路１３０－１號,興和里,全里
224,共和社區活動中心,屏東縣東港鎮共和里共和街６０號,共和里,全里
225,大鵬社區活動中心,屏東縣東港鎮大鵬里大鵬五路２巷８號,大鵬里,全里
恆春鎮,,,,
226,恆春國中教室,屏東縣恆春鎮城南里１４鄰文化路７９號,城南里,全里
227,恆春國小教室,屏東縣恆春鎮城北里４鄰北門路３９巷２６號,城北里,1-9
228,恆春國小教室,屏東縣恆春鎮城北里４鄰北門路３９巷２６號,城北里,10-21
229,僑勇國小教室,屏東縣恆春鎮城北里１６鄰西門路１４６號,城西里,全里
230,僑勇國小教室,屏東縣恆春鎮城北里１６鄰西門路１４６號,網紗里,"2,18-25"
231,網紗社區活動中心,屏東縣恆春鎮網紗里３鄰省北路２７２－６號,網紗里,"1,3-17"
232,仁壽社區活動中心,屏東縣恆春鎮仁壽里９鄰仁愛路２２號,仁壽里,全里
233,茄湖社區活動中心,屏東縣恆春鎮茄湖里４鄰茄苳路１６０號,茄湖里,全里
234,大平國小教室,屏東縣恆春鎮頭溝里４鄰頭溝路１６１號,頭溝里,全里
235,屏東縣私立懷恩幼兒園教室,屏東縣恆春鎮四溝里５鄰興北路興東巷４１號,四溝里,全里
236,德和社區活動中心,屏東縣恆春鎮德和里８鄰槺林北路１５５巷１號,德和里,全里
237,龍水社區活動中心,屏東縣恆春鎮龍水里２鄰龍泉路２５８號,龍水里,全里
238,山海國小教室,屏東縣恆春鎮山海里１０鄰山海路８６號,山海里,1-9
239,山海國小教室,屏東縣恆春鎮山海里１０鄰山海路８６號,山海里,10-16
240,大光國小教室,屏東縣恆春鎮大光里１鄰大光路８－６號,大光里,1-10
241,大光國小教室,屏東縣恆春鎮大光里１鄰大光路８－６號,大光里,11-23
242,泉南宮集會所,屏東縣恆春鎮水泉里７鄰下泉路３９－３號,水泉里,6-11
243,水泉社區活動中心,屏東縣恆春鎮水泉里４鄰下泉路１號,水泉里,"1-5,12-20"
244,山腳社區活動中心,屏東縣恆春鎮山腳里３４鄰恆南路１巷６０號,山腳里,"1-4,14-18,20-23"
245,恆春工商教室,屏東縣恆春鎮山腳里２７鄰恆南路３８號,山腳里,"5-13,19"
246,恆春工商教室,屏東縣恆春鎮山腳里２７鄰恆南路３８號,山腳里,24-34
247,南灣分校教室,屏東縣恆春鎮南灣里１３鄰南灣路仁愛巷８７號,南灣里,1-7
248,南灣分校教室,屏東縣恆春鎮南灣里１３鄰南灣路仁愛巷８７號,南灣里,8-15
249,墾丁國小教室,屏東縣恆春鎮墾丁里８鄰墾丁路６５號,墾丁里,全里
250,鵝鑾分校教室,屏東縣恆春鎮鵝鑾里９鄰砂島路２１６號,鵝鑾里,全里
萬丹鄉,,,,
251,香社村集會所,屏東縣萬丹鄉香社村香內路６３號,香社村,全村
252,新庄國小教室,屏東縣萬丹鄉新庄村新鐘路４１０號,新庄村,1-11
253,新庄國小教室,屏東縣萬丹鄉新庄村新鐘路４１０號,新庄村,12-20
254,新鐘村活動中心,屏東縣萬丹鄉新鐘村新鐘路１６５號,新鐘村,1-7
255,萬丹鄉第一老人會,屏東縣萬丹鄉新鐘村新鐘路１６７號,新鐘村,8-15
256,水仙社區活動中心,屏東縣萬丹鄉水仙村大勇路１０５號,水仙村,全村
257,興化國小教室,屏東縣萬丹鄉興全村興國路５２號,興全村,全村
258,興安社區活動中心,屏東縣萬丹鄉興安村興化廍路１０２號,興安村,全村
259,客隆宮,屏東縣萬丹鄉甘棠村新南路４３９號,甘棠村,全村
260,竹惠宮,屏東縣萬丹鄉惠安路１１號,萬惠村,全村
261,四維國小教室,屏東縣萬丹鄉四維村四維東路５６７號,萬全村,"1-7,11-21"
262,四維國小教室,屏東縣萬丹鄉四維村四維東路５６７號,萬全村,22-29
263,第二老人會活動中心,屏東縣萬丹鄉成功街二段１５７號,萬全村,8-10
264,大憲宮會議室,屏東縣萬丹鄉萬後村大憲街２２１號,萬後村,全村
265,萬丹國小教室,屏東縣萬丹鄉寶厝村萬新路１４９７號,萬安村,全村
266,農惠宮,屏東縣萬丹鄉萬生村成功街一段４６巷３２號,萬生村,全村
267,萬丹國小學生活動中心,屏東縣萬丹鄉寶厝村中興路二段７１２號,寶厝村,1-9
268,萬丹國小學生活動中心,屏東縣萬丹鄉寶厝村中興路二段７１２號,寶厝村,10-18
269,四維國小教室,屏東縣萬丹鄉四維村四維東路５６７號,四維村,1-8
270,四維國小教室,屏東縣萬丹鄉四維村四維東路５６７號,四維村,9-16
271,萬丹國小竹林分校教室,屏東縣萬丹鄉竹林村竹林路３５１號,竹林村,全村
272,水泉社區活動中心,屏東縣萬丹鄉水泉村泉利街９５號,水泉村,全村
273,田厝社區活動中心,屏東縣萬丹鄉田厝村寶田路５０８號,田厝村,全村
274,興華國小教室,屏東縣萬丹鄉崙頂村崙頂路８６０號,崙頂村,1-8
275,崙頂社區活動中心,屏東縣萬丹鄉崙頂村惠崙路９７６號,崙頂村,9-14
276,厦北社區活動中心,屏東縣萬丹鄉厦北村普安路２號,厦北村,全村
277,南聖宮,屏東縣萬丹鄉三青路１４６號,厦南村,全村
278,後村村集會所,屏東縣萬丹鄉後村村後庄路１５２號,後村村,全村
279,灣內社區活動中心,屏東縣萬丹鄉灣內村香內路５０３號,灣內村,全村
280,太子宮,屏東縣萬丹鄉上村村社皮路一段２９９號,上村村,全村
281,鳳山寺,屏東縣萬丹鄉加興村社皮路二段１號,加興村,全村
282,社口村活動中心,屏東縣萬丹鄉社口村忠心路３０９號,社口村,全村
283,磚寮社區活動中心,屏東縣萬丹鄉磚寮村慈濟路１０７號旁,磚寮村,全村
284,社皮社區活動中心,屏東縣萬丹鄉社皮村南北路三段１９５號,社皮村,"1-6,11"
285,萬丹鄉老人文康活動中心,屏東縣萬丹鄉社皮村大昌路４９５號,社皮村,"7-10,12-15"
286,建隆宮,屏東縣萬丹鄉社中村社上路３號,社中村,全村
287,社上社區活動中心,屏東縣萬丹鄉社上村土庫路８９號,社上村,全村
288,廣安社區活動中心,屏東縣萬丹鄉廣安村廣安路２１１巷２３號,廣安村,1-6
289,天鳳壇,屏東縣萬丹鄉廣安村廣安路２１１巷１２號,廣安村,7-12
長治鄉,,,,
290,屏東縣長治區長青學苑,屏東縣長治鄉進興村新進巷(長治鄉臨時攤販市場後方),進興村,"1-9,13"
291,長興國小南棟教室,屏東縣長治鄉新潭村潭頭路５０號,進興村,"10-12,14-23"
292,長興國小北棟教室,屏東縣長治鄉新潭村潭頭路５０號,新潭村,"1-11,17,23-25"
293,三座屋三山國王宮集會所,屏東縣長治鄉新潭村仁義巷３３號,新潭村,"12-16,18-22"
294,香潭社區活動中心,屏東縣長治鄉香楊村潭頭路２４２號,潭頭村,1-8
295,香潭社區活動中心,屏東縣長治鄉香楊村潭頭路２４２號,潭頭村,9-16
296,邱增興紀念堂(香潭活動中心右側),屏東縣長治鄉香楊村潭頭路２４２號,香楊村,"1-5,12"
297,帥府宮,屏東縣屏東市瑞光里香楊巷３－９２號,香楊村,"6-11,13-15"
298,長興社區活動中心,屏東縣長治鄉長興村長興路４４９號,長興村,全村
299,崙上舊社區活動中心,屏東縣長治鄉崙上村自強巷５８號,崙上村,全村
300,德榮社區活動中心,屏東縣長治鄉德榮下厝街５３號,德榮村,全村
301,德和社區活動中心,屏東縣長治鄉德和村德和路４７號,德和村,全村
302,復興社區活動中心,屏東縣長治鄉復興村復興路２０５號,復興村,全村
303,國王宮橫屋,屏東縣長治鄉德成村中興路６５４號,德成村,全村
304,德協社區活動中心,屏東縣長治鄉德協村中興路６２９號,德協村,全村
305,繁華國小西棟教室,屏東縣長治鄉繁華村水源路９６號,繁榮村,全村
306,繁華國小南棟教室,屏東縣長治鄉繁華村水源路９６號,繁昌村,1-9
307,繁華國小南棟教室,屏東縣長治鄉繁華村水源路９６號,繁昌村,10-17
308,繁華國小西棟教室,屏東縣長治鄉繁華村水源路９６號,繁隆村,全村
309,繁華國小東棟教室,屏東縣長治鄉繁華村繁華村水源路９６號,繁華村,"1-11,16-19"
310,長治鄉老人文康中心,屏東縣長治鄉繁華村繁華村繁華路１７１號,繁華村,"12-15,20-26"
311,榮華社區活動中心,屏東縣長治鄉榮華村信義路１４５號,榮華村,全村
麟洛鄉,,,,
312,玄聖宮〈社區長壽俱樂部〉,屏東縣麟洛鄉新田村７鄰民族路３１０號,新田村,8-17
313,新田社區活動中心,屏東縣麟洛鄉新田村２鄰民族路２４０號,新田村,"1-7,18-21"
314,麟洛成功圖書館,屏東縣麟洛鄉麟頂村９鄰成功路延平巷３號,麟頂村,全村
315,鄭成功廟,屏東縣麟洛鄉麟頂村９鄰成功路１７０號,麟蹄村,"1-11,22,23"
316,麟洛鄉立圖書館,屏東縣麟洛鄉麟蹄村２１鄰中山路１５８號,麟蹄村,12-21
317,麟洛國小教室,屏東縣麟洛鄉麟趾村７鄰中華路８６號,麟趾村,1-12
318,麟洛國小教室,屏東縣麟洛鄉麟趾村７鄰中華路８６號,麟趾村,13-24
319,田中社區活動中心,屏東縣麟洛鄉田中村１０鄰延和街２２號,田中村,全村
320,田心社區活動中心,屏東縣麟洛鄉田心村４鄰中正路３２０號,田心村,全村
321,田道社區活動中心,屏東縣麟洛鄉田道村４鄰中華路農安巷１號,田道村,全村
九如鄉,,,,
322,私立九如幼兒園(原九如托兒所),屏東縣九如鄉九清村維新街５２巷１－１號,九清村,全村
323,九如鄉巴轆公園活動中心,屏東縣九如鄉九清村九如路二段９巷７號,九塊村,全村
324,九如鄉老人文康中心,屏東縣九如鄉九明村九龍路５５號,九明村,全村
325,九如鄉大坵活動中心,屏東縣九如鄉大坵村大仁街７０號,大坵村,全村
326,九如鄉玉水村活動中心,屏東縣九如鄉玉水村清水路７３號,玉水村,全村
327,九如鄉玉泉村中庄社區活動中心,屏東縣九如鄉玉泉村中庄街４１巷４號,玉泉村,"1-9,13"
328,九如鄉玉泉村善圓宮(圳寮),屏東縣九如鄉玉泉村黃金路１５巷３２號,玉泉村,10-12
329,惠農國小教室,屏東縣九如鄉東寧村新庄路１號,東寧村,9-13
330,私立明星幼兒園,屏東縣九如鄉東寧村２鄰東寧路１５５號,東寧村,"1-3,23"
331,九如鄉立圖書館,屏東縣九如鄉東寧村九如路二段２６４號,東寧村,14-18
332,東寧社區活動中心,屏東縣九如鄉東寧村東寧路６４－３號,東寧村,"4-8,19-22"
333,九如鄉三塊村開台聖王廟,屏東縣九如鄉三塊村三多路１９３,三塊村,全村
334,九如鄉耆老村老人集會所,屏東縣九如鄉耆老村耆老路１１７號,耆老村,全村
335,九如鄉後庄社區活動中心,屏東縣九如鄉後庄村後庄路１７３號,後庄村,全村
336,九如鄉洽興社區活動中心,屏東縣九如鄉洽興村平和路２２－１號,洽興村,全村
里港鄉,,,,
337,天慈宮,屏東縣里港鄉玉田村玉田路４－４７號旁,玉田村,"1-4,13-18"
338,玉田社區活動中心,屏東縣里港鄉玉田村八德路,玉田村,"5-12,19,20"
339,塔樓三坪祖師廟1樓,屏東縣里港鄉塔樓村塔樓路５４－２號,塔樓村,全村
340,潮厝社區活動中心,屏東縣里港鄉潮厝村潮厝路１１５－１０號,潮厝村,全村
341,雙慈宮,屏東縣里港鄉大平村大平路５０號,大平村,全村
342,永春社區活動中心,屏東縣里港鄉永春村永豐路１段１號,永春村,全村
343,福德祠,屏東縣里港鄉永春村永春路４０－３號,春林村,全村
344,里港國小學生活動中心,屏東縣里港鄉過江村過江路４１號,過江村,1-8
345,里港國小教室,屏東縣里港鄉過江村過江路４１號,過江村,9-15
346,鐵店社區活動中心,屏東縣里港鄉鐵店村鐵店路４１－４６號,鐵店村,全村
347,興隆宮,屏東縣里港鄉茄苳村福興路３５號,茄苳村,"1-3,17"
348,茄苳社區活動中心,屏東縣里港鄉茄苳村茄苳路,茄苳村,4-16
349,原鄉立托兒所載興班,屏東縣里港鄉載興村載興路１３１號,載興村,1-8
350,載新社區活動中心,屏東縣里港鄉載興村載興路１２２－１號,載興村,9-18
351,里港鄉老人文康活動中心,屏東縣里港鄉土庫村土庫路９７－１２號,土庫村,1-17
352,信國社區活動中心,屏東縣里港鄉土庫村信國,土庫村,18-25
353,三廍社區活動中心,屏東縣里港鄉三廍村三和路,三廍村,1-6
354,中萬甲社區活動中心,屏東縣里港鄉三廍村三和路,三廍村,7-14
355,中和社區活動中心,屏東縣里港鄉中和村南進路,中和村,全村
356,瀰力社區活動中心,屏東縣里港鄉瀰力村瀰力路,瀰力村,全村
鹽埔鄉,,,,
357,鹽埔朝鳳宮活動中心,屏東縣鹽埔鄉鹽中村中山路７號,鹽北村,全村
358,鹽埔國中教室,屏東縣鹽埔鄉鹽南村勝利路３０號,鹽中村,1-18
359,鹽埔國中教室,屏東縣鹽埔鄉鹽南村勝利路３０號,鹽中村,19-27
360,鹽埔國小教室,屏東縣鹽埔鄉鹽南村光復路９０號,鹽南村,1-12
361,鹽埔國小教室,屏東縣鹽埔鄉鹽南村光復路９０號,鹽南村,13-24
362,仕絨國小教室,屏東縣鹽埔鄉仕絨村東平街１６號,仕絨村,全村
363,高朗國小教室,屏東縣鹽埔鄉高朗村民治路３７號,高朗村,1-13
364,高朗國小教室,屏東縣鹽埔鄉高朗村民治路３７號,高朗村,14-24
365,振興國小教室,屏東縣鹽埔鄉振興村光明路３６號,振興村,1-12
366,振興國小教室,屏東縣鹽埔鄉振興村光明路３６號,振興村,13-24
367,久愛村辦公處(朝聖宮),屏東縣鹽埔鄉久愛村完成路口,久愛村,全村
368,新圍國小教室,屏東縣鹽埔鄉新二村維新路６７號,新圍村,1-14
369,新圍國小教室,屏東縣鹽埔鄉新二村維新路６７號,新圍村,15-25
370,新圍國小教室,屏東縣鹽埔鄉新二村維新路６７號,新二村,"1-15,17"
371,新圍國小教室,屏東縣鹽埔鄉新二村維新路６７號,新二村,"16,18-27"
372,彭厝社區活動中心,屏東縣鹽埔鄉彭厝村勝利街１０號,彭厝村,全村
373,洛陽社區活動中心,屏東縣鹽埔鄉洛陽村四維路１０３號,洛陽村,全村
374,永隆社區活動中心,屏東縣鹽埔鄉永隆村永樂路４５號,永隆村,全村
高樹鄉,,,,
375,高樹國小教室,屏東縣高樹鄉高樹村華光路３２號,高樹村,14-26
376,高樹社區活動中心,屏東縣高樹鄉高樹村南興路４７號,高樹村,1-13
377,南郡社區活動中心,屏東縣高樹鄉長榮村南昌路,長榮村,全村
378,東興社區活動中心,屏東縣高樹鄉東興村武尚路,東興村,全村
379,東振社區活動中心,屏東縣高樹鄉東振村民權路,東振村,全村
380,源泉社區活動中心,屏東縣高樹鄉源泉村泉興路,源泉村,全村
381,建興社區大路關寮活動中心,屏東縣高樹鄉建興村大山一路８３號,建興村,全村
382,大埔社區活動中心,屏東縣高樹鄉大埔村協昌路,大埔村,全村
383,菜寮社區活動中心,屏東縣高樹鄉菜寮村大平路９號,菜寮村,全村
384,舊寮北極殿一樓,屏東縣高樹鄉舊寮村長美路６４號,司馬村,全村
385,舊寮國小北面教室,屏東縣高樹鄉舊寮村長美路４２號,舊寮村,全村
386,新豐社區活動中心,屏東縣高樹鄉新豐村泰和路１１５號,新豐村,全村
387,泰山國小教室,屏東縣高樹鄉泰山村產業路８４號,泰山村,1-15
388,泰山國小教室,屏東縣高樹鄉泰山村產業路８４號,泰山村,16-26
389,南華社區活動中心,屏東縣高樹鄉南華村世一路２８號,南華村,全村
390,廣福社區活動中心,屏東縣高樹鄉廣福村廣福路２４號,廣福村,全村
391,廣興社區活動中心,屏東縣高樹鄉廣興村中正路,廣興村,全村
392,舊庄社區活動中心,屏東縣高樹鄉舊庄村光復路２０號,舊庄村,全村
393,田子社區活動中心,屏東縣高樹鄉田子村復興路２１號,田子村,全村
394,鹽樹村北極宮,屏東縣高樹鄉鹽樹村公平路２５號,鹽樹村,"1-8,16,17"
395,新厝社區活動中心,屏東縣高樹鄉鹽樹村新豐路４４號,鹽樹村,"9-15,18-22"
396,新南國小教室,屏東縣高樹鄉新南村興店路５號,新南村,全村
萬巒鄉,,,,
397,萬巒鄉公所展覽廳,屏東縣萬巒鄉萬巒村中正路２７號,萬巒村,全村
398,萬全社區長壽俱樂部,屏東縣萬巒鄉萬全村平和路４８－１號,萬全村,全村
399,萬巒國小學生活動中心,屏東縣萬巒鄉萬全村褒忠路２８號,萬和村,全村
400,鹿寮社區活動中心,屏東縣萬巒鄉鹿寮村永康路１１４號,鹿寮村,全村
401,硫黃社區活動中心,屏東縣萬巒鄉硫黃村重慶路５號,硫黃村,全村
402,泗溝社區活動中心,屏東縣萬巒鄉泗溝村永平路４９號,泗溝村,全村
403,五溝社區活動中心,屏東縣萬巒鄉五溝村東興路３４號,五溝村,全村
404,成德、三民社區活動中心,屏東縣萬巒鄉成德村信敏路２０－１號,成德村,全村
405,(原)赤山托兒所,屏東縣萬巒鄉赤山村建興路１４號,赤山村,1-10
406,天主教赤山教友道理廳,屏東縣萬巒鄉赤山村建興路３２號,赤山村,11-18
407,萬金聖母聖殿教友中心,屏東縣萬巒鄉萬金村萬興路２４號,萬金村,1-10
408,萬金社區活動中心,屏東縣萬巒鄉萬金村萬興路６５號,萬金村,11-20
409,佳佐社區活動中心,屏東縣萬巒鄉佳佐村民生路６０號,佳佐村,全村
410,佳和社區活動中心,屏東縣萬巒鄉佳和村佳興路４０號,佳和村,全村
411,新厝社區活動中心,屏東縣萬巒鄉新厝村新樂路１７－１號,新厝村,全村
412,新置社區活動中心,屏東縣萬巒鄉新置村新榮路１－１號,新置村,"6-15,19,20"
413,老藤林部落集會所,屏東縣萬巒鄉新置村中興路６之１號,新置村,"1-5,16-18"
內埔鄉,,,,
414,內埔國中教室,屏東縣內埔鄉內埔村２３鄰文化路２６２號,內埔村,1-24
415,內埔國中教室,屏東縣內埔鄉內埔村２３鄰文化路２６２號,內埔村,25-38
416,內埔國中教室,屏東縣內埔鄉內埔村２３鄰文化路２６２號,內埔村,39-42
417,內埔國小教室,屏東縣內埔鄉內埔村３５鄰廣濟路２號,內田村,1-28
418,內埔國小教室,屏東縣內埔鄉內埔村３５鄰廣濟路２號,內田村,29-40
419,興南社區活動中心,屏東縣內埔鄉興南村１３鄰興義路３３號,興南村,全村
420,義亭社區活動中心,屏東縣內埔鄉義亭村１鄰南平路９５號,義亭村,全村
421,美和社區活動中心,屏東縣內埔鄉美和村１６鄰海平路２-1號,美和村,1-11
422,僑智國小教室,屏東縣內埔鄉美和村１６鄰學人路55號,美和村,12-23
423,和興社區活動中心,屏東縣內埔鄉和興村６鄰和仁路３２號,和興村,"1-11,21,22"
424,內埔國小教室,屏東縣內埔鄉內埔村３５鄰廣濟路２號,和興村,12-20
425,東寧社區活動中心,屏東縣內埔鄉東寧村３４鄰民善路３號,東寧村,"1-17,34,36"
426,東寧國小教室,屏東縣內埔鄉內田村３３鄰自強路８５號,東寧村,18-30
427,東寧國小教室,屏東縣內埔鄉內田村３３鄰自強路８５號,東寧村,"31-33,35,37-44"
428,豐田國小教室,屏東縣內埔鄉豐田村１９鄰新中路４９號,豐田村,1-16
429,豐田國小教室,屏東縣內埔鄉豐田村１９鄰新中路４９號,豐田村,17-30
430,振豐社區活動中心,屏東縣內埔鄉振豐村新東路３３２號,振豐村,1-16
431,豐田天主堂,屏東縣內埔鄉振豐村２４鄰新東路３３４號,振豐村,17-30
432,富田村集會所,屏東縣內埔鄉富田村８鄰里仁路１７１號,富田村,1-20
433,富田國小教室,屏東縣內埔鄉富田村９鄰里仁路２０２號,富田村,21-32
434,竹圍社區活動中心,屏東縣內埔鄉竹圍村７鄰竹東路５５６號,竹圍村,全村
435,南北巷社區活動中心,屏東縣內埔鄉東勢村１鄰嘉應路２號,東勢村,1-29
436,東勢國小教室,屏東縣內埔鄉東勢村４１鄰大同路３段２０號,東勢村,30-45
437,天聖宮社區長壽俱樂部,屏東縣內埔鄉東片村７鄰光復路１號,東片村,全村
438,上樹社區活動中心,屏東縣內埔鄉上樹村４鄰樹山路１４７號,上樹村,全村
439,老埤舊活動中心,屏東縣內埔鄉老埤村１１鄰南山路１３號,老埤村,1-13
440,老埤社區活動中心,屏東縣內埔鄉老埤村１１鄰南山路１５號,老埤村,14-26
441,中林社區活動中心,屏東縣內埔鄉中林村８鄰聯通街４１７號,中林村,全村
442,崇文國小教室,屏東縣內埔鄉龍泉村１鄰原勝路６號,龍泉村,1-10
443,崇文國小教室,屏東縣內埔鄉龍泉村１鄰原勝路６號,龍泉村,11-19
444,龍潭社區活動中心,屏東縣內埔鄉龍潭村５鄰昭勝路５２２號,龍潭村,"1-12,14,23,24,26"
445,崇文國中教室,屏東縣內埔鄉龍潭村２４鄰昭勝路４３８號,龍潭村,"13,15-22,25"
446,建興社區活動中心,屏東縣內埔鄉建興村建興路１１１號,建興村,"1-6,8"
447,陳雅娟(宅),屏東縣內埔鄉建興村建興路長青巷１２９號,建興村,"7,榮家全體榮民"
448,大新村青龍宮管理委員會,屏東縣內埔鄉大新村８鄰大新路７５９號,大新村,"2,4-11"
449,新生國小教室,屏東縣內埔鄉大新村２０鄰大新路１０９號,大新村,"1,3,12-21"
450,玄武宮廟文康室,屏東縣內埔鄉黎明村９鄰黎東路２７４號,黎明村,1-10
451,黎明社區活動中心,屏東縣內埔鄉黎明村８鄰黎東路３５３號,黎明村,11-20
452,隘寮社區活動中心,屏東縣內埔鄉隘寮村１鄰清涼路１段４５３號,隘寮村,全村
453,水門社區活動中心,屏東縣內埔鄉水門村１鄰中山路２６３號,水門村,全村
竹田鄉,,,,
454,竹田國小活動中心,屏東縣竹田鄉竹田村１７鄰公正路３５號,竹田村,全村
455,竹南社區活動中心,屏東縣竹田鄉竹南村５鄰竹南路５９號,竹南村,全村
456,糶糴村集會所,屏東縣竹田鄉糶糴村３鄰振福路３７－４號,糶糴村,全村
457,履豐社區活動中心,屏東縣竹田鄉履豐村３鄰豐興路２１－１號,履豐村,全村
458,頭崙社區活動中心,屏東縣竹田鄉頭崙村８鄰三山路６３－５號,頭崙村,全村
459,二崙村集會所,屏東縣竹田鄉二崙村１１鄰信實路１６號,二崙村,全村
460,美崙村集會所,屏東縣竹田鄉美崙村８鄰通明路１１號,美崙村,全村
461,南勢社區活動中心,屏東縣竹田鄉南勢村２鄰南興路９號,南勢村,全村
462,西勢社區活動中心,屏東縣竹田鄉西勢村２９鄰龍門路４４號,西勢村,"5-12,20-30"
463,過溝社區活動中心(過溝太子宮樓下),屏東縣竹田鄉西勢村１８鄰光明路１０１號,西勢村,"1-4,13-19,31"
464,福田社區活動中心,屏東縣竹田鄉福田村３鄰瑞竹路１－５號,福田村,全村
465,永豐社區活動中心,屏東縣竹田鄉永豐村５鄰永豐路５號,永豐村,全村
466,六巷村活動中心,屏東縣竹田鄉六巷村５鄰太平路１３號,六巷村,全村
467,泗洲社區活動中心,屏東縣竹田鄉泗洲村３鄰洲中路１４－５號,泗洲村,全村
468,大湖社區活動中心,屏東縣竹田鄉大湖村５鄰大明路３２－３號,大湖村,全村
469,鳳明社區活動中心,屏東縣竹田鄉鳳明村４鄰鳳安路４３號,鳳明村,全村
新埤鄉,,,,
470,三山國王廟活動中心,屏東縣新埤鄉新埤村新華路４９號,新埤村,1-20
471,新埤村〈千三長壽俱樂部〉,屏東縣新埤鄉新埤村萬興路,新埤村,21-26
472,建功社區活動中心,屏東縣新埤鄉建功村建功路３０號,建功村,1-12
473,建功─砂崙社區活動中心,屏東縣新埤鄉建功村中興路８１號,建功村,13-15
474,打鐵社區活動中心,屏東縣新埤鄉打鐵村東興路１３６之１號,打鐵村,全村
475,南豐村中山堂,屏東縣新埤鄉南豐村南和路４６號,南豐村,全村
476,萬隆國小教室,屏東縣新埤鄉萬隆村中山路１２６號,萬隆村,"5-14,21-27"
477,海豐寮〈長壽俱樂部〉,屏東縣新埤鄉萬隆村平山路１１號,萬隆村,1-4
478,萬安社區活動中心,屏東縣新埤鄉萬隆村萬安路２５之１號,萬隆村,15-20
479,餉潭村活動中心,屏東縣新埤鄉餉潭村龍潭路１３７號,餉潭村,全村
480,箕湖社區活動中心,屏東縣新埤鄉箕湖村民眾路３９號,箕湖村,1-6
481,獅頭社區活動中心,屏東縣新埤鄉箕湖村進化路１２２號,箕湖村,7-13
枋寮鄉,,,,
482,枋寮國小教室,屏東縣枋寮鄉枋寮村德興路１９７號,枋寮村,全村
483,新龍村辦公處,屏東縣枋寮鄉新龍村義民路３２號,新龍村,全村
484,老人文康活動中心,屏東縣枋寮鄉保生村海邊路６號,保生村,全村
485,老人文康活動中心,屏東縣枋寮鄉保生村海邊路６號,中寮村,全村
486,僑德國小教室,屏東縣枋寮鄉隆山村僑德路１８６號,安樂村,1-12
487,僑德國小教室,屏東縣枋寮鄉隆山村僑德路１８６號,安樂村,13-28
488,僑德國小教室,屏東縣枋寮鄉隆山村僑德路１８６號,隆山村,1-12
489,僑德國小教室,屏東縣枋寮鄉隆山村僑德路１８６號,隆山村,13-24
490,僑德國小教室,屏東縣枋寮鄉隆山村僑德路１８６號,隆山村,25-37
491,建興國小教室,屏東縣枋寮鄉人和村建興路３９號,天時村,1-10
492,建興國小教室,屏東縣枋寮鄉人和村建興路３９號,天時村,11-20
493,老人活動中心,屏東縣枋寮鄉地利村勝利路５號,地利村,1-20
494,水底寮聯合村辦公處,屏東縣枋寮鄉地利村建興路２５６號,地利村,21-29
495,建興國小教室,屏東縣枋寮鄉人和村建興路３９號,人和村,1-16
496,建興國小教室,屏東縣枋寮鄉人和村建興路３９號,人和村,17-33
497,內寮社區活動中心,屏東縣枋寮鄉內寮村瓦磘三路４０號,內寮村,全村
498,新開社區活動中心,屏東縣枋寮鄉新開村新開一路３６號,新開村,全村
499,東海社區活動中心,屏東縣枋寮鄉東海村東海路４３４巷４０號,東海村,1-15
500,東海國小教室,屏東縣枋寮鄉東海村東海路４８６號,東海村,16-29
501,大庄社區活動中心,屏東縣枋寮鄉大庄村德聖路４７號,大庄村,全村
502,太源社區活動中心,屏東縣枋寮鄉太源村太源路４９－２號,太源村,全村
503,玉泉社區活動中心,屏東縣枋寮鄉玉泉村玉泉路２號,玉泉村,全村
新園鄉,,,,
504,瓦磘國小教室,屏東縣新園鄉瓦磘村四環路３號,瓦磘村,"1-8,15"
505,瓦磘國小教室,屏東縣新園鄉瓦磘村四環路３號,瓦磘村,9-14
506,仙吉國小教室,屏東縣新園鄉仙吉村仙吉路９１號,仙吉村,1-10
507,仙吉國小教室,屏東縣新園鄉仙吉村仙吉路９１號,仙吉村,11-20
508,田洋村舊活動中心,屏東縣新園鄉田洋村仙隆路３７１號,田洋村,"1-12,22"
509,田洋村新活動中心,屏東縣新園鄉田洋村田南路６３號,田洋村,13-21
510,社區活動中心,屏東縣新園鄉港墘村港庄路１５號,港墘村,全村
511,社區活動中心,屏東縣新園鄉內庄村興安路８３之１號,內庄村,全村
512,新園國小教室,屏東縣新園鄉新園村媽祖路４９號,新東村,"1-3,5-10"
513,新園國小教室,屏東縣新園鄉新園村媽祖路４９號,新東村,"4,11-18"
514,新園國小教室,屏東縣新園鄉新園村媽祖路４９號,新園村,"1-10,14"
515,新園國小教室,屏東縣新園鄉新園村媽祖路４９號,新園村,"11-13,15-21"
516,港西國小教室,屏東縣新園鄉港西村中和路１０１號,港西村,"1-10,12"
517,港西國小教室,屏東縣新園鄉港西村中和路１０１號,港西村,"11,13-21"
518,烏龍國小教室,屏東縣新園鄉南龍村南興路２１７號,烏龍村,全村
519,烏龍國小教室,屏東縣新園鄉南龍村南興路２１７號,興龍村,"4-13,19"
520,烏龍國小教室,屏東縣新園鄉南龍村南興路２１７號,興龍村,"1-3,14-18"
521,社區活動中心,屏東縣新園鄉中洲村仁愛路８６之１號,中洲村,"1-8,11,12"
522,烏龍國小教室風雨球場,屏東縣新園鄉南龍村南興路２１７號,中洲村,"9,10,13-18"
523,烏龍國小教室,屏東縣新園鄉南龍村南興路２１７號,南龍村,全村
524,社區活動中心,屏東縣新園鄉五房村福德路７３號,五房村,1-8
525,五房村衛生室,屏東縣新園鄉五房村福德路７３號,五房村,"9-11,26,27"
526,楊府廟,屏東縣新園鄉五房村五房路１５１巷３１號,五房村,"12-25,28,29"
527,新興宮（王爺廟）,屏東縣新園鄉鹽埔村中正路１７０號,鹽埔村,1-11
528,社區活動中心,屏東縣新園鄉鹽埔村聖心路１００之１號,鹽埔村,"12-19,37-40"
529,文光幼兒園,屏東縣新園鄉鹽埔村鹽龍路１６３號,鹽埔村,20-36
530,鹽洲長老教會,屏東縣新園鄉共和村永和路６１號,共和村,"1-7,13-17"
531,興進宮,屏東縣新園鄉共和村光復路１５４號,共和村,"8-12,18-24"
崁頂鄉,,,,
532,崁頂國小教室,屏東縣崁頂鄉崁頂村中正路１１９號,崁頂村,1-8
533,崁頂國小教室,屏東縣崁頂鄉崁頂村中正路１１９號,崁頂村,9-16
534,南榮國中教室,屏東縣崁頂鄉園寮村田寮路１－１５號,園寮村,1-9
535,溪北國小教室,屏東縣南州鄉溪北村仁里路１０２號,園寮村,10-19
536,力社社區活動中心,屏東縣崁頂鄉力社村力社路３６號,力社村,全村
537,圍內社區活動中心,屏東縣崁頂鄉圍內村大庭路２４號,圍內村,全村
538,洲子社區活動中心,屏東縣崁頂鄉洲子村光復路１５－１５號,洲子村,全村
539,北勢社區活動中心,屏東縣崁頂鄉北勢村北勢路３２－６號,北勢村,全村
540,越溪社區活動中心,屏東縣崁頂鄉越溪村民權路７５號,越溪村,全村
541,港東社區活動中心,屏東縣崁頂鄉港東村平和北路２號,港東村,1-10
542,港隆宮,屏東縣崁頂鄉港東村平和南路６７號,港東村,11-19
林邊鄉,,,,
543,林邊國小教室,屏東縣林邊鄉林邊村１１鄰中山路６８號,林邊村,全村
544,仁和光林聯合村辦公處,屏東縣林邊鄉光林村８鄰中山路１８３號,光林村,全村
545,佛山寺,屏東縣林邊鄉永樂村２鄰榮農路５巷４０號,永樂村,"1,2,4,16,22,23,27"
546,台灣基督長老教會林邊教會,屏東縣林邊鄉永樂村５鄰榮農路１６號,永樂村,"3,5-12,14,15,17-19,21"
547,道一宮至釋堂,屏東縣林邊鄉永樂村１３鄰中林路２２５號,永樂村,"13,20,24-26,28,29"
548,慈濟宮,屏東縣林邊鄉林邊村８鄰中林路６８號,中林村,全村
549,仁和國小教室,屏東縣林邊鄉仁和村１４鄰中山路４１７號,仁和村,全村
550,田厝村辦公處,屏東縣林邊鄉田厝村４鄰成功路３巷３４之８號,田厝村,全村
551,崎峯村活動中心,屏東縣林邊鄉崎峯村３鄰成功路６００號,崎峯村,全村
552,水利村辦公處,屏東縣林邊鄉水利村７鄰豊漁路１１９號,水利村,1-7
553,水利社區第1所長壽俱樂部,屏東縣林邊鄉水利村１４鄰豊作路１號,水利村,8-14
554,竹林國小教室,屏東縣林邊鄉竹林村１鄰中興路１２２號,竹林村,1-16
555,慈德五村活動中心,屏東縣林邊鄉竹林村３０鄰勝利路１０１號,竹林村,17-35
556,鎮安攤販市場,屏東縣林邊鄉鎮安村１鄰中正路６號,鎮安村,全村
南州鄉,,,,
557,溪洲社區活動中心,屏東縣南州鄉溪洲村１９鄰新興路８５號,溪洲村,1-16
558,南州鄉老人文康中心,屏東縣南州鄉溪南村４鄰人和路２３５號,溪洲村,17-22
559,溪南社區活動中心,屏東縣南州鄉溪南村４鄰人和路３巷１７號,溪南村,全村
560,七塊社區活動中心,屏東縣南州鄉七塊村４鄰新生路４０號,七塊村,全村
561,萬華社區活動中心,屏東縣南州鄉萬華村２鄰萬華路６巷４號,萬華村,全村
562,仁里社區活動中心,屏東縣南州鄉仁里村１鄰仁愛路６號,仁里村,全村
563,溪北社區活動中心,屏東縣南州鄉溪北村８鄰仁里路９３號,溪北村,全村
564,米崙社區活動中心,屏東縣南州鄉米崙村８鄰中興路８６號,米崙村,全村
565,壽元社區活動中心,屏東縣南州鄉壽元村８鄰壽元路１０７號,壽元村,全村
566,同安社區活動中心,屏東縣南州鄉同安村１０鄰牛埔路２號,同安村,全村
567,南安社區活動中心,屏東縣南州鄉南安村１鄰神農路７７號,南安村,全村
佳冬鄉,,,,
568,千山公侯宮﹝三山國王廟﹞,屏東縣佳冬鄉佳冬村啟南路４１號,佳冬村,全村
569,佳冬公園內六根長壽俱樂部,屏東縣佳冬鄉六根村冬根路２５號,六根村,全村
570,賴家社區活動中心,屏東縣佳冬鄉賴家村大平路２７－１號,賴家村,全村
571,萬建村長壽俱樂部,屏東縣佳冬鄉萬建村忠義街２０７號,萬建村,1-13
572,佳冬國小教室,屏東縣佳冬鄉佳冬村進學街１５０號,萬建村,14-20
573,石光社區發展協會運動教室(舊石光派出所旁),屏東縣佳冬鄉玉光村中山路１號,石光村,1-13
574,石光社區發展協會(舊石光派出所),屏東縣佳冬鄉玉光村中山路１號,石光村,14-25
575,玉光國小教室,屏東縣佳冬鄉玉光村民學路８１號,玉光村,1-16
576,玉光國小教室,屏東縣佳冬鄉玉光村民學路８１號,玉光村,17-28
577,昌隆社區活動中心,屏東縣佳冬鄉昌隆村東昌路２９號,昌隆村,全村
578,大同社區活動中心,屏東縣佳冬鄉大同村武丁路３４號,大同村,全村
579,豐隆社區活動中心,屏東縣佳冬鄉豐隆村西昌路１７號,豐隆村,全村
580,羌園長壽俱樂部,屏東縣佳冬鄉羌園村內館路３５號,羌園村,全村
581,代天府,屏東縣佳冬鄉燄溫村北興路３４之１８號,燄溫村,全村
582,慈慧宮,屏東縣佳冬鄉塭豐村塭田路１９５號,塭豐村,1-8
583,塭豐社區活動中心,屏東縣佳冬鄉塭豐村塭田路２０６號,塭豐村,9-14
琉球鄉,,,,
584,本福社區活動中心,屏東縣琉球鄉本福村民生路５－３號,本福村,1-17
585,琉球鄉立圖書館,屏東縣琉球鄉本福村中山路４９－１６號,本福村,18-23
586,中福社區活動中心,屏東縣琉球鄉中福村三民路７巷２０號２樓,中福村,全村
587,漁福村活動中心,屏東縣琉球鄉漁福村本漁路８１巷５號,漁福村,全村
588,大福社區活動中心,屏東縣琉球鄉大福村和平路３巷１４－１號,大福村,全村
589,南福社區活動中心,屏東縣琉球鄉南福村忠孝路１－１０號,南福村,全村
590,天福社區活動中心,屏東縣琉球鄉天福村中正路３巷,天福村,全村
591,上福社區活動中心,屏東縣琉球鄉杉福村復興路１巷１－８號１樓,上福村,全村
592,杉福社區活動中心,屏東縣琉球鄉杉福村復興路１巷１－８號地下室,杉福村,全村
車城鄉,,,,
593,海口社區活動中心,屏東縣車城鄉海口村海口路５８號,海口村,全村
594,屏東農田水利會恆春工作站,屏東縣車城鄉田中村中山路１６６號,田中村,全村
595,車城鄉老人會臨時會館,屏東縣車城鄉福興村中正路２１－１號,福興村,1-11
596,車城國民小學學生活動中心,屏東縣車城鄉福興村中山路６６號,福興村,12-18
597,興安社區活動中心,屏東縣車城鄉福安村福安路７５號,福安村,全村
598,統埔社區活動中心,屏東縣車城鄉統埔村統埔路４６號,統埔村,全村
599,溫泉社區活動中心,屏東縣車城鄉溫泉村文化路３－２號,溫泉村,全村
600,保力社區活動中心,屏東縣車城鄉保力村龍井路１－３２號,保力村,"1-12,26"
601,車城國民小學保力分校,屏東縣車城鄉保力村保力路３０號,保力村,13-25
602,新街社區活動中心,屏東縣車城鄉新街村新街路４０號,新街村,全村
603,車城國民小學射寮分校,屏東縣車城鄉埔墘村埔墘路３８號,埔墘村,全村
604,射寮社區活動中心,屏東縣車城鄉射寮村射寮路８７號,射寮村,全村
605,後灣社區活動中心,屏東縣車城鄉後灣村後灣路９７號,後灣村,全村
滿州鄉,,,,
606,滿州村活動中心,屏東縣滿州鄉滿州村中山路１０７號,滿州村,全村
607,里德村活動中心,屏東縣滿州鄉里德村山頂路６３－１號,里德村,全村
608,响林村活動中心,屏東縣滿州鄉响林村福德路６４巷３號,响林村,全村
609,永靖社區長壽俱樂部,屏東縣滿州鄉永靖村庄內路１８號,永靖村,全村
610,港口村活動中心,屏東縣滿州鄉港口村港口路４２號,港口村,全村
611,長樂村長壽俱樂部,屏東縣滿州鄉長樂村和平路２１－２號,長樂村,全村
612,九棚村活動中心,屏東縣滿州鄉九棚村水燭路１號,九棚村,全村
613,港仔村活動中心,屏東縣滿州鄉港仔村港仔路６５號,港仔村,全村
枋山鄉,,,,
614,加祿國民小學枋山分校教室,屏東縣枋山鄉枋山村枋山路６號,枋山村,1-6
615,成功社區活動中心,屏東縣枋山鄉枋山村莿桐路６０號,枋山村,7-12
616,加祿國民小學教室,屏東縣枋山鄉加祿村會社２８號,加祿村,"1-6,14,15"
617,嘉和社區活動中心,屏東縣枋山鄉加祿村嘉和１２－１０號,加祿村,7-13
618,楓港老人活動中心,屏東縣枋山鄉楓港村舊庄１－２號,楓港村,全村
619,善餘社區活動中心,屏東縣枋山鄉善餘村德隆１９號,善餘村,全村
三地門鄉,,,,
620,大社綜合活動中心,屏東縣三地門鄉大社村８鄰和平路二段３５號,大社村,全村
621,德文村多功能活動中心,屏東縣三地門鄉德文村３鄰德文巷９號,德文村,全村
622,達來村多功能活動中心,屏東縣三地門鄉達來村６鄰達發達旺巷９０號,達來村,全村
623,三地門鄉立體育館,屏東縣三地門鄉三地村１鄰中正路二段１１號,三地村,全村
624,賽嘉國小教室,屏東縣三地門鄉賽嘉村賽嘉巷２號,賽嘉村,全村
625,口社社區活動中心,屏東縣三地門鄉口社村１鄰信義巷１號,口社村,全村
626,馬兒村多功能活動中心,屏東縣三地門鄉馬兒村１鄰馬兒巷２號,馬兒村,全村
627,安坡村多功能活動中心,屏東縣三地門鄉安坡村１鄰高山巷２號,安坡村,全村
628,青山國小教室,屏東縣三地門鄉青山村民族巷９號,青山村,全村
629,青葉村多功能活動中心,屏東縣三地門鄉青葉村７鄰光復巷７３之３號,青葉村,全村
霧臺鄉,,,,
630,谷川社區活動中心,屏東縣霧臺鄉霧台村谷村巷,霧台村,11
631,神山社區活動中心,屏東縣霧臺鄉霧台村神山巷,霧台村,1-3
632,霧台社區活動中心,屏東縣霧臺鄉霧台村中山巷,霧台村,4-10
633,霧台國小勵古百合分校教室,屏東縣霧臺鄉霧台村文化街２００號,吉露村,全村
634,霧台國小勵古百合分校教室,屏東縣霧臺鄉霧台村文化街２００號,阿禮村,全村
635,大武社區活動中心,屏東縣霧臺鄉大武村小山巷,大武村,全村
636,佳暮社區活動中心,屏東縣霧臺鄉佳暮村光明巷,佳暮村,全村
637,好茶部落會議室,屏東縣霧臺鄉好茶村古茶柏安街２２巷１６號,好茶村,全村
瑪家鄉,,,,
638,瑪家村辦公處,屏東縣瑪家鄉瑪家村３鄰瑪卡札亞街１２－２號,瑪家村,全村
639,北葉社區活動中心,屏東縣瑪家鄉北葉村９鄰風景１－１８號,北葉村,全村
640,玉泉社區活動中心,屏東縣瑪家鄉三和村玉泉３９號,三和村,1-4
641,三和社區活動中心,屏東縣瑪家鄉三和村５鄰三和１６號,三和村,5-10
642,美園社區活動中心,屏東縣瑪家鄉三和村１１鄰美園４－１０號,三和村,11-16
643,凉山國小教室,屏東縣瑪家鄉凉山村２鄰凉山２５號,凉山村,全村
644,佳義社區活動中心,屏東縣瑪家鄉佳義村１鄰泰平巷１０號,佳義村,全村
645,排灣社區活動中心,屏東縣瑪家鄉排灣村５鄰排灣５８號,排灣村,全村
泰武鄉,,,,
646,佳平社區活動中心,屏東縣泰武鄉佳平村２鄰佳平巷12號,佳平村,1-5
647,萬安國小馬士分校教室,屏東縣泰武鄉佳平村６鄰獅子１號,佳平村,"6,7"
648,武潭社區活動中心,屏東縣泰武鄉武潭村武潭村2鄰潭中巷８３號,武潭村,全村
649,平和村活動中心,屏東縣泰武鄉平和村３鄰太和巷１７號,平和村,全村
650,萬安村多功能活動中心,屏東縣泰武鄉萬安村１鄰萬安３號,萬安村,全村
651,佳興社區活動中心,屏東縣泰武鄉佳興村2鄰佳興２８號,佳興村,全村
652,吾拉魯滋活動中心,屏東縣泰武鄉泰武村4鄰大武山一街38號,泰武村,全村
來義鄉,,,,
653,來義托兒所舊教室,屏東縣來義鄉來義村３鄰來義２０號,來義村,全村
654,義林托兒所教室,屏東縣來義鄉義林村３鄰義林６２－２號,義林村,1-4
655,大後天主堂,屏東縣來義鄉義林村大後１８號前,義林村,5-7
656,丹林社區活動中心,屏東縣來義鄉丹林村１鄰丹林２５－１號,丹林村,1-4
657,喜樂發發吾社區活動中心,屏東縣來義鄉丹林村６鄰古義路１４號,丹林村,"5,6"
658,古樓社區活動中心,屏東縣來義鄉古樓村１４鄰中正路１０５號,古樓村,全村
659,文樂國小教室,屏東縣來義鄉文樂村新樂１號,文樂村,全村
660,望嘉國小教室,屏東縣來義鄉望嘉村１４鄰望嘉１６５號,望嘉村,全村
661,來義鄉文物館,屏東縣來義鄉南和村１９鄰南和２８９號,南和村,全村
春日鄉,,,,
662,春日國小教室,屏東縣春日鄉春日村春日路３１４號,春日村,全村
663,古華社區活動中心,屏東縣春日鄉古華村古華路２巷４５號,古華村,全村
664,士文社區文化聚會所,屏東縣春日鄉士文村士文路６４號,士文村,全村
665,春日鄉老人文康中心,屏東縣春日鄉七佳村自強一路１８號,七佳村,全村
666,歸崇村聚會所,屏東縣春日鄉七佳村自強一路６０－１號,歸崇村,全村
667,力里社區活動中心,屏東縣春日鄉力里村圓山路１號,力里村,全村
獅子鄉,,,,
668,楓林活動中心,屏東縣獅子鄉楓林村１鄰６號,楓林村,全村
669,丹路活動中心,屏東縣獅子鄉丹路村２鄰１９號,丹路村,全村
670,草埔活動中心,屏東縣獅子鄉草埔村６鄰４６號,草埔村,全村
671,內文活動中心,屏東縣獅子鄉內文村３鄰２８號,內文村,全村
672,竹坑活動中心,屏東縣獅子鄉竹坑村１鄰８號,竹坑村,全村
673,獅子活動中心,屏東縣獅子鄉獅子村３鄰３５號,獅子村,全村
674,內獅活動中心,屏東縣獅子鄉內獅村６鄰６４之１號,內獅村,全村
675,南世活動中心,屏東縣獅子鄉南世村２鄰２９號,南世村,全村
牡丹鄉,,,,
676,大梅社區活動中心,屏東縣牡丹鄉石門村大梅路６８－７號,石門村,9-11
677,石門社區活動中心,屏東縣牡丹鄉石門村１９號,石門村,1-8
678,牡丹社區活動中心,屏東縣牡丹鄉牡丹村５鄰牡丹路９８號,牡丹村,全村
679,東源社區活動中心,屏東縣牡丹鄉東源村東源路１２號,東源村,全村
680,旭海社區活動中心,屏東縣牡丹鄉旭海村旭海路９６號,旭海村,全村
681,高士村舊托兒所教室,屏東縣牡丹鄉高士村高士路５９－１號,高士村,全村
682,高士國小牡林分校教室,屏東縣牡丹鄉四林村四林路８０號,四林村,全村