編號,場所名稱,投開票所地址,所屬村里,所屬鄰別
103年地方公職人員選舉投開票所設置地點一覽表（桃園市）,,,,
0001,建國國小一年三班,昆明路９５號,大林里,"1,3,6,11,12,18,20,25"
0002,大林幼兒園左側,大原路３１號,大林里,"21,26-29,32,33"
0003,大林幼兒園右側,大原路３１號,大林里,"4,7,13,14,16,24"
0004,復興崗幼兒園企鵝班,大原路１５０號,大林里,"2,5,15,17,19,22,30"
0005,復興崗幼兒園熊貓班,大原路１５０號,大林里,8
0006,建德國小一年一班,延平路２６５號,大林里,"9,10,23,31"
0007,建國國小一年五班,昆明路９５號,大豐里,1-11
0008,建國國小一年六班,昆明路９５號,大豐里,12-18
0009,建國國小一年八班,昆明路９５號,大豐里,19-25
0010,宋天宮（辦公室）,桃鶯路８７巷５２號,建國里,"1-5,7,8,12,16,17"
0011,宋天宮（餐廳）,桃鶯路８７巷５２號,建國里,"18-22,24-26"
0012,建國公園管理中心,建成街８８號,建國里,"6,9-11,13-15,23"
0013,大林寺,桃鶯路１２４號,雲林里,1-9
0014,建國國小六年一班(B103),昆明路９５號,雲林里,10-15
0015,建國國小六年三班(B101),昆明路９５號,雲林里,"16-21,26"
0016,建國國小四年一班(D104),昆明路９５號,雲林里,22-25
0017,建國國小五年十班,昆明路９５號,福安里,"1-7,9-11,19"
0018,建國國小三年十班,昆明路９５號,福安里,"16-18,23-27"
0019,陽明公園管理中心,介壽路１９９號,福安里,"8,12-15,20-22"
0020,建國國中三年二十二班,介新街２０號,福林里,1-9
0021,建國國中二年五班,介新街２０號,福林里,10-20
0022,建國國中二年二十班,介新街２０號,福林里,21-30
0023,葉建成宅,永美街７１號,豐林里,"1,12,20-22,32"
0024,陽明公園管理中心,介壽路１９９號,豐林里,"2,4,5,13-15,23,33,35,36"
0025,盧嘉雄宅,保羅街１８１號,豐林里,"3,8-10,16,17,27-31"
0026,楊柳川宅,青田街１４８號,豐林里,"6,7,11,18,19,24-26,34,37  "
0027,天主教堂,永樂街１４７號,中和里,1-14
0028,桃園國中和平樓七年2班,莒光街２號,中興里,1-11
0029,桃園國中信義樓八年30班,莒光街２號,中興里,12-24
0030,桃園國中四維樓九年5班,莒光街２號,中興里,25-35
0031,桃園國小三年六班,民權路６７號,文化里,1-8
0032,桃園國小自然教室（一）,民權路６７號,文昌里,1-10
0033,桃園國小課後照顧班,民權路６７號（民族路後門）,文明里,1-13
0034,林翁謙宅,北新街１６號,北門里,1-14
0035,東門國小二年二班,東國街１４號,民生里,1-14
0036,成功國小東前棟一樓專科教室,三民路三段２２號,永興里,1-15
0037,西門國小一年二班,莒光街１５號,光興里,1-13
0038,西門國小一年三班,莒光街１５號,光興里,14-25
0039,西門國小一年四班,莒光街１５號,光興里,26-37
0040,西門國小一年六班,莒光街１５號,西門里,1-12
0041,西門國小一年八班,莒光街１５號,西湖里,1-12
0042,桃園國小六年一班,民權路６７號,武陵里,1-12
0043,桃園市老人會館,民權路６９巷２號,長美里,1-10
0044,陽明高中知行樓一樓,德壽街８號,南門里,"1-8,20"
0045,南門國小一年二班,復興路３０３號,南門里,10-18
0046,南門國小一年四班,復興路３０３號,南門里,"19,21,22,24-27"
0047,陽明高中一年十七班,德壽街８號,南門里,"9,23,28-31"
0048,桃園國小二年一班,民權路６７號（民族路後門）,南華里,1-12
0049,中山國小一年五班,國際路一段１０７０號,中山里,1-7
0050,中山國小一年九班,國際路一段１０７０號,中山里,8-14
0051,中山國小一年十班,國際路一段１０７０號,中山里,15-25
0052,中山國小三年二班,國際路一段１０７０號,中山里,26-32
0053,幼華幼兒園,宏昌五街１６號,中平里,"1-5,7,8"
0054,葉妃萍宅,中州街４８號,中平里,"10,14-19,21,22,24-26"
0055,聖化佛堂,壽昌街１０８號,中平里,"6,9,11-13,20,23,27"
0056,桃園農田水利會一樓大廳,守法路６２號,中正里,1-9
0057,文山國小二年一班,文中路１２０號,中正里,10-20
0058,文山國小二年三班,文中路１２０號,中正里,21-28
0059,明聖道院,永佳街１２６號,中成里,"1-5,20"
0060,蓮華寺,慈文路４１０號,中成里,"13-17,19"
0061,華人幼兒園,永安路７６４號,中成里,"6-12,18"
0062,玄城宮廣場,國強一街１６６號斜對面,中信里,"1-3,16-19,21"
0063,樺興幼稚園,德華街２２１號,中信里,"4,5,7-15"
0064,寶祥縣寶社區廣場,中山路１０００號,中信里,"6,20,22-27"
0065,中原里等五里聯合集會所,中平路１１８號,中原里,1-10
0066,中原里等五里聯合集會所,中平路１１８號,中原里,11-20
0067,中山國小三年一班,國際路一段１０７０號,中泰里,"1,2,4-6,12,13"
0068,武陵高中一年八班,中山路８８９號,中泰里,"3,7-11,14,15"
0069,武陵高中一年四班,中山路８８９號,中聖里,"1-5,9"
0070,武陵高中一年五班,中山路８８９號,中聖里,"6,8,10-13"
0071,武陵高中一年六班,中山路８８９號,中聖里,"7,14-16"
0072,中路集會所,中山路７１２號旁,中路里,"1-8,21"
0073,文山國小二年五班,文中路１２０號,中路里,9-20
0074,呂水盛宅旁車庫,國際一路１１０號旁車庫,中德里,"1-5,7,22-26,28"
0075,中山社區活動中心,國際路一段５７５號,中德里,"15-21,27"
0076,蕭士淳宅旁車庫,國際路一段９１號（國際路一段１０１巷內）,中德里,"6,8-14"
0077,中興國中二年一班,文中路１２２號,文中里,1-8
0078,中興國中二年三班,文中路１２２號,文中里,9-17
0079,振聲高中普一廉（A107）,復興路４３９號,玉山里,"1,13,19-25"
0080,振聲高中觀一實（A109）,復興路４３９號,玉山里,"2-6,15,18"
0081,南門國小六年舞蹈班,南山街側門,玉山里,"7-12,14,16,17,26"
0082,振聲高中普一禮（A105）,復興路４３９號,泰山里,"1-4,6-9"
0083,振聲高中普一成（A103）,復興路４３９號,泰山里,"5,10-20"
0084,龍山國小太鼓教室旁,龍泉二街３６號,龍山里,1-7
0085,龍山國小三年二班,龍泉二街３６號,龍山里,16-27
0086,龍山國小綜合教室,龍泉二街３６號,龍山里,8-15
0087,桃園市戶政事務所地下室右側,國豐三街１２３號,龍安里,"1,2,6,8-13"
0088,桃園市戶政事務所地下室左側,國豐三街１２３號,龍安里,"14-16,18-20"
0089,龍安國小一年五班,文中路一段３５號,龍安里,"3-5,7,17"
0090,上海新天地二期社區文康中心,江南二街５１號,龍岡里,1-10
0091,歡樂家庭社區中庭,國強一街２０８號,龍岡里,"20-22,24,25"
0092,宏國大廈中廊藝文活動中心,江南十街２４號,龍岡里,"11-19,23"
0093,龍山國小一年一班,龍泉二街３６號,龍祥里,1-6
0094,龍山國小一年五班,龍泉二街３６號,龍祥里,13-18
0095,龍山國小一年三班,龍泉二街３６號,龍祥里,7-12
0096,龍山國小四年三班,龍泉二街３６號,龍壽里,1-4
0097,龍山國小二年六班,龍泉二街３６號,龍壽里,5-9
0098,龍山國小三年一班,龍泉二街３６號,龍壽里,10-16
0099,龍岡社區活動中心幼兒園大熊班,國豐二街６號,龍鳳里,"1-8,29"
0100,龍岡社區活動中心幼兒園史努比班,國豐二街６號,龍鳳里,17-24
0101,龍安祠,國豐二街６號旁,龍鳳里,"14-16,25,27,28"
0102,桃園市衛生所（一樓入口）,國強八街２號,龍鳳里,"9-13,26"
0103,中埔國小創意優遊館（2）,永安路１０５４號,中埔里,"1-4,12"
0104,中埔國小課後托育班（2）,永安路１０５４號,中埔里,5-11
0105,同德國小110教室,同德六街１７５號,中寧里,"1,4-10"
0106,慈文國中9年5班教室,中正路８３５號,中寧里,"2,3,11-16"
0107,永順國小一年五班,永順街１００號,中寧里,17
0108,莊敬國小一年一班,莊一街１０７號,北埔里,1-8
0109,莊敬國小一年三班,莊一街１０７號,北埔里,9-16
0110,成功國小一年一班,三民路三段２２號,永安里,"1-8,10"
0111,成功國小一年四班,三民路三段２２號,永安里,"11,12,14,15,20-22"
0112,長德長安永安里聯合集會所,中正五街３１５號,永安里,"9,13,16-19,23-25"
0113,慈文國小二年四班,新埔六街２號,同安里,"1,3-5,19"
0114,慈文國小一年一班,新埔六街２號,同安里,"2,16,17,22,23"
0115,慈文國小二年六班,新埔六街２號,同安里,"6-8,18,21"
0116,同安國小六年一班,同德十一街４８號,同安里,"9-15,20"
0117,同德國小114教室,同德六街１７５號,同德里,1-6
0118,同德國小112教室,同德六街１７５號,同德里,13-15
0119,同德國小115教室,同德六街１７５號,同德里,7-12
0120,經國國中（B104教室）,經國路２７６號,自強里,"1,8,9,25,26"
0121,巴黎伯爵一樓大廳,莊敬路一段１８１巷２號,自強里,"10,11,14-16,23,24,29,30"
0122,經國國中B102教室,經國路２７６號,自強里,"2-6,12,27"
0123,莊敬社區活動中心,新埔七街１６９巷１３號,自強里,"7,13,17-22,28,31"
0124,西埔里活動中心,富國路６８１巷２２號　,西埔里,"1-5,10-12"
0125,西埔社區活動中心,永安路１３６０.１４６８巷叉口,西埔里,"6-9,13,14"
0126,同德國小107教室,同德六街１７５號,明德里,1-6
0127,莊敬國小一年五班,莊一街１０７號,明德里,7-11
0128,大墓公,民生路５７１號,東埔里,"1,2,4,9-12,24,26,28"
0129,北門國小六年一班,正康三街１３９號,東埔里,"3,5,17-19,21,22,29"
0130,北門國小六年三班,正康三街１３９號,東埔里,"6-8,13-16,20,23,25,27"
0131,長德長安永安里聯合集會所,中正五街３１５號,長安里,"1,2,4,5,9-15"
0132,黃松茂宅,民光路１４１號,長安里,"3,6-8,16-20"
0133,長德祠管委會,中正五街２０８號,長德里,1-9
0134,康阿民宅,中正三街３８６號,長德里,"10-14,19,20"
0135,紫京城育樂中心,中正五街２９０號,長德里,"15-18,21,22"
0136,文昌國中901教室,民生路７２９號,信光里,"1-6,10,22,23"
0137,北門國小一年一班,正康三街１３９號,信光里,14-20
0138,北門國小一年三班,正康三街１３９號,信光里,"7-9,11-13"
0139,北門國小五年四班,正康三街１３９號,信光里,"21,24-28"
0140,永順國小一年四班,永順街１００號,南埔里,"1-9,11"
0141,永順國小一年一班,永順街１００號,南埔里,"10,12-16"
0142,同安國小一年一班,同德十一街４８號,莊敬里,"1,4,6,7,20"
0143,同安國小六年四班,同德十一街４８號,莊敬里,"11-14,16,22"
0144,同安國小五年一班,同德十一街４８號,莊敬里,"2,3,9,10,21"
0145,同安國小學習中心,同德十一街４８號,莊敬里,"5,8,15,17-19,23"
0146,慈文國中8年1班,中正路８３５號,慈文里,"1-5,20,22,23"
0147,慈文國中8年3班,中正路８３５號,慈文里,"15,21,25,27-30"
0148,慈文國中7年20班,中正路８３５號,慈文里,"6-14,16-19,24,26"
0149,慈文國小二年一班,同安街９８號對面（學校後門）,新埔里,"1-3,29"
0150,慈文國小一年五班,同安街９８號對面（學校後門）,新埔里,30-34
0151,巴黎富邑一樓大廳,天祥五街５號,新埔里,"5,6,25-28"
0152,新埔活動中心,南通路６５號,新埔里,7-19
0153,新埔國小一年二班,經國路２０８巷３６號,新埔里,"4,20-24"
0154,莊敬國小一年十班,莊一街１０７號,瑞慶里,"1,11-14"
0155,莊敬國小一年六班,莊一街１０７號,瑞慶里,2-6
0156,莊敬國小一年八班,莊一街１０７號,瑞慶里,7-10
0157,同德國中901教室,南平路４８７號,寶安里,1-4
0158,同德國中童軍團部,南平路４８７號,寶安里,"10-14,24,25"
0159,王公廟,永安北路３８１巷３２號,寶安里,15-23
0160,同德國中911教室,南平路４８７號,寶安里,5-9
0161,同德國小117教室,同德六街１７５號,寶慶里,"1,15-16"
0162,同德國小118教室,同德六街１７５號,寶慶里,"2-6,13"
0163,同德國小120教室,同德六街１７５號,寶慶里,"7-12,14"
0164,桃園市立幼兒園忠義分班（米老鼠班）,三元街２８９號,三元里,1-8
0165,桃園市立幼兒園忠義分班（小熊維尼班）,三元街２８９號,三元里,9-17
0166,青溪國中學習發展中心（編號02）,中山東路１２４號,三民里,1-9
0167,青溪國中生物實驗室（編號01）,中山東路１２４號,三民里,10-16
0168,青溪國中八年一班（編號60）,中山東路１２４號,三民里,17-24
0169,大有國小一年一班,大有路２２０號,大有里,1-4
0170,大有國小一年四班,大有路２２０號,大有里,5-8
0171,大有國小自然教室（一）,大有路２２０號,大有里,9-12
0172,大業國小六年三班,大業路一段１３５號,大興里,"1,2,4,8,20,21"
0173,大業國小六年一班,大業路一段１３５號,大興里,"18,27"
0174,大業國小六年十班,大業路一段１３５號,大興里,"3,19,25,26,28"
0175,會稽國中健體領域教室（專101）,大興路２２２號,大興里,"5,6,11,22,29"
0176,會稽國中禮儀教室（專103）,大興路２２２號,大興里,"10,12,17,23,24"
0177,會稽國中童軍教室（專107）,大興路２２２號,大興里,"7,9,13-16"
0178,青溪國小一年一班,自強路８０號,成功里,1-12
0179,青溪國小一年三班,自強路８０號,成功里,13-25
0180,汴洲里老人活動中心,莊敬路一段７１號,汴洲里,"1-5,7,18-20,22"
0181,汴洲社區活動中心籃球場,峨眉二街２６號,汴洲里,"6,9-10,12-17,23"
0182,會稽國小二年三班,春日路１０８０號,汴洲里,"8,11,21"
0183,大業國小一年六班,大業路一段１３５號,忠義里,"1-3,5-7"
0184,大業國小一年二班,大業路一段１３５號,忠義里,21-24
0185,大業國小六年四班,大業路一段１３５號,忠義里,"4,8,15-20"
0186,大業國小一年四班,大業路一段１３５號,忠義里,9-14
0187,瑪利幼兒園,安東街８０號,東山里,1-19
0188,東門國小二年三班,東國街１４號,東門里,1-9
0189,東門國小二年五班,東國街１４號,東門里,10-18
0190,青溪里集會所,鎮撫街４１號,青溪里,"1-5,16-22"
0191,青溪國小二年二班,自強路８０號,青溪里,"6-10,23-27"
0192,青溪國小二年四班,自強路８０號,青溪里,"11-15,28-33"
0193,會稽國小一年一班(316),春日路１０８０號,春日里,1-7
0194,會稽國小一年三班(314),春日路１０８０號,春日里,8-16
0195,會稽國小一年五班(312),春日路１０８０號,春日里,17-23
0196,朝陽里活動中心,朝陽街６３號,朝陽里,1-15
0197,會稽國中C102(社會領域)教室,大興路２２２號,會稽里,1-6
0198,快樂國小119教室,大有路７８９號,會稽里,"10,15,18-19,23-24"
0199,會稽國中B104-908教室,大興路２２２號,會稽里,"7,16-17,20-22"
0200,快樂國小126教室,大有路７８９號,會稽里,"8-9,11-14,25"
0201,萬壽里活動中心,萬壽路三段１８１之６號,萬壽里,1-8
0202,福祿貝爾幼兒學校大業分校101教室,坤成街５７號,寶山里,1-7
0203,大業幼稚園白兔班,民有十三街８５號,寶山里,16-18
0204,大業幼稚園天鵝班,民有十三街８５號,寶山里,20-24
0205,福祿貝爾幼兒學校大業分校114教室,坤成街５７號,寶山里,"8-15,19"
103年地方公職人員選舉投開票所設置地點一覽表（龜山鄉）,,,,
編號,場所名稱,投開票所地址,所屬村里,所屬鄰別
0206,千禧新城二期活動中心A室,光峯路千禧新城１４１號,精忠村,1-8
0207,千禧新城二期活動中心B室,光峯路千禧新城１４１號,精忠村,9-27
0208,精忠五村文康中心,光峯路１１１巷１２號之１,精忠村,28-37 
0209,陸光新城A區活動中心,長壽路５１９號,陸光村,1-15
0210,陸光村集會所,陸光路７９號,陸光村,16-30
0211,中興村集會所,壽山路２巷１１之１號,中興村,"1-5,27-31"
0212,三興宮,壽山路１４３號旁土地公廟,中興村,"6-13,23-25"
0213,何宅,民權街３１號,中興村,"14-22,26"
0214,貿商新城活動中心,中興路１９６巷１號１樓,新興村,1-16
0215,龜山鄉綜合行政大樓一樓,自強南路９７號,新興村,17-20
0216,新路國小一年一班,永和街１２號,新路村,"1-12,39"
0217,快樂斑比幼兒園,樂宮街３６號,新路村,"13,20-25,28,41"
0218,新路村集會所,新樂街３６號３樓,新路村,"14-19,31,34,37,38,40"
0219,慧兒園幼兒園,自強南路２７８巷２號,新路村,"26,27,29,30,32,33,35,36,42"
0220,龜山國中八年五班,自強西路６６號,龜山村,"1-9,18,25,26"
0221,龜山社區活動中心,中興路一段５０號,龜山村,"10-14,19,20,23,27,30"
0222,自強國小一年忠班,自強東路２６９號,龜山村,"15,16,31-36"
0223,自強國小一樓彈性教室,自強東路２６９號,龜山村,"17,21,22,24,28,29"
0224,壽山高中行政大樓1樓資源班,大同路２３號,大同村,"2-5,17-20"
0225,大同社區活動中心,明德路２０３巷１０號,大同村,"6,7,15,16,21,26-29,33,34"
0226,六合幼兒園,大同路４０９巷３號,大同村,"8-14,31,32"
0227,自強國小活動中心1樓,自強東路２６９號,大同村,"1,22-25,30"
0228,三信社區活動中心,明興街１４０巷４弄４９號前,山頂村,"3-6,21-24"
0229,龜山鄉立幼兒園幸福所,中興路１７巷１１號,山頂村,"7-20,27"
0230,春虹大郡管理委員會,明興街２２１巷３０弄１號,山頂村,"1-2,25,26,28-30"
0231,山頂國小一年一班教室,頂興路２號,山德村,"1-9,30,31 "
0232,山頂國小一年三班教室,頂興路２號,山德村,"10-19,32"
0233,山頂國小二年二班教室,頂興路２號,山德村,"20-29,33,34"
0234,山德社區活動中心,頂興路２巷１４號,山福村,"1-6,16-19"
0235,幸福國小一年四班,頂興路１１５巷２０號,山福村,7-15
0236,幸福土地公廟,幸福一街３０號前面,幸福村,1-9
0237,幸福社區活動中心,幸福一街３８－１號,幸福村,10-18 
0238,二十五街公園,幸福二十五街１０號後面,幸福村,19-27 
0239,龍壽社區活動中心,龍校街３０－１號,龍壽村,全村
0240,龍華社區活動中心,萬壽路一段４２２巷２２弄４３之１號,龍華村,"1-5,9-11,14,15,18 "
0241,大慶蓮莊社區媽媽教室,萬壽路一段３９６巷３號地下１樓,龍華村,"6-8,12,13,16,17"
0242,迴龍社區活動中心,宏慶街３４巷４８之１號,迴龍村,"1-12,34 "
0243,迴龍國中小一年一班,萬壽路一段１６８號,迴龍村,"13-23,35"
0244,迴龍國中小四年一班,萬壽路一段１６８號,迴龍村,24-33 
0245,壽山國小社會科教室,萬壽路二段６巷６１號,嶺頂村,"1-5,17-20"
0246,龍廷社區活動中心,振興路５８巷３弄２號,嶺頂村,6-16 
0247,壽山國小二年乙班教室,萬壽路二段６巷６１號,嶺頂村,21-30 
0248,龍和園警衛室旁停車場,優美街７巷１號地下１樓,新嶺村,1-11
0249,新嶺土地公廟,寶石街１０號１樓,新嶺村,12-25
0250,福源國小五年甲班,大同路９１６號,兔坑村,"1-4,10-18"
0251,大江山社區活動中心,幸美九街３５號,兔坑村,19-29
0252,台北小城土地公廟,茶專路１６７號旁,兔坑村,5-9
0253,福源村集會所,大同路３５６巷６２弄５９之１號,福源村,全村
0254,舊路老人活動中心,振興路７４９巷１８號,舊路村,1-8
0255,振天宮老人活動中心,振興路１２７８巷２９號,舊路村,9-17
0256,大坑國小四年甲班,大坑路一段８５０號,大坑村,全村
0257,諾貝爾幼兒園,楓樹五街１號,楓樹村,"1-2,26-29"
0258,楓樹村集會所,光明街２０３－１號,楓樹村,"3,7-14,19-24,30"
0259,楓樹國小一年五班教室,光峯路２７７號,楓樹村,"4-6,15-18,25"
0260,樂善社區活動中心,樂安街７之１號,樂善村,1-19
0261,樂善國小志工聯誼室,樂安街７１號,樂善村,20-28
0262,醫護新村文康中心A室,長庚醫護社區８０號地下１樓,長庚村,1-13
0263,醫護新村文康中心B室,長庚醫護社區８０號地下１樓,長庚村,14-26
0264,公西社區活動中心,復興街２５０巷１－１號,公西村,全村
0265,大崗國小專科教室（四）,大湖一路１７５號,大崗村,1-15
0266,大崗國小餐廳,大湖一路１７５號,大崗村,16-26
0267,大湖國小多功能教室,文三二街８０號,大湖村,"1-11,21"
0268,大湖國小一年三班,文三二街８０號,大湖村,"12-20,22,23"
0269,文華國小一年一班,文化七路１１６號,大華村,1-8
0270,文華國小一年四班,文化七路１１６號,大華村,"9,18-21,28,29 "
0271,文華國小二年一班,文化七路１１６號,大華村,22-27 
0272,原住民文化會館,文化七路１１８巷９號,大華村,"10-17,30"
0273,文化村集會所,文昌五街９９號,文化村,"1-5,7-8,21-22,24"
0274,大崗國中901教室,文化二路１６８號,文化村,"6,9-14,23,25,26"
0275,大崗國中903教室,文化二路１６８號,文化村,"15-20,27-33"
0276,南上社區活動中心一樓,民生北路一段３８６－１號,南上村,全村
0277,南美國小三年一班,南上路９９號,南美村,全村
103年地方公職人員選舉投開票所設置地點一覽表（八德市）,,,,
編號,場所名稱,投開票所地址,所屬村里,所屬鄰別
0278,八德國小1年6班,興豐路２２２號,興仁里,"1-3,15-20"
0279,八德國小興豐樓專科教室,興豐路２２２號,興仁里,"7,8,21-27,30"
0280,八德國小2年1班,興豐路２２２號,興仁里,"4-6,9-14,28,29"
0281,福興社區活動中心,廣興路５３號,福興里,"1-3,11-13,16-18,24"
0282,河南堂(宗祠),建興街１６２號,福興里,"10,14-15,19-20,26-29"
0283,邱氏強芝乃辛紀念堂,建興街１３０巷５弄２號,福興里,"4-9,21-23,25,30-31"
0284,八德國中守法樓708教室,興豐路３２１號,瑞豐里,1-15
0285,大庄土地公廟旁活動室,建國路３０４號對面(宏亞食品斜對面),瑞興里,"1-4,14-18"
0286,呂學進宅(車庫),建國路４３４號,瑞興里,"5-13,19"
0287,瑞豐國小6年1班,介壽路二段９３３巷４０號,瑞泰里,"4-10,22,29,30"
0288,瑞泰里集會所,介壽路二段５８３巷１２號,瑞泰里,"1-3,11-16"
0289,八德市原住民文化聚會所,介壽路二段５８３巷１４號,瑞泰里,"17-21,23-28,31"
0290,瑞豐國小4年1班,介壽路二段９３３巷４０號,瑞發里,"1-14,30"
0291,瑞豐國小2年1班,介壽路二段９３３巷４０號,瑞發里,15-29
0292,呂謝麗霞宅(車庫),忠誠新村１１號,瑞德里,"1-12,29,30"
0293,雅典桂冠大樓,僑愛一街１２７號,瑞德里,"13-28,31-34"
0294,瑞祥里集會所(右側),介壽路二段１２３３巷４６－１號,瑞祥里,1-17
0295,瑞祥里集會所(左側),介壽路二段１２３３巷４６－１號,瑞祥里,18-35
0296,廣興社區活動中心,廣興路６４３號,廣德里,"1-4,14-16,18"
0297,樂兒堡幼兒園,大勤街６號,廣德里,"5-13,17"
0298,廣興國小1年甲班,雙連坡１－１號,廣興里,"1-10,23-24,32"
0299,大成國小4年1班,廣福路３１號,廣興里,"11-22,25-31"
0300,廣隆社區照顧關懷據點,廣隆街１３７巷４６－１號,廣隆里,"1-15,29"
0301,大成國小3年1班,廣福路３１號,廣隆里,"16-22,30,33-34"
0302,茄苳國小1年甲班,永豐路１５５號,廣隆里,"23-28,31-32"
0303,霄裡國小1年甲班,山下街１１５號,竹園里,"1-12,25-29"
0304,霄裡國小3年乙班,山下街１１５號,竹園里,13-24
0305,竹霄社區活動中心,廟前１之１號,霄裡里,1-19
0306,龍友里集會所,龍宮街３６巷１號,龍友里,"1-10,21"
0307,張浩恩宅,龍宮街３３巷５０號,龍友里,11-20
0308,桃園居易大樓1樓中庭,中華路３１４－１號,茄明里,"2-11,27-29"
0309,明光福德宮管委會集會所,明光街８巷底,茄明里,"1,12-21"
0310,明光福德宮會議室,明光街８巷底,茄明里,"22-26,30-34"
0311,茄白社區活動中心,永豐路１７０號,茄苳里,1-11
0312,茄苳國小1年丙班,永豐路１５５號,茄苳里,12-19
0313,永豐高級中學305教室,永豐路６０９號,永豐里,"5-7,13-19"
0314,永豐高級中學306教室,永豐路６０９號,永豐里,"1-4,8-12"
0315,高明里集會所,永豐路５７２巷１７號,高明里,"1-16,33"
0316,三立幼兒園,高城路１２９號,高明里,"17-32,34-35"
0317,鄭麗琴宅(車庫),高城二街１２號,高城里,1-16
0318,蔡宗哲宅,高城八街６６號,高城里,17-28
0319,茄苳國小1年戊班,永豐路１５５號,白鷺里,"3,4,6,11-16,21-27"
0320,黃進財宅,公厝仔７－１號(象福宮旁),白鷺里,"1,2,5,7-10,17-20"
0321,大安國小1年丙班,和平路６３８號,大湳里,1-14
0322,大安國小2年甲班,和平路６３８號,大湳里,15-32
0323,桃城工業有限公司(車庫),後庄街１號,大發里,1-21
0324,廣行宮活動室,仁和街２１１巷１弄１８號,大仁里,"1-9,21-24,29-30"
0325,大仁里集會所(左側),和平路１４４２巷７５號,大仁里,"10-20,25-28,31"
0326,大仁里集會所(右側),和平路１４４２巷７５號,大明里,"1-15,20-21"
0327,大明社區活動中心,興隆街１１巷８號,大明里,"16-19,22-31"
0328,大安國小5年乙班,和平路６３８號,大安里,1-10
0329,大安里集會所,建安街１１０號,大安里,11-28
0330,大竹里集會所,竹高厝１１－２號,大竹里,1-14
0331,指玄宮會議室,大興里城仔４之２５號,大興里,1-14
0332,指玄宮餐廳,大興里城仔４號,大興里,15-27
0333,大成國中7年16班,忠勇街１２號,大愛里,1-12
0334,大成國中7年18班,忠勇街１２號,大愛里,13-22
0335,八德家庭服務中心旁車棚,介壽路二段７３號,大華里,1-11
0336,大興社區活動中心,介壽路二段３６１巷９６號,大華里,12-23
0337,八德市衛生所,介壽路二段３６１巷２８號,大順里,1-14
0338,大興社區活動中心後棟大樓,介壽路二段３６１巷９６號,大順里,15-27
0339,嚴天成宅,建國路１１７６號,大和里,"1-9,18-21"
0340,曾長樹宅,介壽路二段１９０巷３７號,大和里,"10-17,22-23"
0341,力霸倫敦城社區管委會,銀和街４７號,大和里,28-36
0342,大和里集會所,建國路１０７６號,大和里,"24-27,37-45"
0343,大昌里福興宮管委會會議室,介壽路二段２５２巷１５弄８衖底,大昌里,"1-8,18-20,24"
0344,張來好宅,鴻昌街３４號,大昌里,"9-17,21-23,25"
0345,大信里集會所(前側),大興路９９２號,大信里,1-23
0346,大信里集會所(後側),大興路９９２號,大信里,"24-33,36-38"
0347,榮民之家前候車亭,興豐路１２０８號前,大信里,34-35
0348,陸光社區活動中心(右側),陸光街５０巷１號,陸光里,1-7
0349,陸光社區活動中心(左側),陸光街５０巷１號,陸光里,8-13
0350,陸光活動中心(舞台邊),陸光街５０巷１號,陸光里,14-20
0351,大成國小4年6班,廣福路３１號,大同里,1-21
0352,大成國小2年12班,廣福路３１號,大慶里,1-15
0353,大成國小1年12班,廣福路３１號,大成里,1-15
0354,大成國小4年7班,廣福路３１號,大成里,16-30
0355,大勇國小1年1班,自強街６０號,大義里,"1-18,40-43"
0356,大勇國小1年3班,自強街６０號,大義里,19-39
0357,大忠國小化雨樓102教室,忠誠街１８號,大忠里,3-29
0358,市立綜合大樓,福國北街２２０號,大智里,"1-10,13-15,25"
0359,大智里集會所,福國北街２２１號,大智里,"11-12,16-24,26-28"
0360,陳月英宅,桃德路８１號,大宏里,1-10
0361,張慶松宅,大明街４７號,大宏里,11-20
0362,瑞恩帝兒桃德幼兒園(百合班),桃德路３０５號,大正里,"1-6,24-32"
0363,瑞恩帝兒桃德幼兒園(桂花班),桃德路３０５號,大正里,"7-23,33-34"
0364,大福里福興宮活動中心,介壽路一段１６巷底,大福里,"1-8,23-25,31"
0365,明新幼兒園,力行街３８號,大福里,"9-12,17-20,27-29"
0366,李坤進鐵工廠,力行街１３６號,大福里,"13-16,21-22,26,30,32-33"
0367,欣妍幼兒園(A2班),東勇街４００巷２弄２－１號,大強里,"1-9,25-28"
0368,欣妍幼兒園(A1班),東勇街４００巷２弄２－１號,大強里,10-24
0369,大勇國小1年5班,自強街６０號,大勇里,1-19
0370,大勇國小1年7班,自強街６０號,大勇里,20-36
0371,大勇國小6年5班,自強街６０號,大榮里,1-16
0372,大成國中7年21班,忠勇街１２號,大千里,1-16
0373,愛兒群幼兒園(河馬班),東勇街４５巷１２號,大漢里,"1-10,20"
0374,愛兒群幼兒園(企鵝班),東勇街４５巷１２號,大漢里,"11-19,21-22"
103年地方公職人員選舉投開票所設置地點一覽表（蘆竹市）,,,,
編號,場所名稱,投開票所地址,所屬村里,所屬鄰別
0375,新興國小教師研究室,新興街３５５號,新興里,1-7
0376,新興國小一年孝班,新興街３５５號,新興里,8-19
0377,中福社區活動中心,龍安街二段９８５號,中福里,1-10
0378,桃園縣農會展售館,龍安街二段９６８號,中福里,11-19
0379,中福簡易活動場,興仁路１０６號對面,上興里,"1-5,7,13"
0380,大竹國中902教室,大竹路國中巷３５號,上興里,"6,8-12"
0381,大竹國中904教室,大竹路國中巷３５號,中興里,1-5
0382,大竹國中915教室,大竹路國中巷３５號,中興里,6-12
0383,新莊社區活動中心,大新路４１７之５號,新莊里,"1-3,5-6,14-15"
0384,新莊國小二年乙班,大新路３８０巷１２１號,新莊里,"7-13,24-26"
0385,新莊國小三年乙班,大新路３８０巷１２１號,新莊里,"4,16-23"
0386,大竹國小一年一班,大竹路５５６號,上竹里,1-14
0387,大竹國小一年四班,大竹路５５６號,上竹里,15-22
0388,大華國小一年孝班,大華街９８號,宏竹里,1-11
0389,大華國小四年忠班,大華街９８號,宏竹里,12-22
0390,大竹國小一年六班,大竹路５５６號,大竹里,1-11
0391,大竹國小一年八班,大竹路５５６號,大竹里,12-22
0392,富竹活動中心,南竹路四段２８８巷１０９號,富竹里,1-13
0393,蘆竹國小一年乙班,富國路二段８５０號,蘆竹里,1-12
0394,蘆竹國小二年乙班,富國路二段８５０號,蘆竹里,13-26
0395,光明國小一年一班,南昌路２５５號,南興里,1-9
0396,光明國小一年三班,南昌路２５５號,南興里,10-15
0397,光明國小一年五班,南昌路２５５號,福昌里,1-8
0398,光明國小一年七班,南昌路２５５號２樓,福昌里,9-16
0399,光明國小一年九班,南昌路２５５號,福興里,"1-5,7"
0400,光明國小二年一班,南昌路２５５號,福興里,"6,8-10,12-13"
0401,光明國小二年三班,南昌路２５５號,福興里,"11,14-15,17"
0402,光明國小二年五班,南昌路２５５號,福興里,"16,18-20"
0403,光明國小二年七班,南昌路２５５號,順興里,1-5
0404,光明國小二年九班,南昌路２５５號,順興里,6-8
0405,南興社區活動中心,蘆興里１０鄰河底３５之７號,蘆興里,1-10
0406,光明國中816教室,光明路一段１２３號,南榮里,1-11
0407,光明國中818教室,光明路一段１２３號,南榮里,12-22
0408,蘆竹市公所三樓調解會,南崁路１５０號,南崁里,1-12
0409,蘆竹市公所三樓禮堂,南崁路１５０號,南崁里,13-22
0410,錦興社區活動中心,錦興里２０鄰南崁下４１之５號,錦興里,"1-10,19-20"
0411,錦興國小五年五班,南竹路一段１００號,錦興里,"11-18,21-22"
0412,光明國中805教室,光明路一段１２３號,興榮里,1-7
0413,光明國中808教室,光明路一段１２３號,興榮里,8-13
0414,錦中社區活動中心,錦溪路９９號,錦中里,1-13
0415,錦興國小一年一班,南竹路一段１００號,錦中里,14-29
0416,長興新社區活動中心,長興路四段３２５之１號,長興里,1-13
0417,長興舊社區活動中心,長興路四段３２５之１號,長興里,14-18
0418,南崁高中301教室,仁愛路二段１號,五福里,1-5
0419,南崁高中303教室,仁愛路二段１號,五福里,6-11
0420,南崁國中713教室,五福六路1號,中山里,1-9
0421,南崁國中715教室,五福六路１號,中山里,10-15
0422,南崁國中718教室,五福六路1號,福祿里,1-8
0423,南崁國中720教室,五福六路1號,福祿里,9-16
0424,南崁國小1-2教室,吉林路１６０號,羊稠里,1-10
0425,南崁國小1-4教室,吉林路１６０號,羊稠里,11-17
0426,南崁國小1-6教室,吉林路１６０號,長壽里,1-6
0427,南崁國小1-8教室,吉林路１６０號,長壽里,7-12
0428,南崁國小1-9教室,吉林路１６０號,長壽里,13-18
0429,南崁國小綜合會議室,吉林路１６０號,吉祥里,1-8
0430,南崁國小1-10教室,吉林路１６０號,吉祥里,9-14
0431,太陽城大廳,六福路２１７號,營盤里,1-10
0432,鵬程萬里閱覽室,六福路１６１號,營盤里,11-19
0433,南崁國中717教室,五福六路1號,營福里,1-9
0434,營盤村活動中心,中山路１０８巷２１號,營福里,10-17
0435,蘆竹市婦幼館,仁愛路一段２號,瓦窯里,"1,7-11"
0436,電通市(A.B.C樓一樓大廳),南山路一段６３號１樓,瓦窯里,2-6
0437,公埔國小一年孝班,南山路二段４４８號,內厝里,1-6
0438,公埔國小三年忠班,南山路二段４４８號,內厝里,7-14
0439,山鼻社區活動中心,南山路三段１２５號,山鼻里,1-14
0440,山腳國小鄉土教室,南山路三段４４０號,山腳里,1-10
0441,山腳國小藝文展覽教室,南山路三段４４０號,山腳里,11-22
0442,外社國小前棟教室會議室,山林路二段５２５號,外社里,1-15
0443,頂社國小一年甲班,山林路三段２３２號,坑子里,1-18
0444,坑口社區第二活動中心,南山北路二段３７８號,坑口里,1-11
0445,坑口社區活動中心,坑口里１６鄰頭前４１之３號,坑口里,12-21
0446,海湖國小A103教室,海湖里１鄰５７號,海湖里,"1-5,18"
0447,海湖國小B107教室,海湖里１鄰５７號,海湖里,"6-14,20"
0448,海湖國小C101教室,海湖里１鄰５７號,海湖里,"15-17,19,21-22"
103年地方公職人員選舉投開票所設置地點一覽表（大園鄉）,,,,
編號,場所名稱,投開票所地址,所屬村里,所屬鄰別
0449,大園村民眾活動中心(河濱公園內),中山南路９８之２號,大園村,1-9
0450,大園仁壽宮,大觀路１８號,大園村,10-18
0451,大園村集會所,和平東路８９號二樓,大園村,19-26
0452,大園社區活動中心,和平東路８９號,大園村,27-34
0453,大興高中勤學樓103教室,永興路１４２號,田心村,1-11
0454,大興高中勤學樓108教室,永興路１４２號,田心村,"12-22,37-38"
0455,田心仁德宮,田心村２９鄰崁腳３０號,田心村,23-36
0456,溪海國小B106五年甲班教室,和平西路一段４２０號,溪海村,1-8
0457,溪海國小C107課後照顧服務教室,和平西路一段４２０號,溪海村,9-16
0458,溪海社區活動中心,溪海村７鄰崙頂７號旁邊,溪海村,17-23
0459,和平村集會所,和平村１４鄰張厝１１之３號,和平村,1-15
0460,大園國小一年一班,中正東路１６０號,橫峰村,"1-6,36"
0461,大園國小音樂教室(一),中正東路１６０號,橫峰村,7-13
0462,大園國小音樂教室(二),中正東路１６０號,橫峰村,14-20
0463,橫峰社區活動中心,中山南路二段４３５號旁邊,橫峰村,"21-26,30,34"
0464,大園國際高級中學T1215教室,大成路二段８號,橫峰村,"27-29,31-33,35,37-39"
0465,五權國小至真樓三年乙班,中正東路二段５３９號,五權村,"1-3,14-15,22-23,25"
0466,五權國小至善樓藝文教室,中正東路二段５３９號,五權村,"10-13,16-17,20-21"
0467,五權國小至美樓活動教室,中正東路二段５３９號,五權村,"4-9,18-19,24"
0468,埔心國小c105教室(六年忠班教室),中正東路一段１８９巷３５號,埔心村,"1-5,13-18"
0469,埔心國小c102教室(五年忠班),中正東路一段１８９巷３５號,埔心村,"6,19-21,23-26,28"
0470,三塊厝活動中心,埔心村８鄰三塊厝４之１號,埔心村,"7-12,22,27"
0471,大海社區活動中心,大海村９鄰大牛稠２８之１１號,大海村,1-10
0472,三石社區活動中心,三石村１鄰三塊石７號,三石村,1-7
0473,三和圖書館,三石村９鄰三和路５號,三石村,8-20
0474,菓林國小一年二班,菓林村１２鄰崁下４１號,菓林村,1-10
0475,菓林國小一年四班,菓林村１２鄰崁下４１號,菓林村,11-20
0476,菓林國小二年一班,菓林村１２鄰崁下４１號,菓林村,21-30
0477,菓林國小二年三班,菓林村１２鄰崁下４１號,菓林村,31-38
0478,竹圍國小卓越樓一樓綜合教室,竹圍村２鄰竹圍街３號,竹圍村,"1-6,16-19"
0479,竹圍社區活動中心,竹圍村８鄰竹圍街９０之６號,竹圍村,7-15
0480,海口社區活動中心,海口村４鄰海口８７之１號,海口村,1-15
0481,沙崙國小一年甲班,沙崙村９鄰７５之２號,沙崙村,"1-9,18-19"
0482,沙崙老人活動中心,沙崙村１２鄰沙崙３８之１號,沙崙村,10-17
0483,后厝國小博學樓一樓托育教室,國際路二段１４７號,後厝村,"6-10,12-14"
0484,後厝社區活動中心,中華路５９５號,後厝村,"1-5,11"
0485,圳頭國小五年甲班,中華路２６１號,圳頭村,"1-6,15-16"
0486,圳頭社區活動中心,濱海路二段４３２號,圳頭村,7-14
0487,內海社區活動中心,內海村２鄰內海墘１９之２號,內海村,1-15
0488,北港社區活動中心(原托兒所舊址),北港村１０鄰海墘３之１號,北港村,1-10
0489,北港社區活動中心,北港村９鄰海墘１０之２號,北港村,11-20
0490,潮音國小英語教室(一),潮音路一段１８８號,南港村,"1-4,8-9,24-26"
0491,潮音國小音樂教室,潮音路一段１８８號,南港村,"14,16-23"
0492,南港村社區活動中心,文治路２０號,南港村,"5-7,10-13,15,27-28"
103年地方公職人員選舉投開票所設置地點一覽表（大溪鎮）,,,,
編號,場所名稱,投開票所地址,所屬村里,所屬鄰別
0493,大溪國小社區大學(2),登龍路１９號,興和里,1-22
0494,大溪國小補校初級班,登龍路１９號,興和里,23-44
0495,興福社區活動中心,仁愛路11號,福仁里,1-35
0496,大溪國中九年十班,民權東路２１０號,田心里,1-14
0497,大溪國中九年十三班,民權東路２１０號,田心里,15-26
0498,大溪國中九年十六班,民權東路２１０號,田心里,27-41
0499,田心國小一年一班,文化路１２０號,一心里,1-13
0500,下田心活動中心,民權東路９４巷２９號,一心里,14-27
0501,田心國小資源班,文化路１２０號,一心里,28-42
0502,傑飛補習班,中華路３５０號,一德里,"1-5,7,26-30"
0503,高國順碾米廠,慈康路２１號,一德里,"6,8-12,20-25"
0504,大溪高中體育館,康莊路６４１號,一德里,"13-19,31"
0505,月眉社區活動中心,月眉里１５鄰月眉１０５號,月眉里,1-17
0506,永福國小二年甲班,信義路１１６５號,永福里,1-23
0507,內柵國小教研室,安和路３８號,康安里,1-23
0508,內柵國小四年甲班,安和路３８號,義和里,1-14
0509,福山巖,福山一路３號,義和里,15-25
0510,致和寺,美華里１鄰１２１號,美華里,"1,2,4-6,24"
0511,美華社區活動中心,美山路一段６６０號,美華里,"3,7-12,23"
0512,美華國小一年甲班,金山路５０號,美華里,13-22
0513,福安國小(飯廳),復興路一段７５５號,福安里,"1-15,20,32"
0514,三層社區活動中心,福安里２４鄰三層４１號,福安里,"16-19,21-31"
0515,復興社區活動中心,復興路二段２７５巷１６號,復興里,1-17
0516,新峰社區活動中心,復興路二段７５８巷４８號,新峰里,1-16
0517,福德宮,大鶯路１５６６之１號,中新里,1-15
0518,中興社區活動中心,大鶯路１４５０巷２６號,中新里,16-25
0519,永安宮會議廳,大鶯路８７０巷５號,瑞興里,1-14
0520,大溪鎮原住民生活教育協進會,瑞安路一段３巷６０之１號,瑞興里,15-21
0521,仁善國小107教室,埔頂路二段１０９號,仁善里,"1-8,19-20"
0522,仁善國小113教室,埔頂路二段１０９號,仁善里,26-31
0523,僑愛佛教講堂(一樓教室),介壽路２３８號,仁善里,"9-18,21-25"
0524,僑愛社區活動中心,僑愛里１５鄰僑愛社區活動中心,僑愛里,1-22
0525,僑愛社區老人育樂中心,僑愛里１５鄰僑愛社區老人育樂中心,僑愛里,23-37
0526,僑愛國小學習教室(一),介壽路２１４號,仁義里,1-10
0527,僑愛國小一年一班,介壽路２１４號,仁義里,11-23
0528,僑愛國小一年五班,介壽路２１４號,仁義里,24-34
0529,仁和國中體育館,仁和七街５５號,仁和里,"2-3,13,19-21"
0530,仁和國小一年三班,仁和七街１５９號,仁和里,"1,4-9"
0531,仁和國小二年三班,仁和七街１５９號,仁和里,"10-12,14-18"
0532,仁和宮,埔頂街１９號,仁愛里,1-6
0533,埔頂社區活動中心,埔頂街１９號旁,仁愛里,"7,15-20"
0534,簡許文玉宅,仁愛里14鄰儲蓄新村   ４２－１號,仁愛里,"8-14,21"
0535,大溪鎮綜合活動中心二樓(左),公園路３０號,仁武里,1-13
0536,大溪鎮綜合活動中心二樓(右),公園路３０號,仁武里,14-24
0537,大溪鎮綜合活動中心一樓,公園路３０號,仁文里,1-11
0538,仁文里集會所,介壽路１２６７巷內,仁文里,12-21
0539,桃園縣原住民文化會館,員林路一段２９巷１０１號,仁文里,22-28
0540,南興社區活動中心,仁和路二段１９０巷２９號,南興里,"1-8,10-11,27-28"
0541,南興國小四年甲班,仁和路二段１３５號,南興里,"9,12-15,17-19"
0542,南興國小六年甲班,仁和路二段１３５號,南興里,"16,20-26"
0543,員樹林國小語言教室,員林路二段４５０號,員林里,1-10
0544,員樹林國小六年一班,員林路二段４５０號,光明里,"1-6,13-14"
0545,員樹林國小六年四班,員林路二段４５０號,光明里,7-12
0546,三元社區活動中心,員林路二段４５０號,瑞源里,"1,21-25"
0547,瑞源社區活動中心,石園路７６０巷１２０號,瑞源里,2-10
0548,瑞祥國小二年甲班,石園路７６０巷１２０號,瑞源里,11-20
0549,員樹林國小一年二班,員林路二段４５０號,三元里,1-11
0550,員樹林國小二年二班,員林路二段４５０號,三元里,12-23
  103年地方公職人員選舉投開票所設置地點一覽表（復興鄉）,,,,
,,,,
編號,場所名稱,投開票所地址,所屬村里,所屬鄰別
0551,三民國小風雨教室,三民村１１鄰５７號,三民村,全村
0552,介壽國小望樓風雨教室,中正路３３號,澤仁村,全村
0553,霞雲社區活動中心,霞雲村６鄰２１－１號,霞雲村,全村
0554,義盛國小三年甲班,義盛村１鄰１１號,義盛村,全村
0555,羅浮國小學生活動中心,羅浮村３鄰１６號,羅浮村,全村
0556,長興國小學生活動中心,長興村１６鄰４３號,長興村,全村
0557,奎輝社區活動中心,奎輝村３鄰２１號,奎輝村,全村
0558,高義國小二年甲班,高義村３鄰２８號,高義村,全村
0559,三光國小學生餐廳,三光村６鄰７號,三光村,全村
0560,華陵幼兒園,華陵村７鄰２２－２號,華陵村,全村
103年地方公職人員選舉投開票所設置地點一覽表（中壢市）,,,,
編號,場所名稱,投開票所地址,所屬村里,所屬鄰別
0561,後寮里集會所,龍興路７０１巷２１號,後寮里,"11-18,24-28"
0562,普仁國小一年愛班,中山東路二段４２５號,後寮里,"1-10,19-23"
0563,東興國中和平樓七年26班,廣州路２５號,明德里,"1-4,7-8,17-18"
0564,東興國中和平樓九年26班,廣州路２５號,明德里,"11-16,21-22"
0565,信義國小信義樓R104間,成都路５５號,明德里,"5-6,9-10,19-20,23-24"
0566,富台國小一年六班,中山東路三段３６９號,至善里,2-10
0567,周利蓉宅,後寮二路２５３號,至善里,"1,11-21"
0568,陳銘堅宅,中寮街６９號,龍慈里,"1-4,22-23"
0569,太子社區會議室,龍和一街２４９巷１２號,龍慈里,"9-11,17-21"
0570,陳月慧宅,龍和一街２５２號,龍慈里,"5-8,12-16"
0571,龍岡國小113教室,龍岡路二段２３２號,龍興里,1-8
0572,鴻興汽車教練場,龍岡路三段１１５巷６５弄１２號,龍興里,16-21
0573,中壢市立幼兒園龍興分班,龍岡路三段３７巷９２弄１０２號興元宮對面,龍興里,9-15
0574,龍興國中大團體輔導教室,龍勇路１００號,龍德里,"1-3,5-8"
0575,龍興國中社會科教室,龍勇路１００號,龍德里,"4,9-20"
0576,黃玉華宅,龍門街９０號,龍岡里,"1,5-7,14,16-17"
0577,龍岡里集會所,龍岡路三段７４２號,龍岡里,"2-4,15,18-20"
0578,鍾呂玉雲宅,龍門街１７６號,龍岡里,"8-13,21-22"
0579,龍岡國中九年七班,龍東路１４７號,龍東里,"1-9,23"
0580,龍岡國中九年九班,龍東路１４７號,龍東里,"10-15,24-25,27"
0581,龍岡國中九年十班,龍東路１４７號,龍東里,"16-22,26"
0582,龍和公園兒童遊樂中心,龍和三街２９０號,龍昌里,"1-4,19-20,22,30-31"
0583,桃園創新技術學院妝品時尚館1樓實驗室,中山東路三段４１４號（大門直走後右手邊）,龍昌里,"5-9,23-28"
0584,李水桐宅,中山東路三段文化新村１０１號,龍昌里,"10-18,21,29,32-33"
0585,將軍廟,龍平六街１０２號旁（龍平六街街底）,龍平里,1-10
0586,龍平里集會所,中龍街２１號,龍平里,11-24
0587,普仁國小104教室,中山東路二段４２５號,仁美里,"1-9,27-29"
0588,原明欣幼兒園K1B教室,仁慈路３１０－１號,仁美里,11-21
0589,原明欣幼兒園B2B教室,仁慈路３１０－１號,仁美里,"10,22-26,30-32"
0590,富台國小三年一班,中山東路三段３６９號,仁福里,1-10
0591,富台國小一年一班,中山東路三段３６９號,仁福里,11-20
0592,富台國小一年四班,中山東路三段３６９號,仁福里,21-26
0593,華勛國小D105教室,榮民南路２０５號,華愛里,"1-9,21-24"
0594,華勛國小多元學習教室2,榮民南路２０５號,華愛里,10-20
0595,梁王菊妹宅,新中北路１５巷１４弄１３號,普仁里,"1-4,10,20"
0596,中原國小1年1班,中北路８８號（力行北街側門入口）,普仁里,"5-7,11-15,21"
0597,鍾氏祠堂,大勇一街２０號,普仁里,"8-9,16-19,22-27"
0598,瑞恩帝兒幼兒園,新中北路５５８號,普忠里,"1-2,11-12,14-20"
0599,中原國小2年2班,中北路８８號〈力行北街側門入口〉,普忠里,"3-10,13"
0600,喜樂幼兒園 ,民享二街１１號,普強里,"1-2,4-8,10,13-14,21,23"
0601,吳禮樓宅,利民路２號,普強里,"3,9,11-12,15-20,22,24"
0602,普仁國小一年忠班,中山東路二段４２５號,普慶里,1-8
0603,普仁國小一年仁班,中山東路二段４２５號,普慶里,9-15
0604,信義國小仁愛樓R108間,成都路５５號,信義里,"1-9,19-20"
0605,信義國小仁愛樓R110間,成都路５５號,信義里,10-18
0606,東興國中仁愛樓七年25班,廣州路２５號,正義里,"1-2,6,12,19-20"
0607,東興國中仁愛樓九年25班,廣州路２５號,正義里,"10-11,13-15"
0608,正義里集會所,中北路二段４６８號（大潤發廣場）,正義里,"3-5,7-9,16-18,21"
0609,劉陳月里宅,維德街１號,普義里,1-8
0610,榮耀歐洲社區大樓1樓咖啡室,溪洲街２６７巷２號,普義里,9-19
0611,黎萬貴宅,中山東路一段１１３號,德義里,"1-8,20"
0612,劉國輝宅,永康二街３４號１樓,德義里,9-19
0613,黃皆居宅,普義路４０號,仁義里,1-13
0614,彭清煥宅,育樂路６８號,仁義里,14-22
0615,忠義里巡守隊部,忠義路與忠信路口,忠義里,"3-6,10-12"
0616,劉馮阿綢宅,中園路５８號,忠義里,"1-2,7-9"
0617,龍安、龍平里集會所（前段）,龍江路９９號,龍安里,1-8
0618,龍安、龍平里集會所（後段）,龍江路９９號,龍安里,9-15
0619,華勛國小一年一班,榮民南路２０５號,仁愛里,"1-7,18-22"
0620,華勛國小一年七班,榮民南路２０５號,仁愛里,8-17
0621,沈周秀玉宅,幸福新村９４號,仁德里,1-12
0622,諾亞艾樂紛幼兒園,崁頂路１３７５號,仁德里,13-26
0623,德和公園兒童遊戲中心（右側）,仁德四街與仁德五街交叉路口（德和公園內）,仁和里,1-12
0624,德和公園兒童遊戲中心（左側）,仁德四街與仁德五街交叉路口（德和公園內）,仁和里,13-23
0625,仁祥、華勛里集會所,華祥一街２１號,仁祥里,"6-9,15-20"
0626,大自然幼兒園,華安三路１０號,仁祥里,"1-5,10-14"
0627,碧仙寺,華勛街２０８巷３８弄３２號,華勛里,1-9
0628,私立華勛幼兒園,華勛街３０９巷３５弄１１號,華勛里,10-20
0629,吳政宏宅,正義路４０號,中堅里,"1,3-6,9-10,13,16-19,27"
0630,富台國小三年三班,中山東路三段３６９號,中堅里,"11-12,14-15,28-29"
0631,仰涵觀止大樓大廳,台貿三街４６號,中堅里,"2,7-8,20-26"
0632,興仁國小一年一班,遠東路２１０號,興仁里,1-12
0633,興仁國小一年四班,遠東路２１０號,興仁里,13-23
0634,中正國小二年一班,榮民路３２９號,中正里,1-9
0635,中山中正里集會所一樓,榮民路３９６號,中正里,21-28
0636,中正國小一年一班,榮民路３２９號,中正里,10-20
0637,中正國小藝文教室（3）,榮民路３２９號,中山里,1-8
0638,中正國小英語教室（3）,榮民路３２９號,中山里,16-24
0639,中正國小二年四班,榮民路３２９號,中山里,9-15
0640,蘇明幼宅,興仁路二段６５７號,篤行里,1-18
0641,自強國中仁愛樓八年五班,榮民路８０號,自強里,1-9
0642,自強國中信義樓八年六班,榮民路８０號,自強里,10-20
0643,邱顯源宅,榮安五街７８號,中興里,1-9
0644,統領大國社區大樓中庭,榮安五街１２７號,中興里,10-15
0645,自立國宅活動中心大廳,自立五街８２號,自立里,1-9
0646,自立國宅活動中心桌球室,自立五街８２號,自立里,10-20
0647,自立國宅活動中心棋藝閱覽室,自立五街８２號,自立里,21-28
0648,袁玉珠宅,自立三街３１號,自信里,"1-7,13-16"
0649,李麗惠宅,自立二街２０號,自信里,"8-12,17-21,34-40"
0650,賴長春宅,普騰街２４號,自信里,22-33
0651,精忠國宅活動中心,精忠二街４２號,莊敬里,2-14
0652,社區關懷服務據點,富村街１１０號,莊敬里,"1,15-21"
0653,自強里集會所,強國路４６號,自治里,"1-11,29-30"
0654,自強幼兒園,環中東路１６號,自治里,12-28
0655,內壢國小二年五班,福德路２０號,內壢里,1-13
0656,內壢國小一年一班,福德路２０號,內壢里,14-25
0657,立青汽車教練場,大華路４５０號,成功里,"1-3,10-14"
0658,美奇幼稚園（教室）,成章三街９２號,成功里,"8-9,15-17"
0659,美奇幼稚園（展覽室）,成章三街９２號,成功里,4-7
0660,內壢國小二年一班,福德路２０號,福德里,1-12
0661,內壢、成功、福德聯合里集會所,光華三街１０號,福德里,13-20
0662,內壢國小一年六班,福德路２０號,中原里,1-17
0663,內壢國小一年二班,福德路２０號,中原里,18-30
0664,內壢高中113教室,成章四街１２０號,忠孝里,1-9
0665,內壢高中319教室,成章四街１２０號,忠孝里,10-16
0666,內壢高中116教室,成章四街１２０號,忠孝里,17-21
0667,元生國小一年一班,文化二路１６１號,復興里,"1-6,9-10,15"
0668,第凡內大廈文康室,復華九街５４號,復興里,"7-8,18-20"
0669,元生國小一年四班,文化二路１６１號,復興里,"16-17,21-29"
0670,元生國小一年五班,文化二路１６１號,復興里,36-45
0671,元生國小一年八班,文化二路１６１號,復興里,"11-14,30-35"
0672,內壢國中七年九班,復華一街１０８號,復華里,1-9
0673,復興、復華里集會所,復華街１８８號,復華里,"15-21,25"
0674,內壢國中七年七班,復華一街１０８號,復華里,"10-14,22-24"
0675,張文慶宅,吉利二街１２號,文化里,"25-29,35-36"
0676,文化里集會所（前段）,長春三路２號,文化里,"16-20,23-24"
0677,文化里集會所（後段）,長春三路２號,文化里,"21,30-34"
0678,張廷發宅,吉林路７３巷７號,文化里,"7-13,22"
0679,張兆壇宅,吉林二路７９巷６號（全家便利商店旁）,文化里,"1-6,14-15"
0680,徐子麒宅,文成北街６號,和平里,1-8
0681,林力雄宅,忠孝路３４５巷２５弄１號,和平里,9-16
0682,內定國小一年甲班,定寧路３１號,內定里,"1-6,24-26"
0683,內定國小一年丙班,定寧路３１號,內定里,17-23
0684,內定里活動中心（右側）,中園路二段５０９號,內定里,7-11
0685,內定里活動中心（左側）,中園路二段５０９號,內定里,"12-16,27"
0686,中壢國小六年一班,延平路６２２號,石頭里,1-14
0687,中壢市松鶴老人會館,元化路１８２－２號,中央里,"1-2,4,17-21"
0688,中壢市立圖書館,中美路７６號,中央里,"3,5-8,16,22"
0689,天主堂,長江路６５號,中央里,9-15
0690,紫雲宮,自忠二街１２６號,新興里,7-17
0691,南區老人文康活動中心,林森路９０號,新興里,"1-6,18-22"
0692,林森國小六年四班,林森路９５號,林森里,"1-4,17-23"
0693,林森國小六年三班,林森路９５號,林森里,5-16
0694,龍岡國小課輔教室,龍岡路二段２３２號,振興里,1-7
0695,華成幼兒園,龍岡路三段１２４巷４５弄４６號,振興里,"8-13,21"
0696,廣東高雷公館,龍泉街６３號,振興里,14-20
0697,東興里集會所（右側）,中北路二段７６巷１０號,東興里,1-11
0698,東興里集會所（左側）,中北路二段７６巷１０號,東興里,12-21
0699,陳光寬宅,力行街５號,健行里,2-8
0700,健福宮土地公廟,健行路４５－６號（４５巷內接近１６號）,健行里,18-25
0701,謝錦明宅,健行路１４７號,健行里,"1,9-17,26"
0702,興南國中特教中心,育英路５５號,水尾里,1-10
0703,中壢北星宮,新生路５９８巷１２號,水尾里,11-23
0704,宮庭樂章大樓閱覽室,六和路５６號,金華里,"1-12,17"
0705,哥德宮庭大樓活動中心,慈惠三街１１５號１樓,金華里,"13-16,18-22"
0706,新街國小101教室,延平路１７６號,忠福里,"1-9,26-27"
0707,華夏一村自治會活動中心,華夏一村１７５號,忠福里,"10-12,22-25,39"
0708,興南國中餐廳,育英路５５號,忠福里,"13-21,38"
0709,世紀三星大廈第三期康樂室,福安二街５５號１樓,忠福里,28-37
0710,竑門天止社區中廊,福壽六街７號,幸福里,"1-8,30-31"
0711,國恩幼兒園,福星六街２０號,幸福里,"9-18,29"
0712,世紀三星大廈第二期康樂室,福星六街７７號,幸福里,19-28
0713,萬能及第大樓會議室,中園路二段１４５之１號,永福里,"1-4,27"
0714,忠福國小二年一班,西園路５７號,永福里,5-12
0715,聯合幼兒園A1教室,西園路５１號,永福里,"13-18,28-29"
0716,忠福國小一年三班 ,西園路５７號,永福里,"19-26,30"
0717,青埔國小一年1班,新生路四段１１２號,青埔里,1-12
0718,新街國小201教室,延平路１７６號,新街里,1-9
0719,新街國小109教室,延平路１７６號,新街里,10-15
0720,興南里福德祠活動中心一樓,慈惠二街４３號,興南里,1-15
0721,袁益鐘宅,慈惠二街５４號,興南里,16-25
0722,興國國小一年二班,元化路二段６２號,興國里,1-12
0723,興國國小一年八班,元化路二段６２號,興平里,1-7
0724,興國國小一年五班,元化路二段６２號,興平里,8-14
0725,福祿貝爾新生幼兒園,新生路５０９巷１號,興和里,"1-5,15-18"
0726,聖德基督學院綜合樓1樓中廊,新生路二段４２１號,興和里,6-14
0727,袁阿欉宅,興國路３７巷１３號（寄車處）,永興里,1-12
0728,中壢國小一年四班,延平路６２２號,中壢里,1-15
0729,中壢國小六年三班,延平路６２２號,中榮里,1-19
0730,中壢國小六年四班,延平路６２２號,中建里,1-12
0731,舊明里集會所,義民路與明德南路交叉路口（舊社公園內）,舊明里,1-23
0732,新明國小一年四班,中央西路二段９７號,新明里,"1-7,13"
0733,新明國小一年五班,中央西路二段９７號,新明里,"8-10,12,15"
0734,新明國小一年八班,中央西路二段９７號,新明里,"11,14,16-18"
0735,中壢高商綜二（1）教室,中央西路二段１４１巷１００號,光明里,"1-12,22-23"
0736,新明國小一年一班,中央西路二段９７號,光明里,"13-21,24,26"
0737,中壢高商綜三（1）教室,中央西路二段１４１巷１００號,光明里,"25,27-40"
0738,中壢高商商二（4）教室,中央西路二段１４１巷１００號,永光里,1-8
0739,中壢高商國二（1）教室,中央西路二段１４１巷１００號,永光里,9-13
0740,中壢高商資一（1）教室,中央西路二段１４１巷１００號,永光里,14-22
0741,中壢高中教學大樓前棟二年1班,三光路１１５號,三民里,"1-10,18"
0742,中壢高中三年20班（中正樓）,三光路１１５號,三民里,11-17
0743,中壢高中一年18班（教學大樓後棟）,三光路１１５號,五權里,"1-6,22,25"
0744,中壢高中一年17班（教學大樓後棟）,三光路１１５號,五權里,"7-11,20-21,23"
0745,中壢市婦幼館,正大街５５號１樓,五權里,"12-19,24"
0746,新明國中社大教室B,中正路４８７巷１８號,五福里,1-11
0747,新明國中童軍教室,中正路４８７巷１８號,五福里,12-24
0748,芭里國小一年忠班,啟文路２３３號,芝芭里,1-5
0749,芭里國小六年忠班,啟文路２３３號,芝芭里,6-11
0750,洽溪社區活動中心,民權路四段５４６號,洽溪里,6-10
0751,三聖宮（倉庫）,洽溪里４鄰３１號,洽溪里,"1-5,11"
0752,大崙國小活動中心,月眉路一段８號,內厝里,1-8
0753,內厝社區活動中心,月眉路一段２號,內厝里,"12,14,17-18,20-22"
0754,大崙崇德宮（交誼廳）,中正路四段２６巷３６號,內厝里,"9-11,13,15-16,19,23-25"
0755,大崙國中九年7班,月眉路一段５０號,月眉里,"1-4,12-13,15-16"
0756,王文雄宅,月桃路一段５３號,月眉里,"5-11,14"
0757,梁厝公廳,中正路四段５８８巷１８１號,山東里,1-7
0758,山東國小六年甲班,山東一路３９號,山東里,8-14
0759,中平國小二年五班,過嶺里１鄰１號,過嶺里,1-10
0760,中平國小二年七班,過嶺里１鄰１號,過嶺里,11-18
103年地方公職人員選舉投開票所設置地點一覽表（平鎮市）,,,,
編號,場所名稱,投開票所地址,所屬村里,所屬鄰別
0761,平鎮社區活動中心,南平路二段２６號,平鎮里,"1-9,30"
0762,劉博宏宅,平德路１９７號,平鎮里,"10-18,31,32"
0763,鎮安宮,南平路二段２６號,平鎮里,19-29
0764,平鎮社區長壽俱樂部,南平路二段２６號,鎮興里,"1-10,23-25"
0765,鎮興里集會所,中興路平鎮段２２９號,鎮興里,"11-22,26-29"
0766,南勢國小二年一班,中豐路南勢二段２２３號,南勢里,1-12
0767,南勢國小一年二班,中豐路南勢二段２２３號,南勢里,13-24
0768,南勢國小一年六班,中豐路南勢二段２２３號,南勢里,25-36
0769,南勢示範托兒所,南安路９３號,金星里,"1-8,18-21"
0770,東方之星二期大樓一樓大廳,上海路２０２號,金星里,"9-11,23-27"
0771,美爾頓幼稚園KD1教室,新光路四段１７７號,金星里,"12-17,22,28-35"
0772,彭銀香宅,南平路８８號,平安里,"1-7,25,30,32-34"
0773,陳朝光宅,南平路１２１巷２６號,平安里,"8-19,31"
0774,富棋幼稚園,興安路１１８巷１０號１樓,平安里,"20-24,26-29"
0775,平南國中802教室,中豐路南勢二段３４０號,平南里,1-12
0776,新柏學幼兒園,中庸路２０１巷１０號,平南里,"13-15,24-33"
0777,平鎮市長青文康中心,開封街８８號,平南里,"16-23,34-40"
0778,山豐國小一年孝班,中豐路山頂段３７５巷４５號,山峰里,1-15
0779,山豐國小二年忠班,中豐路山頂段３７５巷４５號,山峰里,16-27
0780,山峰社區活動中心,福林里９鄰山仔頂６號(福林宮旁),福林里,"1-10,22-24"
0781,山峰社區長壽俱樂部,東豐路１００巷１６號(土地公廟旁),福林里,11-21
0782,平鎮市立托兒所紹豐分班,湧光路１１０號,湧光里,"1-10,39-41,44,45"
0783,湧光里守望相助隊部,湧光路１１０號,湧光里,"11-24,42,43"
0784,徐忠慶宅,湧光路１３６巷８２弄２號〈湧光禪寺對面〉,湧光里,25-38
0785,平鎮長老教會,中豐路山頂段１巷４號,莊敬里,"5-14,16"
0786,宜誠四季行館社區大廳,中豐路山頂段３－１９號,莊敬里,"17-22,30-36,46-48"
0787,莊敬里集會所一樓,自強街１００號,莊敬里,"15,23-29,37-42"
0788,莊敬里集會所二樓,自強街１００號,莊敬里,"1-4,43-45"
0789,大湖土地公廟,南豐路２６７號（自來水公司給水廠旁）,湧豐里,1-16
0790,祥安國小一年戊班,湧安路４５號,湧安里,"1-7,24,25"
0791,祥安國小一年甲班,湧安路４５號,湧安里,"8-14,26,27"
0792,祥安國小一年丁班,湧安路４５號,湧安里,"15-23,28"
0793,新光合纖公司辦公大樓中庭一樓,延平路三段２２３號,宋屋里,1-19
0794,平興國小英語教室,廣泰路１６８號,宋屋里,20-33
0795,平興國小一年一班,廣泰路１６８號,平興里,1-14
0796,平興國小一年三班,廣泰路１６８號,平興里,15-28
0797,平興國小三年三班,廣泰路１６８號,平興里,29-40
0798,復旦國小3108教室,廣平街１號,廣興里,"1-14,16"
0799,復旦國小3110教室,廣平街１號,廣興里,"15,17-22,24,26,27,29,35"
0800,廣興里守望相助隊部,忠孝路１８７巷８號,廣興里,"23,25,28,30,41,43"
0801,廣興里環保展示中心,明德北路８－１號,廣興里,"31-34,36-40,42"
0802,復旦國小3104教室,廣平街１號,廣達里,1-10
0803,平鎮市婦幼活動中心1樓,廣成街１０號,廣達里,11-20
0804,復旦國小3106教室,廣平街１號,廣達里,21-29
0805,宋屋國小一年一班,延平路二段３８９號,廣仁里,1-13
0806,宋屋國小二年二班,延平路二段３８９號,廣仁里,14-25
0807,宋屋國小一年四班,延平路二段３８９號,廣仁里,26-42
0808,文化國小六年二班,文化街１８９號,復旦里,"2-9,29-32"
0809,文化國小六年七班,文化街１８９號,復旦里,10-18
0810,文化國小一年七班,文化街１８９號,復旦里,"1,19-28,33,34"
0811,廣隆長壽俱樂部,育達路二段９４號,復興里,"1-7,9,25,26,31,32"
0812,文化國小一年二班,文化街１８９號,復興里,"8,10-15,24,33"
0813,復旦復興里集會所,復興街５５號,復興里,"16-23,27-30"
0814,平鎮市立幼兒園義民分班遊戲室,復旦路二段１１５號,義民里,"1-10,27,33"
0815,義民廟,復旦路二段２３巷８號,義民里,"11-16,18-20,28-30,34,35"
0816,平興國中八年一班,環南路３００號,義民里,"17,21-26,31,32"
0817,義興國小英語教室2,義興街５５號,義興里,1-10
0818,義興國小課後認輔班,義興街５５號,義興里,11-20
0819,義興國小101教室,義興街５５號,義興里,21-32
0820,義興國小104教室,義興街５５號,義興里,33-42
0821,中平國小一年九班,民族路雙連三段６巷旁,雙連里,1-16
0822,中平國小二年一班,民族路雙連三段６巷旁,雙連里,17-32
0823,中平國小二年三班,民族路雙連三段６巷旁,雙連里,33-47
0824,鈺盛巴士冷氣廠,賦梅北路３９８號,高雙里,"1-11,28,29"
0825,高連社區活動中心,高雙路８０號,高雙里,12-27
0826,平鎮國中8年24班,振興路２號,北勢里,1-10
0827,平鎮國中美術社團教室,振興路２號,北勢里,11-21
0828,北勢社區活動中心,振平街１５３號,北華里,"1-6,16-18,20-22"
0829,平鎮國中9年25班,振興路２號,北華里,"7-15,19"
0830,新勢國小一年三班,延平路一段１８１號,新勢里,"1-11,13-15"
0831,新勢國小一年一班,延平路一段１８１號,新勢里,16-30
0832,新勢國小一年五班,延平路一段１８１號,新勢里,"12,31-41"
0833,中壢國中自強樓914教室,延平路一段１１５號,北安里,1-10
0834,中壢國中和平樓715教室,延平路一段１１５號,北安里,11-18
0835,三崇宮一樓會議室,振興西路１１２－１號,新榮里,1-13
0836,三崇宮一樓倉庫,振興西路１１２－１號,新榮里,26-37
0837,三崇宮二樓,振興西路１１２－１號,新榮里,14-25
0838,新富里會議室,德育路二段１２４巷２１弄９號,新富里,"1,3-7,9-13"
0839,源美雅典社區大廳,德育路二段１６６－１號１樓,新富里,"2,14,32,36,37"
0840,新象社區大樓桌球室,新富三街２７號,新富里,16-25
0841,英雄鎮大樓會議室,中豐路２０２巷１０號１樓,新富里,"8,15,26-31,33-35"
0842,寶成皇家社區閱覽室,新富五街４１號１樓,新英里,"1,8-15"
0843,領袖王朝社區會議室,環南路二段２６２號１樓,新英里,"2-7,16-18"
0844,吳永欽宅,關爺西路１０９號,新貴里,"1,6-17,27,28"
0845,莊雲鏡宅,中豐路一段２０號,新貴里,"2-5,18-26"
0846,北興社區活動中心一樓禮堂,金陵路二段３５３號,北興里,"1-4,10-12,18,19"
0847,北勢國小四年甲班,金陵路二段３３０號,北興里,"5-9,13-17,20-23"
0848,北勢國小課後照顧班(一),金陵路二段３３０號,北興里,24-36
0849,平鎮市立幼兒園左側穿廊,振平街１５５號,金陵里,"13-19,23-25"
0850,平鎮市立幼兒園右側穿廊,振平街１５５號,金陵里,"1-12,20-22"
0851,獅子林社區活動中心一樓會議室,大仁街４６號,北貴里,1-15
0852,獅子林社區活動中心二樓大禮堂,大仁街４６號,北貴里,16-30
0853,大牌興業有限公司,金陵路三段１５０巷１７２號,北富里,"1-6,24,26,29,30"
0854,羅金龍宅,金陵路三段１３５號,北富里,"7-11,25,27,28"
0855,北富里集會所,金陵路三段１９７巷５０號,北富里,12-23
0856,建安宮,平東路一段９８－１號,建安里,"17-25,29,32"
0857,劉得安宅,平東路６６６巷１２號,建安里,"1-8,26,28,30,31"
0858,建安社區合作農場農機保養廠,平東路７２３號,建安里,"9-16,27"
0859,東安國中8年9班,平東路１６８號,華安里,1-11
0860,東安國中9年3班,平東路１６８號,華安里,12-21
0861,東安國中9年7班,平東路１６８號,華安里,22-31
0862,東安國小二年一班,平東路１３６號,東安里,"1-15,30"
0863,東安國小二年二班,平東路１３６號,東安里,"16-29,31"
0864,政欣幼稚園,星友街４２巷８弄底,新安里,"1-15,32-34"
0865,朝聖慈惠堂,龍南路６５４巷６２號,新安里,"16-31,35-39"
0866,東勢活動中心,金陵路五段５５號,東勢里,1-10
0867,東勢國小三年仁班,平東路一段１８５號,東勢里,"19-25,40"
0868,東勢國小二年仁班,平東路一段１８５號,東勢里,"26-34,37,38,41"
0869,吳會安宅,太平西路３７巷１０弄２號,東勢里,"11-18,35,36,39"
0870,基督教慕恩教會,游泳路１２０巷４弄２號１樓,龍恩里,"1-10,20,21,33-43"
0871,諾亞方舟幼稚園,龍泉一街４２號,龍恩里,"11-19,22-32"
0872,東社社區活動中心,圳南路５０巷２３號,東社里,1-21
0873,東社社區圖書室,圳南路５０巷２３號,東社里,22-41
0874,王雲泰宅,忠貞一街１０號,忠貞里,1-15
0875,天主教桃園縣私立愛家發展中心,貿東路６６巷１２號,貿易里,1-36
0876,忠貞國小六年一班,龍南路３１５號,龍興里,1-20
0877,忠貞國小六年十班,龍南路３１５號,龍興里,21-38
0878,中正新社區地下室會議室,中山路１４２號Ｂ１地下室,中正里,1-15
103年地方公職人員選舉投開票所設置地點一覽表（楊梅市）,,,,
編號,場所名稱,投開票所地址,所屬村里,所屬鄰別
0879,治平中學103教室,中興路１３７號,仁美里,1-12
0880,治平中學101教室,中興路１３７號,仁美里,13-22
0881,治平中學109教室,中興路１３７號,仁美里,23-33
0882,瑞埔國小一年五班,中興路１３３號,埔心里,1-17
0883,瑞埔國小三年一班,中興路１３３號,光華里,"1-16,29"
0884,四維國小二年孝班,金龍三路９５號,光華里,"17-28,30,31"
0885,五守新村國宅社區管理委員會,文化街１８９巷４３號,金龍里,1-27
0886,瑞埔國小一年一班,中興路１３３號,四維里,1-14
0887,瑞埔國小一年三班,中興路１３３號,四維里,15-27
0888,永平工商汽車實習工廠,永平路４８０號,永平里,1-18
0889,瑞塘社區活動中心,四維二路２０號,瑞塘里,"1-8,13-16"
0890,瑞塘國小一年二班,瑞溪路二段１００號,瑞塘里,"17-21,26-30"
0891,瑞塘國小一年三班,瑞溪路二段１００號,瑞塘里,"9-12,22-25,31-33"
0892,瑞坪國中九年三班,文化街５３５號,瑞坪里,1-12
0893,瑞坪國中八年十三班,文化街５３５號,瑞坪里,13-24
0894,瑞坪國中七年一班,文化街５３５號,瑞坪里,25-35
0895,瑞梅國小二年仁班,三民北路２６巷４１號,梅溪里,1-10
0896,瑞梅國小一年仁班,三民北路２６巷４１號,梅溪里,11-20
0897,瑞塘國小一年四班,瑞溪路二段１００號,瑞溪里,1-7
0898,瑞梅國小綜合教室,三民北路２６巷４１號,瑞溪里,8-14
0899,楊光國民中小學七年七班,瑞溪路一段８８號,金溪里,"1-8,19"
0900,陽光山林社區管理中心,三民路二段６９號,金溪里,9-18
0901,楊光國民中小學國文領域教室,瑞溪路一段８８號,三民里,"1-7,18"
0902,楊光國民中小學八年四班,瑞溪路一段８８號,三民里,8-17
0903,楊明國小一年一班,中山北路一段３９０巷５０號,楊明里,"1-17,31,32"
0904,楊明國小一年三班,中山北路一段３９０巷５０號,楊明里,18-30
0905,大台北福德宮活動中心,光裕北街６７巷１３號,裕成里,1-9
0906,黃鳳嬌宅,裕成路１７０巷８號,裕成里,10-22
0907,凡爾賽社區活動中心,裕成南路３８１號旁,裕新里,1-12
0908,大同國小一年忠班,新農街８５號,大同里,1-14
0909,大同國小二年忠班,新農街８５號,大同里,15-25
0910,大同國小一年愛班,新農街８５號,中山里,1-12
0911,大同國小一年義班,新農街８５號,中山里,13-23
0912,楊心國小二年一班,金華街１００號,楊梅里,"2-15,29-31"
0913,楊梅托兒所,大平街３號,楊梅里,"1,16-28,32"
0914,楊梅市立圖書館,光華街２６號,楊江里,1-17
0915,老人會館大禮堂,貴山街１號,梅新里,1-20
0916,楊梅國小一年一班,校前路１號,紅梅里,1-13
0917,楊梅國小一年五班,校前路１號,紅梅里,14-23
0918,楊梅國中九年十五班,校前路１４９號,永寧里,"1-8,29,30,31"
0919,楊梅國中八年一班,校前路１４９號,永寧里,"9-19,32,33"
0920,楊梅國中七年九班,校前路１４９號,永寧里,"20-28,34-37"
0921,楊梅國小二年三班,校前路１號,大平里,1-17
0922,楊梅國小二年五班,校前路１號,大平里,18-34
0923,大平集會所,秀才路３５６號,秀才里,1-13
0924,大平托兒所,甡甡路６號,秀才里,14-30
0925,大東社區活動中心,甡甡路４４０號,東流里,"1,2,5-10,12-14,18-21"
0926,聚寶莊社區交誼廳一樓,中山南路６００號,東流里,"3,4,11,15-17,22"
0927,豐野社區活動中心,信義街８３巷２５弄２３號,豐野里,"1-12,27,28,30,31"
0928,富岡國小六年丁班,中正路１４７號,豐野里,"13-26,29"
0929,富岡國小一年丙班,中正路１４７號,富岡里,1-18
0930,富岡國小二年甲班,中正路１４７號,富豐里,"1-6,19-21"
0931,富豐里集會所,新明街３４７巷２弄１號１樓,富豐里,"7-18,22,23"
0932,員本社區活動中心,員本路５３２之１號,員本里,"1-4,11-16,20,21"
0933,明天宮,民生街５７７之１號,員本里,"5-10,17-19"
0934,吳錦楓宅,楊湖路三段３０２號,三湖里,"7-11,12"
0935,三湖社區活動中心,楊湖路二段４９１號,三湖里,"1-6,13-15"
0936,小荳荳幼稚園,楊湖路一段７７３巷２８號,頭湖里,"1-6,13"
0937,薪家坡社區活動中心,湖山街９-１號,頭湖里,7-12
0938,上湖國小托育班,上湖里１４鄰下四湖６０之１號(漢池樓),上湖里,"1-6,13-15,19,21-23"
0939,上湖社區活動中心,楊湖路三段６７９號,上湖里,"7-12,16-18,20,24-26"
0940,上田國小一年二班,和平路９８號,上田里,1-10
0941,上田國小二年一班,和平路９８號,上田里,11-18
0942,楊梅高中一年三班,高獅路５號,高山里,1-11
0943,楊梅高中一年六班,高獅路５號,高山里,12-19
0944,高山社區活動中心,幼獅路三段１６８號,高上里,"1,7-9,14-18"
0945,高榮國小二年乙班(教室編號B107),高上路一段１號,高上里,"2-6,10-13"
0946,及人幼稚園(kitty班),青山一街２４１號,青山里,"1-14,31-33"
0947,及人幼稚園(鱷魚班),青山一街２４１號,青山里,15-30
0948,高榮社區活動中心,幼獅路二段３９０－２號,高榮里,"1-3,12-18,21"
0949,湯振科宅,電研路４８號,高榮里,"4-11,19,20"
0950,謝阿清宅,民族路五段１４７巷９號,雙榮里,1-9
0951,蕙幼幼兒園,民族路五段２０１巷７８號,雙榮里,10-20
0952,啟幼幼兒園,電研路２２６巷３號,新榮里,"1-9,19-20"
0953,陳美華宅,富榮路３４號,新榮里,"10-18,21-23"
0954,楊心國小一年三班,金華街１００號,水美里,"1-5,16-20,31"
0955,水美國小一年孝班,楊新路一段４１０號,水美里,6-15
0956,水美國小二年孝班,楊新路一段４１０號,水美里,21-30
0957,瑞原社區活動中心,民豐路５０６號,瑞原里,"1-11,26"
0958,瑞原國中一年六班,民豐路６９號,瑞原里,12-25
103年地方公職人員選舉投開票所設置地點一覽表（龍潭鄉）,,,,
編號,場所名稱,投開票所地址,所屬村里,所屬鄰別
0959,黃唐社區活動中心,武中路１０號,黃唐村,"13-16,26-31"
0960,武漢國中801教室,武中路２２７號,黃唐村,1-12
0961,武漢國中906教室,武中路２２７號,黃唐村,17-25
0962,朱秀均宅,東興街１號,永興村,1-12
0963,陳金貴宅,中興路４６１巷２弄４號,永興村,13-23
0964,中山社區活動中心,華南路１號,中山村,"7-12,16,33-37,42-43"
0965,朱乾木宅,北龍路５９巷１３弄７號,中山村,"13-15,17-27,38-41"
0966,龍星國小一年四班,中正路２６９號,中山村,"1-6,28-32"
0967,潛龍國小一年甲班,中豐路４０１號,烏樹林村,1-12
0968,潛龍國小一年戊班,中豐路４０１號,烏樹林村,13-23
0969,潛龍國小專科教室,中豐路４０１號,烏林村,"1-16,38-40"
0970,烏林活動中心托兒所,中豐路４０１號工一路側門,烏林村,17-37
0971,百年大鎮A案管理中心,百年二街１５巷２１號地下室,百年村,"1,3,4,6,8,15-21,23-30,32,34"
0972,百年大鎮B案管理中心,百年二街３１號地下室,百年村,"2,5,7,9-14,22,31,33,35-45"
0973,龍潭鄉婦幼館,干城路１９巷３０號,凌雲村,1-15
0974,凌雲村集會所,干城路１９巷２８號,凌雲村,16-39
0975,曾銀珍宅,育樂路８０巷１１號,龍祥村,"1-8,24-29"
0976,龍祥村集會所,干城路１９巷２６號,龍祥村,"9-23,30-32"
0977,龍潭鄉立托兒所,聖亭路八德段６６號,八德村,1-12
0978,八德村集會所,梅龍路２號,八德村,13-24
0979,梁氏宗祠,梅龍路２８５巷４１弄旁,八德村,25-42
0980,德龍國小綜合教室（2）,聖亭路八德段４５１巷１４０號,聖德村,"1-12,14-15"
0981,聖德村集會所,湧光路５３３號,聖德村,"13,16-27"
0982,凌雲國中活動中心,中豐路上林段４１８號,上林村,"1-9,21-25"
0983,上林社區活動中心,金龍路１１２巷５１號,上林村,"10-20,26-31"
0984,龍潭國小118教室,南龍路１３號,龍潭村,1-19
0985,龍潭村活動中心,南龍路２１號,龍潭村,20-35
0986,龍星國小一年五班,中正路２６９號,龍星村,1-16
0987,龍潭鄉立圖書館,中正路２１０號,龍星村,17-36
0988,雙龍國小感恩樓綜合教室,神龍路３４６號,中正村,1-21
0989,雙龍國小2年6班,神龍路３４６號,中正村,22-44
0990,上華村集會所,大順路２０９號,上華村,1-15
0991,龍潭國中夜補校三甲,龍華路４６０號,上華村,16-30
0992,九龍社區活動中心,五福街３３０號,九龍村,"1-9,19-23"
0993,武漢國小一年一班,武漢路１００號,九龍村,"10-18,24-33"
0994,武漢國小一年四班,武漢路１００號,武漢村,1-12
0995,武漢國小六年一班,武漢路１００號,武漢村,13-23
0996,東興村活動中心,武漢路１００號,東興村,"1,16-24"
0997,台北九龍社區管委會,中興路６３巷１００弄２號,東興村,2-15
0998,中興村活動中心,中興路２４０巷３８號,中興村,"1-7,18-22"
0999,武漢國中910室,武中路２２７號,中興村,8-17
1000,興中宮,自由街５２號,北興村,5-11
1001,簡阿輝宅,中興路６號,北興村,"1-4,12-15"
1002,佳安社區活動中心,佳安村９鄰十一份４５－１號,佳安村,"1-9,33-34"
1003,石門國中八年十班,文化路１３７號,佳安村,"10-19,32,35-37"
1004,石園二村員工宿舍管理會會議室,知恥路１號,佳安村,"20-31,38"
1005,三坑國小一年一班,永昌路５１巷８５號,三坑村,全村
1006,大平社區活動中心,永平路８０號,大平村,全村
1007,三林社區活動中心,富華街三林段３９５巷１４０之１號,三林村,"1-9,19,22-23"
1008,龍潭高中農場鏡檢分析室,三林村１５鄰三角林２９之２號,三林村,"10-18,20-21"
1009,客家文化館演藝廳,中正路三林段５００號,建林村,1-16
1010,建林村集會所,忠勇街９７號,建林村,17-33
1011,富林村集會所(一)前門,建國路２７８號,富林村,1-18
1012,富林村集會所(二)後門,建國路２７８號,富林村,19-31
1013,龍源國小一年甲班,龍源路１２１巷７５弄２４號,高平村,"1-7,9-11,17-18,21"
1014,高平社區活動中心,龍源路１１號,高平村,"8,12-16,19-20,22"
1015,高原國小禮堂,高原路５６８號,高原村,1-15
1016,高原國小六年乙班,高原路５６８號,高原村,16-30
1017,三和社區活動中心,龍新路三和段１０６０巷１８號,三和村,"1-2,7-14"
1018,高平消防分隊,渴望二路９９巷１５號,三和村,"3-6,15-24"
1019,三水村活動中心,龍新路三水段２４４巷３８弄２８號,三水村,全村
103年地方公職人員選舉投開票所設置地點一覽表（新屋鄉）,,,,
編號,場所名稱,投開票所地址,所屬村里,所屬鄰別
1020,新屋國中三年八班,中興路１１１號,新屋村,1-9
1021,新屋國中二年十三班,中興路１１１號,新屋村,10-15
1022,新屋國小藝文教室,中正路１９６號,新生村,"5,12,15-19"
1023,新屋國小五年一班,中正路１９６號,新生村,"1-4,6-11,13-14"
1024,後湖社區活動中心,三民路一段６８號,後湖村,全村
1025,啟文國小六年甲班,新文路７６２號,清華村,"1-9,17,19"
1026,啟文國小一年甲班,新文路７６２號,清華村,"10-16,18"
1027,石磊社區活動中心,三民路二段２７６號,石磊村,全村
1028,東明社區活動中心,東明村３鄰上庄子５號,東明村,全村
1029,社子社區活動中心,社子村７鄰番婆３之１號(社子國小內),社子村,全村
1030,埔頂社區活動中心,埔頂村２鄰水碓３４號,埔頂村,"2-7,10-12"
1031,埔頂國小四年甲班,中華南路二段５０號,埔頂村,"1,8-9,13-16"
1032,九斗社區活動中心,九斗村２鄰九斗３４號,九斗村,1-5
1033,老人會館,九斗村２鄰九斗３４之１號,九斗村,6-11
1034,頭洲國小二年乙班,中山東路二段６６８巷６４號,頭洲村,1-3
1035,頭洲國小三年乙班,中山東路二段６６８巷６４號,頭洲村,4-10
1036,大坡社區活動中心,大坡村５鄰三角堀５號,大坡村,全村
1037,望間社區活動中心,望間村４鄰十五間２５號,望間村,全村
1038,後庄社區活動中心,東福路二段５１５號,後庄村,全村
1039,蚵間社區活動中心,東福路三段４８６號旁,蚵間村,全村
1040,深圳社區活動中心,深圳村４鄰深圳２０之５號,深圳村,全村
1041,槺榔社區活動中心,槺榔村８鄰上槺榔９號,槺榔村,全村
1042,笨港社區活動中心,笨港村２鄰榕樹下１０之１號,笨港村,全村
1043,永安國小五年甲班,中山西路二段１３２０號,永安村,1-8
1044,永安社區活動中心,永安村１３鄰下庄子２２８號,永安村,9-19
1045,永興社區活動中心,永興村３鄰大牛欄１０８號,永興村,全村
1046,下埔社區活動中心,東興路二段１１００號,下埔村,全村
1047,石牌社區活動中心,東興路二段５６８號,石牌村,全村
1048,下田社區活動中心,中山西路二段７８０號,下田村,全村
1049,赤欄社區活動中心,中山西路二段２８０號,赤欄村,全村
  103年地方公職人員選舉投開票所設置地點一覽表（觀音鄉）,,,,
編號,場所名稱,投開票所地址,所屬村里,所屬鄰別
1050,觀音國小一年甲班,文化路２號,觀音村,1-11
1051,觀音國小一年丁班,文化路２號,觀音村,12-20
1052,白玉社區活動中心,玉林路一段１８０號,白玉村,1-18
1053,廣興社區活動中心,中山路一段４１３號,廣興村,1-17
1054,大潭社區活動中心,保生三街６１號,大潭村,1-17
1055,保生社區活動中心,保生村１１鄰對面厝５９－１號,保生村,1-13
1056,保生國小一年甲班,保生村１４鄰兩座屋５號,保生村,14-18
1057,武威社區活動中心,武威村４鄰塘背１１－１號,武威村,1-10
1058,三和社區活動中心,三和村５鄰橫圳頂４０－２號,三和村,1-11
1059,新興社區活動中心,文化路石橋段４５３號,新興村,1-11
1060,坑尾社區活動中心,文化路坑尾段４３７號,坑尾村,1-15
1061,育仁國小一年甲班,金橋路育仁段２６０號,金湖村,1-7
1062,育仁國小托育班,金橋路育仁段２６０號,金湖村,8-16
1063,藍埔社區活動中心,新華路一段７１１號,藍埔村,1-5
1064,王昱翔宅,金華路６９０號,藍埔村,6-13
1065,新坡國小一年甲班W112,中山路二段７１７號,大同村,1-6
1066,新坡國小二年丁班W104,中山路二段７１７號,大同村,7-12
1067,大堀社區活動中心,新華路二段７２號,大堀村,1-10
1068,崙坪國小二年乙班,崙坪村１８鄰崙坪２９７－１號,崙坪村,1-7
1069,崙坪國小五年乙班,崙坪村１８鄰崙坪２９７－１號,崙坪村,8-12
1070,崙坪國小六年乙班,崙坪村１８鄰崙坪２９７－１號,崙坪村,13-25
1071,林淑萍宅,新富路７３３號,富源村,1-4
1072,富源社區活動中心,新富路８０１巷６５號,富源村,5-12
1073,上大社區活動中心,大湖路一段５１０號,上大村,1-8
1074,上大國小四年乙班,大湖路一段５４０號,上大村,9-14
1075,新坡國小五年乙班E111,中山路二段７１７號,新坡村,1-11
1076,新坡國小五年戊班E116,中山路二段７１７號,新坡村,12-20
1077,廣福(新)社區活動中心,福山路二段４０３巷６號,廣福村,1-10
1078,廣福(舊)社區活動中心,福山路二段３９３號,廣福村,11-17
1079,塔腳社區活動中心,塔腳村４鄰塔子腳６６－５號,塔腳村,1-12
1080,保障社區活動中心,保障村１０鄰草漯７０－１號,保障村,1-10
1081,草漯老人活動中心,大觀路一段５７９－１號,保障村,11-15
1082,草漯國小禮堂,新生路１４６２號,草漯村,1-15
1083,草漯國小ㄧ年乙班,新生路１４６２號,草新村,1-12
1084,草漯國小一年庚班,新生路１４６２號,草新村,13-22
1085,草漯國小二年丙班,新生路１４６２號,草新村,23-33
1086,觀音鄉立托兒所,民生路６８號,樹林村,1-9
1087,樹林（新）社區活動中心,泰安街２０９號,樹林村,10-20
1088,富林國小活動中心,富林村５鄰富林８－２號,富林村,1-18
