投開票所編號,設置地點,詳細地址
0001,後壁區圖書館,後壁區後壁里6鄰131號
0002,後壁、侯伯社區聯合活動中心,後壁區後壁里12鄰193號
0003,侯伯里中山堂,後壁區侯伯里7鄰51號
0004,侯伯里三公膺（右室）,後壁區候伯里17鄰151號之1
0005,嘉苓社區活動中心,後壁區嘉萃里6鄰67號之2
0006,本協中山堂,後壁區嘉萃里12鄰13號之1
0007,土溝慧禪宮（右室）,後壁區土溝里1鄰5號
0008,土溝里中山堂,後壁區土溝里7鄰56號之18
0009,上茄苓顯濟宮（文康室）,後壁區嘉田里3鄰25號
0010,嘉田、嘉民聯合活動中心,後壁區嘉田里5鄰46-28號
0011,菁聾里活動中心,後壁區菁堇里7鄰74號
0012,最頂社區活動中心,後壁區農頂里4鄰47號
0013,後廓社區活動中心,後壁區後廊里7鄰73號
0014,菁寮德馨宮(1樓）,後壁區墨林里13鄰321號
0015,菁寮、墨林社區活動中心,後壁區菁寮里6鄰77號
0016,新嘉社區活動中心,後壁區新嘉里16鄰172號
0017,新嘉社區活動中心（舊）,後壁區新嘉里21鄰230號之1
0018,頂長社區活動中心,後壁區項長里4鄰24號
0019,平安社區活動中心,後壁區平安里5鄰58號之5
0020,仕安社區活動中心,後壁區仕安里1072號
0021,竹新里中山堂,後壁區竹新里10鄰106號
0022,新厝活動中心,後壁區竹新里15鄰33號
0023,新東里重興宮（左室）,後壁區新東里6鄰60號之1
0024,新東社區活動中心,後壁區新東里6鄰60號之2
0025,頂安社區活動中心,後壁區頂安里8鄰91號之1
0026,長安社區活動中心,後壁區長安里7鄰105號之1
0027,後壁區老人活動中心,後壁區長安里7鄰105號
0028,福安下寮社區活動中心,後壁區福安里7鄰72號之2
0029,烏樹社區活動中心,後壁區烏樹里3鄰28號
0030,白河里活動中心,白河區白河里康樂路2-18號
0031,白河里福安宮,白河區白河里中山路124號
0032,永安里永安宮,白河區永安里圈泰路145號
0033,白河區公所育樂中心,白河區永安里三民路381號
0034,白河國小活動中心,白河區永安里三民路448號
0035,外角里臨水宮,白河區外角里庄內26號
0036,庄內里福呂膺,白河區庄內里客庄142號
0037,庄內里張要太祖厝,白河區庄內里47-5號
0038,秀祐里中山堂,白河區秀站里頂秀祐30-1號
0039,河東社區活動中心,白河區河東里80-19號
0040,河東里顯濟宮,白河區河東里80號
0041,虎山社區活動中心,白河區虎山里285號
0042,大林社區活動中心,白河區大林里樣子林20-16號
0043,炭頭里中山堂,白河區段頭里袋子頭19號
0044,河東國小六溪分校教室,白河區六溪里26號
0045,仙草國小關嶺分校教室,白河區關嶺里94-3號
0046,關嶺國小舊南寮分校,白河區關嶺里南寮35號
0047,仙草國小教室,白河區仙草里22號
0048,仙草國小活動中心,白河區仙草里22號
0049,玉豐里中山堂,白河區玉豐里86號
0050,大竹社區活動中心,白河區大竹里3號
0051,大竹國小教室,白河區大竹里3號
0052,詔安里中山堂,詔安里77號白河區
0053,廣安里中山堂,白河區廣安里43-1號
0054,蓮潭里大山宮,白河區蓮潭里山子腳53號
0055,竹門社區活動中心,白河區竹門里113-5號
0056,崎內社區活動中心,白河區崎內里內崎19-1號
0057,昇安里社區活動中心,白河區昇安里4鄰三間厝51-6號
0058,汴頭里中山堂,白河區汴頭里內材林20號
0059,內角里中山堂,白河區內角里30號
0060,草店里中山堂,白河區草店里29-1號
0061,甘宅里活動中心,白河區甘宅里43-15號
0062,東山區活動中心,東山區東山里山東225-4號
0063,東山水利工作站,東山區束中里中興南路29號
0064,東山國民中學,東山區束中里青葉路1段132號
0065,山東國民小學,東山區束中里青葉路2段49號
0066,東正廣安宮,東山區東正里11鄰76號
0067,大庄北極殿,東山區大客里1鄰大庄5號
0068,三齋里社區活動中心,東山區三縈里木柵45號
0069,陳清枝倉庫,東山區科里里1鄰下庄子1號之7
0070,材于林社區活動中心,東山區科里里17鄰桔子林62號
0071,東河社區活動中心,東山區東河里2鄰16號之1
0072,聖賢北勢寮泉福,宮東山區聖賢里9鄰北勢寮76號之3
0073,田尾社區活動中心,東山區聖賢里12鄰田尾27號之2
0074,頂田社區活動中心,東山區聖賢里19鄰頂窩50號之4
0075,南溪里中山堂,東山區南溪里2鄰14號之11
0076,水雲里中山堂,東山區水雲里牛肉崎29號
0077,林安里活動中心,東山區林安里5鄰32號之1
0078,東原老人活動中心,東山區東原里23鄰8號
0079,東原國民小學,東山區東原里23鄰8號
0080,嶺南活動中心,東山區嶺南里牛稿子30號之3
0081,南勢活動中心,東山區南勢里7鄰大洋66號之4
0082,青山活動中心,東山區青山里16鄰1號之18
0083,高原社區活動中心,東山區高原里2鄰14號之2
0084,高原里福聖宮（會議室）,東山區高原里93號之2
0085,土庫上帝廟（左室）,鹽水區水秀里2鄰土庫24號
0086,鹽水國小,鹽水區水秀里7鄰朝琴路137號
0087,福安宮,鹽水區福得里8鄰後厝14號
0088,公有零售市場,鹽水區三生里4鄰三福路14號
0089,鹽水文物陳列館,鹽水區武廟里7鄰武廟路87號
0090,鹽水國中,鹽水區中境里10鄰三福路63號
0091,水仙里活動中心,鹽水區水仙里中山3巷15-1號
0092,護庇宮,鹽水區水正里16鄰中正路140號
0093,月津國小,鹽水區橋南里15鄰月津路16號
0094,月津國小,鹽水區橋南里15鄰月津路16號
0095,鹽水區圖書館,鹽水區橋南里15鄰月津路14-1號
0096,舊巷里活動中心,鹽水區舊巷里6鄰36號
0097,游水里活動中心,鹽水區游水里7鄰滸水港1號
0098,鹽水國小,鹽水區水秀里7鄰朝琴路137號
0099,岸內國小,鹽水區岸內里14新岸內96號
0100,鹽水國小,鹽水區水秀里7鄰朝琴路137號
0101,普照宮（左室）,鹽水區義欄里4鄰58號
0102,下中里活動中心,鹽水區下中里7鄰32號
0103,歡雅里活動中心（中寮）,鹽水區歡雅里6鄰90號
0104,永安宮（右室）,鹽水區歡雅里6鄰91號
0105,大莊里活動中心桐寮里中山堂,鹽水區大莊里6鄰44號
0106,桐寮里中山堂,鹽水區桐寮里6鄰44號
0107,後宅里活動中心,鹽水區後宅里1鄰後寮10-4號
0108,孫、厝里活動中心,鹽水區孫、厝里孫厝寮76-1號
0109,竹埔國小,鹽水區竹埔里5鄰92-1號
0110,保生宮（中山堂）,鹽水區下林里2鄰57號
0111,田寮里活動中心,鹽水區田寮里4鄰45號
0112,南天宮（聖恩廳）,鹽水區大豐里8鄰88號
0113,慶華宮,鹽水區飯店里2鄰48號
0114,河南里活動中心,鹽水區南港里5鄰查頭港170-1號
0115,查頭港國小,鹽水區南港里9鄰全頭港202號
0116,新進國小,新營區忠政里11鄰中正路41號
0117,新進國小,新學區忠政里11鄰中正路41號
0118,新進國小,新營區忠政里11鄰中正路41號
0119,新華國小,新營區大宏里13鄰中正路4號
0120,新營國小,新學區大宏里13鄰中正路4號
0121,新營高中,新營區三仙里21鄰民權路101號
0122,新營高中,新營區三仙里21鄰民權路101號
0123,濟安宮（右室）,新營區好平里13鄰忠義街28號
0124,濟安宮（左室）,新營區好平里13鄰忠義街28號
0125,新營浸信會,新學區永生里3鄰富源街14號
0126,新營國小,新營區大宏里13中正路4號
0127,新營國小,新營區大宏里13鄰中正路4號
0128,新營國小,新營區大宏里13鄰中正路4號
0129,新營高工,新營區王公里14鄰中正路68號
0130,新營高工,新營區王公里14鄰王中正路68號
0131,工新營高,新學區王公里14鄰王中正路68號
0132,新東國中,新營區新東里23鄰民治東路30號
0133,新東國中,新學區新東里23鄰民治東路30號
0134,新泰國小,新營區新東里15鄰東學路77號
0135,公誠國小,新營區興業里4鄰公誠街5號
0136,土庫社區活動中心,新學區土庫里5鄰土庫48號
0137,私立南光高級中學,新營區興安里4鄰中興路62號
0138,真武殿台糖生產技術,新營區南興里1鄰延平路112號
0139,服務處,新營區南興里27鄰建業路43號
0140,公誠國小,新營區興業里4鄰公誠街5號
0141,南新國中,新營區民生里4鄰民治路65號
0142,新民國小,新營區民生里18鄰公園路1段136號
0143,南新國中,新營區民生里4鄰民治路65號
0144,南新國中,新營區民里鄰生4民治路65號
0145,南新國中,新營區民生里4鄰民治路65號
0146,新民國小,新營區民生里18鄰公園路1段136號
0147,新民國小,新營區民生里18鄰公園路1段136號
0148,新民國小,新營區民生里18鄰公園路1段136號
0149,親親幼兒園（弘星學苑）,新學區民榮里12鄰興農街68號
0150,妙法禪寺入口（佛教文物流通處服務台）,新營區民縈里14鄰復興路161巷42號
0151,三聖宮,新營區民榮里26鄰復興略305巷21-
0152,埠寮許丑民眾活動中心,新學區埠寮里5鄰埠寮12-1號
0153,護鎮社區活動中心,新營區護鎮里7鄰建國路302號
0154,新興國小,新替區太南里19鄰316號
0155,新營文康活動中心(樓）1,新營區太北里6鄰45-8號
0156,南梓國小,新營區南紙里22鄰建業路191號新營區南紙里22鄰
0157,南梓國小,南紙里22鄰建業路191號
0158,嘉芳里大將公廟,新學區嘉芳里1鄰茄萃腳1號
0159,舊廊里活動中心,新營區舊廊里4鄰舊廊27號
0160,角帶里活動中心,新營區角帶里5鄰65號
0161,鐵線社區活動中心,新營區鐵線里11鄰121-1號
0162,五興社區活動中心,新營區五興里10鄰114-1號
0163,新生國小,新營區姑爺里6鄰52號
0164,士林里活動中心,柳營區士林里博愛街18號
0165,柳替國小禮堂,柳營區士林里柳營路1段755號
0166,柳營國小東側教,室柳營區士林里柳學路1段755號
0167,光福里活動中心,柳營區光福里柳著路2段238號
0168,中遲里活動中心,柳營區中遲里柳營360號柳營區東昇里7鄰
0169,柳學聯合活動中心,中山西路2段19巷35號
0170,柳營代天院香客大樓,柳營區東昇里中山西1段362號
0171,八翁里集會所（重興宮側）西,柳營區八翁里8鄰八老爺70-1號
0172,人和里活動中心,柳營區人和里柳營路3段420巷1弄2
0173,火燒店代夭宮,柳學區人和里界和路77巷26號
0174,太康國小,柳營區太康里太康里4之1號
0175,太康里活動中心,柳營區太康里113號
0176,明聖殿(樓會議室）1,柳營區重溪里小腳腿123號
0177,重溪水利工作站,柳營區重漠里2鄰小腳腿13號
0178,五軍營法主宮,柳營區重漢里五軍23之1號
0179,小腳腿多功能活動中心北側,柳學區篤農里6鄰小腳腿226之1號
0180,小腳腿多功能活動中心南側,柳營區篤農里6鄰小腳腿226之1號
0181,大農里活動中心,柳營區大農里義士路1段450號
0182,神農里活動中心,柳營區神農里6鄰呆毅後284之5號
0183,新厝活動中心,柳營區神農里新厝18之1號
0184,果毅里活動中心,柳營區呆毅里呆毅後61號
0185,慈玄宮,柳營區呆毅里南湖之5之11號
0186,新吉庄活動中心,柳營山里2鄰區旭新吉庄16-30號
0187,山子腳活動中心,柳學區旭山里山子腳9-1號
0188,尖山鎮安宮,柳營區旭山里尖山
0189,北門農民教育活動中心,北門區永隆里3鄰北門45號
0190,北門國小,北門區北門里14舊是3號
0191,永隆里活動中心,北門區永隆里5鄰北門60之1號
0192,財團法人台灣外教育發展基金會,展北門區永華里5鄰并仔腳53之1號
0193,北門國小玉湖分,校北門區玉港里4鄰灰嘻港39之3號
0194,西埔內高興館社區活動中心,北門區玉港里23西埔內82號
0195,蚵寮國小（特教班教室）,北門區黨昆江里2鄰蚵寮791號
0196,蚵寮國小（知動教室）,北門區攏江里2鄰蚵寮791號
0197,蚵寮國小（健康中心）,北門區議昆江里2鄰蚵寮791號
0198,蚵寮國小（禮堂）,北門區攏江里2鄰蚵寮791號
0199,新園中山堂,北門區攏江里9鄰新圍18之2號
0200,雙春漁民活動中心,北門區雙春里1鄰雙春5之12號
0201,錦湖園小,北門區錦湖里8鄰渡子頭75號
0202,三慈國小,北門區慈安里1鄰三寮灣381號
0203,三慈國小,北門區慈安里1鄰三寮灣381號
0204,蘆竹溝漁港漁貨銷售中心,北門區三光里15蘆竹溝333號之
0205,東興宮,北門區中框里4鄰漢底寮23號
0206,仁里里活動中心,北門區仁里里2鄰二重港27號
0207,集和宮,學甲區秀昌里6鄰一秀69號
0208,慈太宮,學甲區秀昌里21鄰下漢洲70號
0209,煥昌社區活動中心,學甲區秀昌里31鄰煥昌82號之1
0210,學甲國小（禮堂）,學甲區秀昌里3鄰一秀30號
0211,天仁工商職校(教室）111,明宜里18鄰學甲區夭水路30號
0212,礁宮白,學甲區慈福里3鄰民權路22號
0213,興太宮,學甲區慈福里15鄰濟生路64號
0214,惡濟宮（香客休息室）,學甲區起福里18鄰濟生路170號
0215,學甲區綜合體育館,學甲區仁得里1鄰建國路37號之7
0216,原學甲鎮民代表會,學甲區仁得里1鄰建國路36號
0217,興善寺（左室）,學甲區仁得里11鄰建國路86號
0218,新寮普濟宮活動中心,學甲區新達里11鄰新興路21號
0219,山寮東明宮,學甲區新達里18鄰山寮26號之1
0220,臺南市政膺環境保護局學甲區隊,學甲區新縈里1鄰東寮14號之6
0221,新藥里中山堂,學甲區新榮里6鄰東寮63號之1
0222,大灣中山堂,學甲區大灣里10鄰大灣101號之1
0223,豐和里活動中心,學甲區豐和里10鄰美豐82號之5
0224,聖嶽宮（管理委員會）,學甲區中洲里13鄰中洲136號之1
0225,第五社區發展協會活動中心,學甲區中洲里24鄰中洲313號之2
0226,光華社區活動中心,學甲區光華里8鄰過港子65號
0227,鎮安宮活動中心,學甲區光華里24鄰頭港子68號之1
0228,慈德宮,學甲區宅港里4鄰宅子港61號學甲區平和里7鄰
0229,慈照、宮,學甲寮62號之1
0230,頂洲社區活動中心,學甲區三慶里1鄰頂洲12號
0231,三慶里照顧關懷接點,學甲區三慶里15鄰紅茄9號旁
0232,新芳社區活動中心,學甲區三慶里29鄰新芳54號之2
0233,長接社區活動中心,將軍區長榮里51-4號
0234,西華社區活動中心,將軍區西攀里51-5號
0235,西和社區活動中心,將軍區西箏里130-15號
0236,忠興里辦公處,將軍區忠興里81號
0237,忠興社區活動中心,將軍區忠興里120號將軍區嘉昌里
0238,嘉昌里活動中心,98-5號
0239,昌平社區活動中心,將軍區嘉昌里昌平66-2號
0240,苓保社區活動中心,將軍區保源里苓保66-25號
0241,源頭社區活動中心,將軍區保源里源頭56號
0242,苓和社區活動中心,將軍區苓和里苓和118-5號
0243,忠寮社區活動中心,將軍區苓和里忠寮13號
0244,巷口社區活動中心,將軍區仁和里仁巷52號
0245,北埔社區活動中心,將軍區北埔里94號
0246,將軍國小,將軍區將貴里58號
0247,金興宮保生大樓,將軍區將貴里將貴54-1號
0248,心三吉里民活動中,將軍區三吉里36號
0249,玉山社區活動中心,將軍區玉山里79號
0250,心廣山里活動中,將軍區廣山里97-6號
0251,馬沙溝演海休閒活動中心,將軍區長沙里24-30號
0252,觀音巖,將軍區長沙里80號
0253,馬沙溝社區活動中心,將軍區平沙里58-3號
0254,攏踏國小,將軍區親漠里6號
0255,青競觸社區長壽會館,里將軍區攏掛236號
0256,擺歸國小,將軍區攏漠里6號
4選舉,區（下營,區、六甲區、麻
0257,下營帝廟上（香客大樓樓餐廳1,下營區下營里19鄰）中山路段1號1
0258,下華國小課室,下營區仁里里23中山路段72號2
0259,下營國小課室,下營區仁里里23中山路2段72號
0260,舊下學鄉立托兒所,下營區宅內里6鄰東興三街76號
0261,下營地區民眾活動中心,下營區後街里19鄰大孝街1號
0262,東興國小課室,下營區新興里4鄰東興一街112號
0263,東興國小課室,下營區新興里4鄰東興一街112號
0264,下營國小課室,下學區仁里里23中山路段72號2
0265,下營國小課室,下營區仁里里23中山路2段72號
0266,大屯里活動中心,下營區大屯里3鄰大屯寮23之2號
0267,大埠里活動中心,下學區大埠里2鄰大埠寮9號
0268,茅港尾天后宮會議室,下營區茅港里7鄰茅港尾163號下營區開化里4鄰
0269,中營開化活動中心,中營242號
0270,中營國小課室,下營區開化里4鄰中營270號
0271,中營國小課室,下學區開化里4鄰中營270號
0272,西連里活動中心,下營區西連里6鄰西寮13-25號
0273,賀建國小餐廳,下營區賀建里5鄰麻豆寮49號
0274,甲中國小課室,下營區甲中里19鄰中庄子71號
0275,紅厝里活動中心,下營區紅厝里8鄰紅毛厝57號
4選舉,區（下營,區、六甲區、麻
0276,六甲國小,六甲區六甲里中正路319號
0277,六甲國小,六甲區六甲里中正路319號
0278,六甲里活動中心,六甲區六甲里信義街238巷14弄17
0279,甲束里活動中心,六甲區甲東里4鄰忠孝街217號
0280,甲東里陳聖王公府（右室）,六甲區甲東里15忠孝街146號
0281,甲南里活動中心,六甲區甲南里珊瑚路
,,17巷2號六甲區龍湖里中華路
0282,龍湖里關懷中心,215巷10-1號旁〈六甲衛生所對
0283,七甲、龍湖多功能活動中心,六甲區七甲里七甲街89巷2號六甲區二甲里6鄰
0284,二甲里舊活動中心,民權街231號（玄武殿後）
0285,二甲里活動中心,六甲區二甲里建工街266號
0286,二甲里玄武殿（在室）水林里龍玄宮,六甲區二甲里6鄰民權街231號六甲區水林里2鄰
0287,（右室－關懷據點）,中山路206巷27
0288,水林里活動中心,六甲區水林里5鄰民族街269號
0289,林鳳社區發展協會活動中心,六甲區中社里中社173號
0290,中社里活動中心,六甲區中尋土里中社351號
0291,龜港里保生廟（左室）,六甲區龜港里5鄰161巷41弄68
0292,菁埔里活動中心,六甲區菁埔里菁埔83號
0293,王爺里活動中心,王六甲區爺里番子坑，
0294,大丘里活動中心,六甲區大丘里大丘〈派出所旁〉
4選舉,區（下營,區、六甲區、麻
0295,私立麻豆樂人幼兒園,麻豆區穀典里中華街22號
0296,保安宮,麻豆區保安里2鄰興中路21號
0297,麻豆國小,麻豆區東角里2鄰文昌路18號
0298,麻豆國小,麻豆區東角里2鄰文昌路18號
0299,順天宮,麻豆區普江里13鄰民權路87號
0300,麻豆國小,麻豆區東角里2鄰文昌路18號
0301,慶安宮（右室）,麻豆區巷口里5鄰和平路3號
0302,中興、興農里活動中心,麻豆區中典里自由路8-6號
0303,良皇宮（右室）,麻豆區中興里18自由路9-1號
0304,興農社區活動中心,麻豆區興農里5鄰成功街2-5號
0305,萬福宮,麻豆區新建里4鄰興民街83號
0306,油車里活動中心,麻豆區油車里19自由路46號西側麻豆區油車里13鄰
0307,太子宮,油車95號
0308,北勢國小,麻豆區北勢里10鄰15號
0309,北極殿普濟寺,麻豆區大遲里4鄰復興街24號
0310,大遲里活動中心,麻豆區大瑾里15大同街26號之l
0311,總縈里活動中心,麻豆區總縈里3鄰321號
0312,龍泉里活動中心,麻豆區龍泉里2鄰溝子峰已20號
4選舉,區（下營,區、六甲區、麻
0313,l永淨寺樓,麻豆區南勢里3鄰關帝廟23-2號
0314,保安宮（右室）,麻豆區南勢里13鄰南勢26號
0315,寮廊里活動中心,麻豆區寮廊里3鄰15號
0316,普天宮,麻豆區小埠里3鄰1-2號
0317,埠頭里活動中心,麻豆區埠頭里12鄰110-1號
0318,大山里活動中心,麻豆區大山里4鄰212號
0319,海埔里活動中心,麻豆區海埔里3鄰43號
0320,莊禮里活動中心,麻豆區莊禮里4鄰54號
0321,港尾里社區活動中心,麻豆區港尾里8鄰48-2號
0322,麻口里社區活動中心,麻豆區麻口里7鄰546號
0323,正安宮,麻豆區安東里4鄰安業277-4號
0324,安業里活動中心,麻豆區安業里3鄰99號之1
0325,安西里活動中心,麻豆區安西里5鄰227-10號
0326,紀安國小活動中心,麻豆區謝安里9鄰231號
0327,紀安宮活動中心,麻豆區謝安里6鄰53號
0328,安正里活動中心,麻豆區安正里4-1（永安宮後面）
0329,磚井里活動中心,麻豆區磚井里4鄰31-1號
4選舉,區（下營,區、六甲區、麻
0330,官回社區活動中心,官田區官田里21鄰官田315號
0331,官田區風雨球場,官田區官田里1鄰官田20-3號
0332,二鎮社區活動中心,官田區二鎮里8鄰二鎮68之1號
0333,護安宮,官田區二鎮里8鄰二鎮67號
0334,湖山長壽俱樂部,官田區湖山里1鄰烏山頭3號
0335,嘉南里活動中心,官田區嘉南里3鄰嘉南22之16號官田區大崎里4鄰
0336,大崎社區活動中心,大崎30之6號
0337,隆回國小,官田區隆田里6鄰中山路1段127號
0338,隆回國小,官田區隆田里6鄰中山路1段127號官田區隆本里10鄰
0339,復興宮,中華路2段15巷16
0340,隆本里活動中心,官田區隆本里18鄰興隆街33號
0341,隆田基督教會,官田區隆本里23鄰勝利路58號
0342,南廊里活動中心,官田區南廊里5鄰南廓65-2號
0343,東西庄社區活動中心,官田區東庄里3鄰西庄125之1號
0344,息安宮（管理委員會）,官田區東庄里4鄰西庄130號
0345,拔林里活動中心,官回區拔林里6鄰拔子林43之1號
0346,渡頭社區活動中心,官田區渡頭里鄰2渡子頭18號
0347,渡頭北極殿,官田區渡頭里2鄰渡子頭20號
0348,府天宮,官田區渡頭里27鄰三塊厝26號
0349,社子社區活動中心,官田區社子里2鄰社子11號
0350,後港社區活動中心,七股區後港里10鄰港西11-5號
0351,大潭里里漁民活動中心,七股區大潭里2鄰台潭28-6號
0352,城內里活動中心,七股區域內里3鄰城內16-3號
0353,篤加社區活動中心,七股區篤加里5鄰篤加477號
0354,頂山里漁民活動中心,七股區頂山里15頂山144-3號七股區西寮里1鄰
0355,西寮社區活動中心,西寮1-3號
0356,喔喔社區活動中心,七股區進垣里10鄰遲遲165-1號
0357,中寮社區活動中心,七股區中寮里8鄰中寮63-2號
0358,龍山里漁民活動中心,七股區龍山里10龍山211-33號
0359,龍山社區長壽俱樂部,七股區龍山里10龍山211-39號
0360,：美南里漁民活動中心,七股區﹔真南里3鄰j吳南28號
0361,七股社區活動中心,七股區七股里11鄰七股1031號
0362,玉成社區活動中心,七股區成里3鄰玉玉成17號
0363,大瑾里漁民活動中心,七股區大瑾里9鄰大遲271-1號
0364,大寮社區活動中心,七股區大寮里5鄰大寮36-12號
0365,看坪社區活動中心,七股區看坪里6鄰看坪45-1號
0366,樹林社區活動中心,七股區樹林里1鄰樹林5-8號
0367,竹港社區活動中心,七股區竹港里6鄰竹港52-19號
0368,竹橋里多功能活動中心,七股區竹橋里3鄰竹橋33-1號
0369,義合里多功能活動中心樟榔里多功能,七股區義合里9鄰義合722號七股區榜榔里5鄰
0370,活動中心,據榔42-1號
0371,永舍里多功能活動中心,七股區永吉里1鄰永吉16-8號
0372,三股國小,七股區三股里7鄰三股100號
0373,十份里漁民活動中心,七股區十份里2鄰十份24-9號
0374,佳里區衛生所,佳里區東寧里進學路159號
0375,信義國小,佳里區東寧里信義一街336號
0376,雷明宮,佳里區忠仁里忠仁街96號
0377,佳池宮,佳里區忠仁里平等街18號
0378,仁愛國小,佳里區鎮山里仁愛路307號
0379,仁愛國小,佳里區鎮山里仁愛路307號
0380,仁愛國小,佳里區鎮山里仁愛路307號
0381,仁愛國小,佳里區鎮山里仁愛路307號
0382,佳里國中,佳里區建南里安南路523號
0383,幽冥殿,佳里區建南里仁愛路436號
0384,f二愛國小,佳里區鎮山里仁愛路307號
0385,f二愛國小,佳里區鎮山里仁愛路307號佳里區安西里公園路
0386,佳里國小,445號
0387,佳里國小,佳里區安西里公園路445號
0388,佳里國小,佳里區安西里公園路445號
0389,護國宮,佳里區安西里佳北路480號
0390,佛天宮右側建物l樓,佳里區安西里文化路672號
0391,昭清宮,佳里區安西里安西路118-3號
0392,佳里多摩市社區電信室,佳里區安西里佳東路10號
0393,六安宮,佳里區六安里六安街70號
0394,北門高中教室,佳里區六安里269號
0395,北門高中中正堂,佳里區六安里269號
0396,佳興國小,佳里區佳化里214號
0397,佳興國小,佳里區佳化里214號
0398,化社區活動中心禮,佳里區化里15鄰禮375號之5
0399,興化社區活動中心,佳里區興化里14鄰545-11號
0400,營項社區活動中心,佳里區學頂里3鄰27號
0401,溪卅社區活動中心,佳里區溪卅里1鄰2-1號
0402,津洲、海澄社區活動中心,佳里區津洲里4鄰204號
0403,津洲里公辦處,佳里區津洲里4鄰204號
0404,頂廓社區活動中心,佳里區頂廊里117號佳里區嘉福里12鄰
0405,嘉福社區活動中心,115號之22
0406,通興社區活動中心,佳里區通興里8鄰埔頂25號
0407,甜寮社區活動中心,佳里區全甘寮里4鄰51-1號
0408,龍安社區活動中心,佳里區龍安里4鄰堪子內40號
0409,民安社區活動中心,佳里區民安里3鄰342號
0410,永昌宮後側老人會館,佳里區子龍里40號
0411,子龍里辦公處,佳里區子龍里96號
0412,三協社區活動中心,佳里區三協里潭嚨31號
0413,西港國民中學,西港區西港里4鄰文化路41號
0414,士連祖紀念館（吳姓祖厝）,西港區西港里18鄰西港57-1號
0415,西港國民中學,西港區西港里4鄰文化路41號
0416,西港國小,準豐盒60號西港區慶安里12鄰
0417,西港國小,西港區慶安里12鄰進學街60號
0418,慶安社區活動中心,西港區慶安里8鄰新興街107巷32
0419,南海活動中心,西港區南海里4鄰南海埔24號
0420,中港廣興宮,西港區南海里20鄰中港24號
0421,港東里活動中心,西港區港東里11鄰烏竹林58-5號
0422,八份姑媽宮（右室）,西港區港束里12鄰八份1-2號
0423,松林國小,西港區樣林里5鄰樣子林39-1號
0424,松林國小,西港區樣林里5鄰樣子林39-1號
0425,後替老人文康活動中心,西港區學西里1鄰後營1-2號
0426,惡鳳宮,西港區營西里15鄰後學119號
0427,後營國小金砂分校,西港區金吧！、里5鄰砂凹子101號
0428,劉厝里活動中心,西港區劉厝里8鄰劉厝58號
0429,竹林中山堂,西港區竹林里11鄰大竹林88號
0430,永樂里活動中心,西港區永樂里7鄰大堪寮59-35號
0431,新復〈新港〉關懷中心,新復里5鄰西港區新港42號旁
0432,安？真宮,西港區新復里8鄰漢埔寮8號
0433,東關里社區活動中心,善化區東關里17鄰新興街34號之2
0434,大成國小,善化區坐駕里8鄰大成路385號
0435,大成國小,善化區坐駕里8鄰大成路385號
0436,站前倉庫（舊光文里社區活動中心）,善化區光文里9鄰光文路8號之1
0437,文欣幼兒園嘉南農田水利會,善化區光文里20鄰民權路267號善化區光文里28鄰
0438,善化工作站,公園路102號
0439,文昌社區活動中心,善化區文昌里19鄰光復路175號之
0440,大成國小,善化區坐駕里8鄰大成路385號
0441,舊圖書館,善化區南關里5鄰三民路6號之6
0442,善化國小,善化區文正里1鄰進學路63號
0443,善化國小,善化區文正里1鄰進學路63號
0444,文正里社區活動中心,善化區文正里10鄰文正路25巷18號
0445,胡厝寮代夭府（中山堂）,善化區胡家里16鄰胡厝寮151號
0446,普安宮（社區發展協會）,善化區胡厝里13鄰胡厝寮220號之
0447,代天宮（什乃社區育樂中心）,善化區什乃里9鄰什乃81號
0448,3美美社區活動中心,善化區：柔美里8鄰漢尾71號
0449,善糖國小,善化區j柔美里19鄰漢尾245號
0450,六分社區活動中心（六分社區發展協會,善化區六分里2鄰）六分寮471號
0451,六德社區活動中心,善化區六德里4鄰六分寮227號之
0452,田寮里天后宮田寮里活動中心,善化區田寮里5鄰六分寮63號之1善化區田寮里15鄰
0453,（東嶽殿旁）,六分寮168號之
0454,東勢寮社區活動中心,善化區東隆里6鄰東勢寮186號之
0455,東勢寮慶濟宮,善化區東隆里6鄰
,,東勢寮183號
0456,牛庄活動中心,善化區牛庄里13鄰牛庄1號之1
0457,善化區老人文康活動中心,善化區嘉北里12鄰茄拔271號
0458,茄拔天后宮（交誼廳）,善化區嘉南里3鄰茄拔80號
0459,小新國小,善化區小新里11鄰小新營97號之3
0460,小新國小,善化區小新里11鄰小新學97號之3
0461,小新社區活動中心,善化區小新里13鄰小新學113號之2
0462,渴婆宮（右室）,安定區蘇林里1鄰蘇厝9-1號
0463,長興宮（右室）,安定區蘇厝里18鄰456號
0464,真護宮（右室）,安定區蘇厝里2鄰293-2號
0465,蘇厝社區活動中心,安定區蘇厝里18鄰4561號
0466,老人文康活動中心,安定區安定里14鄰安定131-1號安定區安定里15鄰
0467,保安宮（右室）,安定131號
0468,王姓大宗祠,安定區保西里12鄰445號
0469,港尾社區活動中心,安定區港尾里12鄰74-1號
0470,福安宮（左室）,安定區港尾里12鄰74號
0471,順天宮中山堂,安定區中榮里3鄰27號
0472,址慈暉幼稚圍舊,安定區港口里11312號
0473,港口觀渡宮,安定區港口里21鄰港口4001號
0474,港口水利工作站,安定區港南里1鄰4號
0475,港口慈安宮（左室）,安定區港南里19161號
0476,大同社區活動中心,安定區大同里7鄰81號
0477,六嘉里集會所,安定區六嘉里5鄰33號
0478,中沙社區活動中心,安定區中沙里中崙4鄰115號
0479,新吉保安宮（左室）,安定區新吉里11鄰95號
0480,新書社區活動中心,安定區新吉里14123-13號
0481,海寮社區活動中心,安定區海寮里1鄰153號
0482,海寮普陀寺（右室）,安定區海寮里11鄰110號安定區管寮里3鄰
0483,管寮社區活動中心,35號
0484,南安社區活動中心,安定區南安里1鄰1號
0485,竹坑北極殿,大內區石湖里305之7號
0486,新厝子社區活動中心,大內區石湖里15鄰新厝子26之5號
0487,石子滑天后宮（臨時宮）,大內區石湖里7鄰291號
0488,石子瀨社區活動中心,大內區石城里13鄰114之66號
0489,大內社區長壽俱樂部,大內區內江里7鄰285號大內區大內里5鄰
0490,大內社區活動中心,63號
0491,後蠣福安宮,大內區內郭里8鄰24號
0492,頭社社區活動中心,大內區頭社里1鄰10之1號
0493,環湖社區活動中心,大內區環湖里4鄰56號
0494,二溪社區活動中心,大內區二漢里6鄰198之1號
0495,曲溪社區活動中心,大內區曲漠里5鄰51之2號
0496,活動中心（舊）,明和157號（朝天宮東側）
0497,山上區明和里活動中心（新）,山上區明和里3鄰明和98號
0498,臺南市山上區圖書館,里3鄰山上區南洲南洲53號
0499,南洲社區農民教育活動中心,山上區南洲里8鄰南洲197號山上區山上里7鄰
0500,中山堂,山上121號（天后宮北側）
0501,新莊里大庄民眾活動中心,上區新莊里9鄰山大庄32號
0502,山上區玉峰里活動中心,山上區辜里3鄰玉蚵先潭35號
0503,平陽里民眾活動中心,山上區平陽里4鄰石子崎48號
0504,山上區豐德里中山堂,里4鄰山上區豐德隙子口49之2號
0505,武安宮,新化區武安里2鄰中正路273號
0506,新化區衛生所,新化區豐縈里13鄰健康路143號
0507,新化國中,新化區東縈里16鄰中興路722號
0508,上帝廟（右室）,新化區東榮里20鄰民生路43號
0509,天壇護安宮,新化區東縈里30鄰護安街42號
0510,新化區老人文康活動中心,新化區東榮里23鄰和平街31巷10號
0511,新化國小,新化區護國里9鄰中山路173號
0512,新化國小,新化區護圈里9鄰中山路173號
0513,朝天宮,新化區太平里4鄰中正路534號
0514,嘉南農田水利會新化區管理處,新化區太平里4鄰中正路582號
0515,太子宮,新化區太平里13鄰中正路611號
0516,太子宮（長壽會館太平里,新化區太平里13鄰）中正路611號新化區中央里4鄰
0517,中央里長壽會館,大同街124號
0518,觀音亭（右室）,新化區觀音里2鄰中山路292號
0519,竹林里長壽會館里民活動中心,新化區竹林里5鄰竹林路40號
0520,清水里長壽會館,新化區清水里6鄰民權街23號
0521,協興里活動中心,新化區協興里6鄰太平街125號
0522,大新國小,新化區協興里14鄰太平街176號
0523,大新國小,新化區協興里14鄰太平街176號
0524,喙口里長壽俱樂部,新化區喙口里5鄰喀口34號
0525,喙口里活動中心,新喙化區口里7鄰喙口106號之3
0526,北勢里活動中心,新化區北勢里2鄰北勢39號
0527,豐榮里活動中心,新化區豐縈里3鄰洋子164號
0528,保生大帝廟（右室）,新化區豐縈里6鄰洋子127號
0529,正新國小,新化區豐榮里12鄰正新路97號
0530,全興里活動中心,新化區全興里6鄰竹子腳73號
0531,四王廟崙頂里活動中心,新化區全興里10鄰竹子腳225號新化區崙頂里11鄰
0532,（崙項社區守望相助隊）,崙子頂422號
0533,崙頂里（新）活動中心,新化區崙頂里11鄰崙子頂422號
0534,知義里活動中心,新化區知義里1鄰知母義171號
0535,佛擷寺（左室）,新化區知義里6鄰新和庄12號
0536,山腳朝天宮（右室）,新化區山腳里2鄰頂山腳25號
0537,大坑里活動中心,新化區大坑里4鄰大坑尾182號
0538,葬拔國小,新化區轉拔里1鄰葬拔林54號
0539,JfS拔國小,新化區葬拔里1鄰蟑拔林54號
0540,轉拔里活動中心,新化區葬拔里9鄰葬拔林329號
0541,礁坑里活動中心,新化區礁坑里6鄰三十六崙153號
8選舉,區（楠西,區、南區、化
0542,楠西國中學生活動中心,楠西區楠西里5鄰中興路107號
0543,楠西區老人文康活動中心,楠西區楠西里4鄰民族路128號
0544,灣丘里民眾活動中心,楠西區灣丘里鄰1灣丘11-3號
0545,密枝里中山堂照興里社區,楠西區密枝里2鄰密枝22-1號旁楠西區熙、興里18
0546,活動中心,興南14-2號
0547,鹿田里中山堂龜丹里社區,楠西區鹿田里3鄰鹿陶洋30號旁楠西區龜丹里l鄰
0548,活動中心,龜丹5號
0549,東勢關懷中心,楠西區東勢里4鄰東勢路160巷30
0550,東勢社區活動中心,楠西區東勢里17信義路57巷10號
8選舉,區（楠西,區、南區、化
0551,4匕，j、南圈,南化區南化里17號
0552,南化區老人文康中心,南化區南化里172號之1
0553,小崙里中山堂,南化區小崙里60號之1
0554,東和社區活動中心,南化區東和里19號之1
,,南化區西埔里60號
0555,西埔里中山堂,之2
0556,中坑里活動中心,南化區中坑里38號之6南化區北平里53號
0557,北平里活動中心,之5
0558,北寮社區活動中心,化區北寮里3號南
0559,玉山里活動中心,南化區玉山里65號
0560,關山里活動中心,南化區山里84號關
8選舉,區（楠西,區、南區、化
0561,青呆市場民俗研究協會,玉井區玉井里中正路27號旁青呆市場
0562,玉井國小(年班）31,玉并區玉田里中正路1號
0563,玉井國小（補校教室）,玉井區玉田里中正路1號
0564,體育館,玉井區玉田里民族路216號
0565,圖書館福德爺廟旁,玉并區玉田里民族路218號玉井區中正里大成路
0566,活動中心,471巷3之1號
0567,：青芳社區活動中心,玉井區中正里健康街10號
0568,盤古殿,玉并區竹園里竹圍40號
0569,竹園里活動中心,玉并區竹園里武成街155巷7號
0570,沙田里活動中心,玉井區沙田里沙田33之3號
0571,三埔里多功能活動中心,玉井區三埔里三埔15號之1
0572,三和里社區活動中心,玉井區三和里三和95號之3
0573,望明里活動中心,玉井區望明里望明76號
0574,劉陳朝龍宮旁會議室,玉井區望明里劉陳96之2號
0575,層林國小(年甲班）1,玉井區層林里層林115號
0576,豐里里活動中心,玉并區豐里里豐里59-10號
8選舉,區（楠西,區、南區、化
0577,光和里活動中心,左鎮區光和里4鄰光和51-10號
0578,縈和里活動中心,左鎮區縈和里13菜寮60-7號
0579,左鎮社區活動中心,左鎮區左鎮里5鄰左鎮39號
0580,北極殿（右室）,左鎮區中正里12中正171-3號
0581,三官大帝廟（右室）,左鎮區睦光里6鄰睦光58-2號在鎮區內庄里4鄰
0582,內庄社區活動中心,內庄37號
0583,岡林里活動中心,左鎮區同林里3鄰岡林31號
0584,原草山分班,左鎮區草山里6鄰草山74號
0585,二寮里中山堂,在鎮區二寮里3鄰二寮27號
0586,澄山里活動中心,在鎮區澄山里8鄰澄山77-2號
0587,新市國小學生活動中心,新市區新市里中興街1號
0588,新市圖書館,新市區新市里民族路192號
0589,新市國小(年班教室）18,新市區新市里中興街1號
0590,新市國小(11年班教室）,新市區新市里中興街1號
0591,新市區文康育樂中心新市國小,新市區新和里忠孝街189號新市區新市里中興街
0592,(年班教室）51,1號
0593,：青保宮（管理委員會）,新市區新和里華興街67號
0594,福巷北極殿壽（右室）,新市區新和里和平街208巷18號
0595,中安宮,新市區社內里社內28號
0596,新市區老人文康活動中心,新市區社內里社內91-22號
0597,保安宮（大洲里辦公處）,新市區大洲里大洲52號
0598,豐華社區活動中心,新市區豐摹里豐華422號
0599,三令社區活動中心,新市區三舍里三令67號
0600,營頭營尾社區活動中心,新市區大營里大營213號
0601,靈昭宮（左室）豐槃北極殿,新市區大學里大營214號新市區大營里豐縈
0602,1(樓左側長壽會聯誼會館）,55號
0603,東勢北極殿（左室）,新市區大社里大社288號
0604,大社社區活動中心,159號
0605,大社團小（會議室）,新市區大社里大社39號
0606,潭頂社區活動中心,新市區潭頂里潭頂261-1號
0607,潭頂里私有車庫,新市區潭頂里潭頂184號
0608,頂港北極殿（左室）,新市區港嚨里大同街49號
0609,港等色農民活動中心1樓,區港新市轉包里華美街11-1號
0610,南港北極殿（右室）,新市區港構里華美街11號
0611,永就番子寮活動中心,新市區永就里永就6號
0612,永就社區活動中心（移民寮）,新市區永就里永就94-3號
0613,永新社區D區圖書館,新市區永就里永華2街10號1樓
號,場所名稱,投（開）票所地址
061,,
4,五王國小,永康區五王里中華－路150號
0615,五王國小,永康區五王里中華二路150號
0616,五王國小,永康區五王里中華二路150號
0617,五王國小,永康區五王里中華二路150號
0618,五王國小,永康區五王里中華二路150號
0619,五王國小,永康區五王里中華－路150號
0620,五王國小,永康區五王里中華－路150號
0621,高岡屋大樓會客,室永康區六合里新興街2號
0622,六合里活動中心,永康區六合里中華二358巷43號
0623,觀雲丙區圖書室,永康區六合里中華一340巷12號1樓
0624,東方公園圖書室,永康區六合里中華二266巷22號
0625,私立愛佳幼兒園,永康區網寮里永大一路366號
0626,私立愛佳幼兒園,永康區網寮里永大路366號
0627,五王層（右室）,永康區網寮里永二街123巷15號
0628,五王府（左室）,永康區網寮里永一街123巷15號
0629,王二廟（右室）,永康區二王里永二街395號
0630,王二廟（左室）,永康區二王里永二街395號
0631,統領國活動中心,永康區二王里中山南544巷46號對面
0632,二王里活動中心1樓（關懷中心）,永康區二王里中山南路688號
0633,長谷桃花源（交誼廳）,永康區二王里南工街226巷3弄2號
0634,永康國小,永康區永康里中山南路637號
0635,永康國小,永康區永康里中山南路637號永康區永康里
0636,永康國小,中山南路637號
0637,永康國小,永康區永康里中山南路637號
0638,永康國小,永康區永康里中山南路637號
0639,永康國小,永康區永康里中山南路637號
0640,聖龍宮,永康區埔園里中山路120巷1號
0641,慈聖宮,永康區埔園里龍埔街488號
0642,中正廟,永康區埔園里自強路468巷內
0643,南天宮（右室）,永康區埔園里龍埔街287號
0644,南天宮（在室）,永康區埔園里龍埔街287號
0645,永康駕訓班,永康區埔園里中山路452號
0646,永康國中,永康區正強里中山路43號
0647,永康園中,永康區正強里中山路43號
0648,永康國中,永康區正強里中山路43號
0649,永康國中,永康區正強里中山路43號
0650,永康國中,永康區正強里中山路43號
0651,大橋國小,永康區大椅里大橋三街173號
0652,大橋國小,永康區大橋里大橋三街173號永康區大椅里
0653,大橋國小,大橋三街173號
0654,大橋國小,永康區大橋里大橋三街173號
0655,大橋國中,永康區東橋里東橋十街1號
0656,大橋國中,永康區東椅里東橋十街1號
0657,清義宮,永康區東橋里中正路217巷15號
0658,大橋國中,永康區東椅里大橋十街1號
0659,其重廟（西椅里活動中心,永康區西橋里中山南路43巷7號）
0660,大橋里集會所,永康區大橋里中華路898之1號
0661,安康里活動中心,永康區安康里中華街122巷62號
0662,安康里活動中心,永康區安康里中華街122巷62號
0663,長億城D區管理,室永康區安康里大橋一街47號
0664,三老爺宮社教中心,永康區萬松里萬松一街96之1號
0665,三老爺宮中山堂,永康區萬松里萬松一街96號
0666,三民社區活動中心,永康區三民里三民街108號
0667,順靈殿,永康區三民里和平路212巷4號
0668,進行文化會館,永康區進行里正南八街1號
0669,進行文化會館,永康區進行里正南八街1號永康區進洲里進行路
0670,三村國小,2號
0671,三村國小,永康區進洲里進行路2號
0672,竹安宮（辦公室）,永康區進行里竹林街19號
0673,南捶殿（後面倉庫）,永康區進行里新行街54號
0674,三村國小,永康區進洲里進行路2號
0675,三村國小,永康區進洲里進行路2號
0676,禹帝宮,永康區進洲里進行路27號
0677,保寧宮,永康區進洲里洲尾街78號
0678,甲頂里活動中心,永康區甲頂里中華路920號之
0679,甲頂里運動公園（長壽會）,永康區甲頂里中正南52巷68弄口
0680,開仙宮,永康區甲頂里中央路32號
0681,姑婆廟,永康區尚頂里正南一街146號
0682,鎮南宮,235巷1號
0683,尚頂里活動中心,永康區尚頂里中華路920號
0684,龍潭國小,永康區龍潭里龍潭街214號
0685,龍潭國小,永康區龍潭里龍潭街214號
0686,龍潭國小,永康區龍潭里龍潭街214號
0687,龍潭國小,永康區龍潭里龍潭街214號
0688,龍潭國小,永康區龍潭里龍潭街214號
0689,龍潭國小,永康區龍潭里龍潭街214號
0690,龍潭國小,永康區龍潭里龍潭街214號
0691,開夭宮旁會議室,永康區行里育樂街王180號左邊永康區行里行路王王
0692,王行里活動中心,866巷29弄118
0693,烏竹里活動中心,永康區烏竹里烏竹北街85號
0694,烏竹里活動中心,永康區烏竹里烏竹北街85號
0695,西勢國小,永康區西勢里富強路1段278號
0696,西勢國小,永康區西勢里富強路1段278號
0697,西勢國小,永康區西勢里富強路1段278號
號,場所名稱,投（開）票所地址
0698,西勢國小,永康區西勢里富強路1段278號
0699,福安宮Cl樓）,永康區新樹里富強路2段306號
0700,新樹里活動中心,永康區新樹里富強路2段98號
070,,
l,大灣社區發展協會,永康區大灣里大安街318巷25號
0702,大灣國小,永康區大灣里大灣路283號
0703,大灣高級中學,永康區大灣里文賢街68巷1號
0704,大灣國小,永康區大灣里大灣路283號
0705,大灣國小,永康區大灣里大灣路283號
0706,大灣國小,永康區大灣里大灣路283號
0707,大灣國小,永康區大灣里大灣路283號
0708,，j、崑山圈,永康區崑山里國光五街72號
0709,慈勝宮,永康區西灣里公園路7巷23號
0710,西灣里活動中心,永康區西灣里永華路201巷12號永康區西灣里永華路
0711,西灣里活動中心,201巷12號
0712,老人活動中心,永康區南灣里大灣二71巷18弄30號
0713,:I七極殿（右室）,永康區南灣里立興街74巷2號
0714,:Ib極殿（左室）,永康區南灣里立興街74巷2號
0715,崑山科技大學,永康區崑山里大灣路949號
0716,，j、崑山圈,永康區崑山里國光五街72號
0717,，j、崑山圈,永康區崑山里國光五街72號
0718,，j、崑山圈,永康區崑山里國光五街72號
0719,崑山國小,永康區崑山里國光五街72號
0720,國聖宮（右室）,永康區北灣里大同街100號永康區北灣里大同街
0721,國聖宮（左室）,100號
0722,清水宮會議室嘉南農田水利會,永康區北灣里文賢街422巷18-1號永康區北灣里信義街
0723,西勢工作站,78號
0724,北灣社區發展協會活動中心,永康區北灣里文賢街332號
0725,上恩幼兒園,永康區北灣里大灣路40巷76號永康區復興里復興路
0726,復興里活動中心,356巷13號
0727,基督教台灣信義教會靈糧堂,永康區復興里復興路246巷7號
0728,光復里籃球場活動中心,永康區光復里復國路51號
0729,影三華廈禮堂,永康區建園里復國路62號
0730,影三華廈禮堂,永康區建國里復國路62號
0731,復園里活動中心,永康區復園里復國二路46號
0732,復園里活動中心,永康區復圈里復國二路46號
0733,復圈里活動中心(樓〉2,永康區復園里復國二路46號
0734,日上汽車駕駛訓練班,永康區復圈里復攀三街95號
0735,傑尼爾幼兒園,永康區復園里復國一路197號
0736,伊甸園幼兒園,永康區復園里復國一路236號
0737,永信國小,永康區復華里復華七街166號永康區復攀里
0738,永信國小,復華七街166號
0739,永信國小,永康區復箏里復華七街166號
0740,永信國小,永康區復華里復華七街166號
0741,永信國小,永康區復華里復華七街166號
0742,永信國小,永康區復華里復摹街166號七
0743,永信國小,永康區復摹里復摹七街166號
0744,永仁高中,永康區神洲里忠孝路74號
0745,精忠新城A2棟閱覽室,永康區成功里中華路58巷58號1樓
0746,基督真光教會,永康區成功里中華一路39巷96號
0747,中華里活動中心,永康區中華里忠勇街51號
0748,中華里活動中心,永康區中華里忠街勇51號
0749,永仁高中,永康區神洲里忠孝路74號
0750,中興里活動中心,永康區中興里中興街40號
0751,勝利里活動中心,永康區勝利里勝華街37巷39號
0752,勝利里活動中心,永康區勝利里勝華街37巷39號
0753,勝利國小,永康區勝利里勝學路111號
0754,勝利國小,永康區勝利里勝學路111號
0755,湯山新城活動中心,永康區勝利里小東路423巷6號
0756,東和里活動中心,安南區東和里6鄰長和路1段805號
0757,坦南社區活動中心,安南區坦南里3鄰環福街117號
0758,垃南里活動中心,安南區堪南里2鄰安昌街130號
0759,卅南社區活動中心,安南區卅南里5鄰安和4段537巷46號
0760,保安宮國立台南肢智學校,安南區卅南里7鄰長和路3段96號安南區卅南里12鄰
0761,（小丙班）,長和路2段74號
0762,慈安宮,安南區安順里8鄰安和路4段25巷3安南區安順里15鄰
0763,安順里活動中心,育安街211號安南區卅北里6鄰
0764,卅北里集會所,安和路5段171巷47弄38號
0765,州北里活動中心,安南區卅北里16鄰安昌街22號
0766,新順里活動中心（倒門）,安南區新順里9鄰慶安路220巷5號
0767,新順里活動中心（正門）,安南區新順里9鄰慶安路220巷5號
0768,保和宮（右室）,安南區新順里4鄰慶安路255號
0769,保山宮（左室）,安南區頂安里3鄰怡安1段385巷46號
0770,保山宮（右室）,安南區頂安里3鄰怡安1段385巷46號
0771,安慶里活動中心,安南區安慶里3鄰長漢1段168巷133號
0772,保鎮宮,安南區安慶里5鄰長溪1段168巷192號安南區安慶里19鄰
0773,慈雲宮活動中心,安中路1段189巷63弄6之1號
0774,溪北里活動中心,安南區溪北里4鄰文安街66號
0775,森林故鄉A區休閒室,安南區溪北里19郡安路4段76號
0776,安和社區活動中心,安南區安和里15鄰安和路1段96巷46
0777,安西里活動中心（左側）,安南區安西里18鄰安西路101號
0778,安西里活動中心（右側）溪東、j真頂里,安南區安西里18鄰安西路101號安南區溪頂里7鄰
0779,活動中心（東側）：真東、溪頂里,府安路4段220號安南區溪頂里7鄰
0780,活動中心（漢項社區巡守隊會議室）長谷鳳凰城B區,府安路4段220號安南區溪頂里27鄰
0781,會議室安東里活動中心,郡安路4段278巷15弄1號安南區安東里17鄰
0782,(:It.側）安東里活動中心,安和路1段478巷2弄120號安南區安東里17鄰
0783,（南側）,安和路1段478巷2弄120號
0784,鳳凰里活動中心（左側）,安南區鳳凰里9鄰安中路1段700巷
0785,鳳凰里活動中心（正門）,安南區鳳凰里9鄰安中路1段700巷安南區梅花里1鄰
0786,梅花里活動中心,安中路1段557巷25號安南區梅花里16鄰
0787,安慶國小(年班）26,安中路1段703巷80號（司令台後斜坡進入安南區梅花里16鄰
0788,安慶國小(年班）28,安中路1段703巷80號（請由大安街680巷後門進入）
0789,理想、大安聯合社區活動中心（側門,安南區理想里15鄰）大安街135號
0790,理想、大安聯合社區活動中心（正門大安社區,安南區理想里15鄰）大安街135號安南區理想里18鄰
0791,里民歌唱聯誼會,大安街301號後方鐵皮屋
0792,慶興宮,安南區原個里5鄰本原街1段160號
0793,鎮安宮（左室）,安南區長安里8鄰長溪路3段466號
0794,長安社區活動中心,安南區長安里20鄰長漢路3段378號
0795,清水寺,安南區公親里3鄰公學路1段228號安南區布袋里3鄰
0796,布袋里活動中心,長和路4段231巷60弄41號
0797,興安宮,安南區總頭里11鄰長溪路2段561號
0798,南興社區活動中心,安南區南興里2鄰安興街435巷2號
0799,學東里活動中心,安南區學東里11鄰公學路6段661號
0800,公垃里活動中心,安南區公坦里8鄰育英街116號
0801,南天宮（右室）,安南區個東里9鄰公學路4段212號安南區個東里20鄰
0802,神榕會議室,公學路4段54巷73之1號
0803,安個國小(年乙班）2夭主教臺南教區,安南區個西里13鄰海個路4段493號安南區淵西里3鄰
0804,安南傳道所（夭主之母堂）,安中路4段290巷231號安南區淵西里12
0805,娘親幼兒園,安中路4段240巷11號
0806,海西里活動中心海尾朝皇宮（右室,安南區海西里12鄰海環街186號）安南區海西里7鄰
0807,台南市立五幼兒第,海中街101巷10園安南區海東里8鄰
0808,（海尾托兒所）,海個路2段509巷65號安南區梅花里16鄰
0809,安慶國小(年班）25,安中路1段703巷8（請由同安路166口樓梯坡道進入）安南區梅花里16鄰
0810,安慶國小(年班）24,安中路1段703巷8（請由同安路166口樓梯坡道進入）
0811,安南國中（補校辦公室）,安南區淵東里16鄰安中路3段252號
0812,嘉南農田水利會安南工作站,安南區j真心里3鄰安中路2段316號
0813,：真心里活動中心,安南區j真心里18鄰功安一街162號安南區淵束里4鄰
0814,淵束里活動中心,智安二街70號
0815,朝興宮（右室）,安南區淵東里6鄰本原街3段228號
0816,海東國小(年班）11,安南區淵中里1鄰安中路3段381號
0817,淵中里活動中心﹔英雄里活動中心,安南區淵中里1鄰本淵一街5號安南區j真嚨里17鄰
0818,(;II:-.側）溪堆里活動中心,海個路1段372巷50號安南區j真嚨里17鄰
0819,（南側）,海個路1段372巷50號安南區海個里8鄰
0820,5653國安街巷號國安街56巷,國安街56巷53號安南區海個里13鄰
0821,13139弄號,國安街56巷131弄39號安南區國安里2鄰
0822,15679國安街巷海個、國安里,號國安街156巷79安南區國安里10鄰
0823,活動中心,郡安路6段111巷36弄2號
0824,文武聖廟,安南區j真東里3鄰府安路5段113號
0825,：真東、漢頂里活動中心（西側）,安南區j真頂里7鄰府安路4段220號
0826,海個國中(教室）801,安南區溪束里21鄰安富街166號
0827,海個國中(教室）901,安南區j真東里21鄰安富街166號
0828,海個國中(教室）903,安南區溪東里21鄰安富街166號
0829,552國安街巷號,安南區幸福里2鄰國安街55巷2號安南區幸福里12鄰
0830,幸福社區活動中心,府安路6段85號
0831,海南里活動中心（左側）,安南區海南里10鄰府安路7段1巷2號
0832,海南里活動中心（右側）,安南區海南里10鄰府安路7段1巷2號
0833,城東里活動中心,安南區域東里13鄰城安路73號安南區城南里4鄰
0834,城南里活動中心,城西街1段61巷28弄98號安南區域南里13鄰
0835,登陸社區活動中心,城西街2段233巷15號
0836,青草里活動中心,安南9鄰區青草里青句精2段371巷2
0837,城西里活動中心,安南區域西里6鄰城西街3段431號安南區域北里10鄰
0838,城北社區活動中心,安中路6段507巷15號安南區域中里3鄰
0839,域中社區活動中心,安中路6段507巷25號
0840,砂崙里活動中心,城北路871巷9弄17號安南區砂崙里10鄰
0841,清聖宮,青砂街1段633巷20弄101號
0842,鹿耳門天后宮（舊活動中心）,安南區顯宮里9鄰媽祖宮一街136號安南區鹿耳里1鄰
0843,鹿耳社區活動中心,北泊尾2路800巷9弄95號
0844,里活動中心四草,安南區草里4鄰四大眾路656號
0845,田里活動中心進,安南區進田里1鄰進安路28號
0846,開元寺（北邊餐廳）,北區元里1鄰開北園街89號
0847,鎮南宮（正門左室）,北區開元里10鄰北圍街124巷7號
0848,開元、元寶里活動中心（西側）,北區元寶里1鄰北圍街114巷11
0849,開元、元寶里活動中心（東側）,北區元寶里1鄰北圍街114巷11
0850,國興里活動中心1樓,北區國興里8鄰南圍101巷71弄11
0851,華興、振興里聯合活動中心(樓北側1,北區振興里18鄰）林森路3段181號
0852,華興、振興里聯合活動中心（樓北側2,北區振興里18鄰）林森路3段181號
0853,力行社區活動中心（南側）,北區力行里15鄰力行一街52號
0854,力行社區活動中心(;It.側）,北區力行里15鄰力行一街52號北區重興里28鄰
0855,重興社區活動中心,東豐路451巷169號
0856,寶仁國小活動中心東興社區活動中心,北區重興里12鄰開南街211巷6號北區東興里11鄰
0857,（東側）東興社區活動中心,小東路401巷51號之1北區東興里11鄰
0858,（側）西,小東路401巷51號之1
0859,新勝里活動中心l樓,1鄰北區元寶里1北圍街8巷8號
0860,新勝里活動中心1樓,北區元寶里11鄰北園街8巷10號
0861,長榮里活動中心,北區長榮里1鄰長樂5段41巷46號1
0862,開元國小（一年三班）,北區勝安里3鄰開元路71巷32號
0863,華興、振興里聯合活動中心(樓南側1,北區振興里18鄰）林森路3段181號
0864,華興、振興里聯合活動中心（樓南倒2仁愛里活動中心,北區振興里18鄰）林森路3段181號北區仁愛里10鄰
0865,(樓束倒）1仁愛里活動中心,東豐路227巷24弄17號北區仁愛里10鄰
0866,(樓西側）1,東豐路227巷24弄17號北區勝安里4鄰
0867,勝安里活動中心,開元路73巷21號
0868,財團法人基督教台灣信義會救主堂,北區中樓里9鄰開元路64號
0869,永祥里活動中心（右側）,北區永祥里11鄰實踐街85巷2號
0870,永祥里活動中心（左側）,永祥里11鄰北區實踐街85巷2號
0871,小康里文康活動中心（正門左倒）,北區小康里8鄰實踐街17號之l
0872,小康里文康活動中心（正門右側）,北區小康里8鄰實踐街17號之1
0873,實踐社區活動中心,北區實踐里14鄰大武街161號
0874,光武里活動中心大道社區活動中心,北區光武里7鄰北門路2段591號北區大道里20鄰
0875,1樓,和緯路1段96巷42號
0876,大道社區活動中心2樓,北區大道里20鄰和緯路1段96巷4
0877,大仁社區活動中心,北區大仁里4鄰和緯路1段1號
0878,九六社區活動中心,北區大山里7鄰精忠街105號
0879,興北里活動中心,北區大山里8鄰公園634巷75號
0880,公園里活動中心,北區公園里9鄰公園南路39號
0881,台南北門教會,北區公園里11鄰北忠街99號北區正風里13鄰
0882,昇平社區活動中心,長樂路5段452巷18號
0883,延平、六甲里聯合活動中心樓1,北區延平里8鄰公園758巷43號
0884,民德國中（民德館側）西,北區和｝I頂里4鄰西門3段223號
0885,玉皇里活動中心,北區五皇里14鄰仿民街45號
0886,山鳳宮,北區正覺里1鄰公園595之27號北區正覺里15鄰
0887,正覺寺福德祠,正覺街120號北區正覺里26鄰
0888,正覺社區活動中心,公園路769巷20弄5號
0889,延平國中（一年班）四,北區延平里7鄰公園路750號
0890,延平國中（年班）三四,北區延平里7鄰公園路750號
0891,國姓里活動中心l樓,北區國姓里2鄰公園433巷15號1樓
0892,長德里活動中心1樓,北區長德里12鄰長德街101號
0893,三德里活動中心l樓,北區三德里10鄰長北街50號
0894,三山國王廟成功里活動中心,北區五福里6鄰西門路3段100號北區成功里21鄰
0895,（左側）成功里活動中心,中華北路2段23號之1北區成功里21鄰
0896,（右側）,中華北路2段237之1
0897,福安宮,北區成功里26鄰北成路212號
0898,民德國中（年班）一一民德國中,北區和里4鄰F園西門路3段223號北區和順里4鄰
0899,（年班）一三,西門路3段223號
0900,民德國中（）三一班年,北區和順里4鄰西門路3段223號
0901,文元國小（一年五班）,北區文元里6鄰海安路3段815號
0902,成捷、里活動中心(樓北側）1,北區成德里34鄰育德、三街42號
0903,成德里活動中心(樓南側）1,北區成德里34鄰育德三街42號
0904,民德國中（二年一班）,順里4鄰北區和西門路3段223號
0905,民德國中（年班）二三,順里4鄰北區和西門路3段223號
0906,和順里活動中心（左側）,北區和順里2鄰公園南路406號
0907,和順里活動中心（右側）,北區和順里2鄰公園南路406號
0908,安民社區活動中心,北區安民里12鄰海安路3段59號
0909,文元國小（一年一班）,北區文元里6鄰海安路3段815號
0910,文元國小（一年三班）,北區文元里6鄰海安路3段815號
0911,文元、文成聯合里活動中心,北區文元里15鄰和緯路3段370號
0912,文賢國中CE棟樓室）11,北區文成里3鄰文賢一路2號
0913,文賢國中(E棟樓室）l3,北區文成里3鄰文賢一路2號
0914,裕民社區活動中心,北區裕民里12鄰臨安路2段93號
0915,大港國小（一年一班）大港國小,北區大港里21鄰大港街146號北區大港里21鄰
0916,（一年三班）,大港街146號
0917,大港國小（）一年班五,北區大港里21鄰大港街146號
0918,大港里文康活動中心,北區大港里7鄰大斯特226巷50號
0919,賢北國小（二年班）二,北區賢北里15鄰大興街599號
0920,大豐里活動中心（東側）,北區大豐里16鄰武聖路315號
0921,大豐里活動中心（西側）,北區大豐里16鄰武聖路315號北區大豐里21鄰
0922,基督教美好教會,大興街285巷26弄9號
0923,心賢北里活動中,北區賢北里3鄰賢北街108號
0924,賢北國小（）二三年班,北區賢北里15鄰大興街599號
0925,小西里辦公處,中西區小西里11鄰西門路1段736號中西區大南里6鄰
0926,中山國中（中山館）,南寧街45號（請由南門路進入）
0927,青年、銀同里活動中心,中西區銀同里16鄰開山路1號
0928,五妃社區活動中心國立臺南大學附設,中西區五妃里4鄰南門路237巷10中西區郡里1鄰王
0929,實驗國小（朝陽樓樓）1,樹林街2段31號
0930,仙草里活動中心,中西區仙草里12鄰府緯街4巷6號
0931,玄良亭,中西區仙草里2鄰五妃街324號
0932,法華社區活動中心,中西區法攀里7鄰府連路22號
0933,法華寺附設托兒所,中西區法攀里15鄰府連路101號
0934,福安里活動中心,中西區福安里12鄰府前路1段262號
0935,大南、進學里活動中心(樓）1,中西區進學里1鄰南寧街47號之2
0936,建國里活動中心,中西區建園里2鄰永福路2段81巷1
0937,臺灣府城隍廟,中西區青年里7鄰青年路133號
0938,永福國小（一年一班教室）,中西區永福里9鄰永福路2段86號
0939,永慶、智社區歐活動中心,中西區永華里18鄰忠義路2段4號
0940,天后里活動中心,中西區夭后里19鄰新美街167號
0941,吳國公會堂赤撮里活動中心,中西區三民里14鄰民權路2段30號中西區赤叢里10鄰
0942,（中央健康保險局對面）,觀亭街76號（請由公園路進入
0943,國立臺南大學附屬是生聰學校（教室210,中西區公正里7鄰）北門路1段109號
0944,萬昌、公正里活動中心開山里活動中心,中西區萬昌里21鄰青年路226巷20中西區開山里11鄰
0945,（復興公有零售市場內〉,府前路1段31號
0946,復興公有零售市場管理員辦公室,中西區開山里11鄰府前路1段31號
0947,南台南家扶中心,中西區西賢里20鄰西賢一街139號
0948,西賢里活動中心（東側）,中西區西賢里25鄰民權路4段470號
0949,西賢里活動中心（側）西,中西區西賢里25鄰民權路4段470號
0950,臺南市私立愛迪生資優幼兒園,中西區西湖里2鄰頂美二街48巷16中西區西湖里28鄰
0951,西湖社區活動中心,湖美街60巷31號
0952,基督教湖美教會,中西區西湖里28鄰湖美街62號
0953,光賢里活動中心臺南市私立武聖,中西區光賢里9鄰和善街98巷7號中西區光賢里15鄰
0954,幼兒園,武聖路151巷49弄5號
0955,文賢里活動中心,中西區文賢里13鄰西和路17號
0956,中西區戶政事務所（後面車庫）西和路號280,中西區協和里5鄰民族路3段258號中西區協和里16鄰
0957,（後側鐵皮屋）,西和路280號（永和街204號對面
0958,三令里活動中心,中西區三令里10鄰忠孝街93巷47號
0959,普濟里活動中心西門路2307段巷,中西區普濟里15鄰成功路343號3樓中西區水仙里13
0960,23號（倉庫）,西門路2段307巷23號
0961,民權里活動中心,中西區民權里6鄰民權路3段135號
0962,龍盛社區活動中心(樓）1,里1鄰中西區藥王民權路3段232號
0963,龍盛社區活動中心(樓）2協進里活動中心,中西區藥王里1鄰民權路3段232號中西區協進里11鄰
0964,(樓）2,民權路3段447巷1號
0965,神興宮,中西區中正里5鄰民生路2段21號
0966,中西區衛生所,中西區安海里12鄰環河街94號中西區大涼里11鄰
0967,大涼社區活動中心,府前路2段258巷55號
0968,金城國中中山樓功能教室(樓）1,多中西區大涼里13鄰金城街70號
0969,王尊公壇,中西區民主里3鄰尊王路125號
0970,保安里活動中心,中西區保安里7鄰尊王路53號
0971,郡西里活動中心,中西區郡西里3鄰郡西路35號2樓
0972,中頭社區活動中心,中西區民生里19鄰保安路201之1號
0973,璜卅宮,中西區元安里5鄰大德街105號
0974,文平里活動中心(樓會議室）1,安平區文平里中華西2段1巷1號
0975,文平里活動中心(樓聯誼室）1,安平區文平里中華西2段1巷1號
0976,優仕笙幼兒園（主題館）,安平區文平里建平三65巷26號
0977,建平里活動中心(樓會議室）1建平里活動中心,安平區建平里府前三街27號安平區建平里
0978,(2樓會議室）,府前三街27號
0979,安平國小（一年班）四,安平區怡平里怡平路392號
0980,安平國小（一年一班）,安平區怡平里怡平路392號
0981,華平里活動中心(樓會議廳）1,安平區華平里育平九195號
0982,華平里活動中心(樓會議廳）1,安平區華平里育平九195號
0983,平通里活動中心（東側會議室）,安平區平通里平通路580巷102號
0984,平通里活動中心（側會議室）西,安平區平通里平通路580巷102號
0985,安平國中（安平館）,安平區平通里慶平路687號
0986,安平國中（安平館）,安平區平通里慶平路687號
0987,億載里活動中心(樓會議廳）1,安平區億載里光卅一29號
0988,億載國小（一年十二班）,安平區億載里郡平路310號
0989,億載國小（美勞教室）,安平區億載里郡平路310號
0990,育平里活動中心(樓會議廳）1,安平區育平里府平路376號
0991,育平里活動中心(樓會議廳）1,安平區育平里府平路376號
0992,國平里活動中心(樓卡拉OK教室1,安平區國平里建平七）409號
0993,國平里活動中心(樓C教室）1,安平區國平里建平七409號
0994,國平里活動中心(樓辦公室）1,安平區國平里建平七409號
0995,漁光里活動中心(1樓會議廳）,安平區漁光里漁光路89巷39之2號
0996,平安里活動中心(樓會議廳）1平安里活動中心,安平區平安里民權路4段325號安平區平安里民權路
0997,(樓會議廳）1,4段325號
0998,石門國小（石門館）,安平區石門里安平路700號
0999,菩薩社區活動中心(樓會議廳）1,安平區港仔里安平路121巷3號
1000,海頭社區活動中心(樓會議廳）1,安平區海頭里古笙街90巷33號
1001,王城西社區活動中心(1樓會議廳,安平區西門里國勝路）35巷17號
1002,金城里活動中心(樓禮堂）2,安平區金城里運河路43號之1
1003,崇學國小（一年六班）,東區崇學里1鄰崇學路98號
1004,崇學國小（一年八班）,東區崇學里1鄰崇學路98號
1005,崇學國小（勤儉樓樓）1,東區崇學里1鄰崇學路98號
1006,崇學國小（創新樓）,東區崇學里1鄰崇學路98號
1007,崇德里活動中心（東邊）,東區崇德里8鄰崇德、30巷2號1樓
1008,崇德里活動中心（西邊）崇明國小,東區崇德里8鄰崇德30巷2號1樓東區崇明里16鄰
1009,（一年三班）,崇明路698號
1010,崇善里文康活動中心（西側靠舞臺，,東區崇善里9鄰）仁和路70巷38號
1011,崇善里文康活動心（東側）,中東區崇善里9鄰仁和路70巷38號
1012,瑩青幼兒園,東區崇善里26鄰崇善十三街57號
1013,崇明國小（班）一年十一,東區崇明里16鄰崇明路698號
1014,崇明國小（一年十三班）,東區崇明里16鄰崇明路698號
1015,崇明國小（一年一班）崇文、崇成里聯合,東區崇明里16鄰崇明路698號東區崇文里15鄰
1016,活動中心（南側靠舞臺），,崇德路691號
1017,崇文、崇成里聯合活動中心（北側）,東區崇文里15鄰崇德路691號
1018,崇德學苑,東區崇文里26鄰崇德二十二街66號
1019,東智里臨時活動中心,東區東智里1鄰長東街46巷8號
1020,順天宮,東區東智里1鄰長東46巷8號對面
1021,德高國小（二年三班）,東區德高里17鄰崇善路1155號
1022,大智里活動中心,東區大智里10鄰德東街90號
1023,德高國小（聯合辦公室）,東區德高里17鄰崇善路1155號
1024,上德高厝帝廟,東區建、高里18鄰城東街28號
1025,德高里活動中心,東區德高里8鄰仁和路196號東區仁和里7鄰仁和
1026,仁和社區活動中心,113巷39號
1027,荷蘭樓澄圍l管理室,東區仁和里21鄰仁東街63號
1028,和平里活動中心（側）西,東區和平里2鄰文化路100號
1029,和平里活動中心（東側）復興國中,東區和平里2鄰文化路100號東區復興里11鄰
1030,（三年三十二班）太子普安宮旁,裕文路62號東區虎尾里16鄰
1031,虎尾幼兒園復興國中,東成街76號東區復興里11鄰
1032,（一年二十八班）復興國中,裕文路62號東區復興里11鄰
1033,（年班）一五,裕文路62號東區裕聖里14鄰
1034,裕聖里活動中心,裕文路286號
1035,復興里活動中心,東區復興里11鄰裕忠路456號
1036,復興國中（一年二班）臺南市政府環境保,東區復興里11鄰裕文路62號東區自強里27鄰
1037,護局東區辦公室,中華東路2段133巷72號
1038,自強里活動中心（南側）,東區自強里24鄰富農街1段225號
1039,自強里活動中心(:It.側）,東區自強里24鄰富農街1段225號東區東聖里11鄰
1040,東聖里活動中心,中華東路2段13357弄34號
1041,後甲幼兒園,東區關聖里7鄰裕農668巷47號
1042,關聖社區活動中心,東區關聖里16鄰裕孝路118號
1043,母姑幼兒園,東區南聖里8鄰裕農路798號
1044,南聖、後甲社區活動中心l樓,東區南聖里11鄰裕農路878號
1045,復興國小(教室）101,東區復興里11鄰裕文路60號
1046,復興國小（大辦公室）慈幼商教學大樓工,東區復興里11鄰裕文路60號東區後甲里1鄰
1047,l樓西側（商禮教室）三慈幼工商教學大樓,裕農路801號東區後甲里1鄰
1048,l西樓側（綜二禮教室）東光國小,裕農路801號東區東光里2鄰
1049,（多功能教室)2,東光路1段39號
1050,後甲國中(教室）326,區小東里30鄰東東平路260號
1051,東光社區活動中心,東區東光里2鄰東光1段39之1號
1052,東光國小（年班）二二,東區東光里2鄰東光1段39號
1053,東光國小（年班）二三,東區東光里2鄰東光1段39號
1054,念字聖堂,東區莊敬里13鄰東先路2段36巷27
1055,莊敬里活動中心,東區莊敬里16鄰莊敬路205巷23東區小東里27鄰
1056,護東宮,小東路198巷4052號
1057,後甲國中(教室）227,東區小東里30鄰東平路260號
1058,後甲國中(教室）327大學、東寧社區,東區小東里30鄰東平路260號東區大學里19鄰
1059,活動中心,林森路2段252號
1060,成大里活動中心（大禮堂）,東區成大里27鄰育樂街58號
1061,成大里活動中心（管理室）,東區成大里27鄰育樂街58號
1062,光攀高中（尚美樓）,東區東門里14鄰慶東街99號
1063,博愛國小(教室）101,東區圍下里21鄰前鋒路100號東區圍下里13鄰
1064,圍下里活動中心,衛民街1號
1065,光攀高中（展示室）,東區圍下里1鄰勝利路41號
1066,長樂中學（禮堂）,東區中西里17鄰林森路2段79號
1067,勝利國小（一年九班）,東區中西里3鄰勝利路10號
1068,中函、東安社區聯合活動中心（樓2,東區中西里1鄰長縈）2段17號2樓
1069,新東里活動中心（南側）,東區新東里4鄰林森2段48號
1070,新東里活動中心(:lt.側）崇誨里活動中心,東區新東里4鄰林森2段48號東區崇誨里10鄰
1071,（側）北崇誨里活動中心,林森路2段192巷15號東區崇誨里10鄰
1072,（南側）,林森路2段192巷15號
1073,衛園里活動中心,東區衛國里10鄰衛國街114巷28
1074,裕農里活動中心,東區裕農里6鄰裕農路379號
1075,南天府,東區裕農里14鄰裕豐街214巷25
1076,富強里活動中心,東區富強里3鄰裕農446巷88號東區富強里3鄰
1077,關帝殿活動中心,中華東路2段96巷1弄1號東區富裕里10鄰
1078,富裕里活動中心,東門路2段365巷35號
1079,忠孝里活動中心（北邊）,東區忠孝里28鄰中華東路3段498
1080,忠孝里活動中心（南邊）,東區忠孝里28鄰中華東路3段498
1081,崇明路號176（車庫）,東區忠孝里32鄰崇明路176號
1082,崇明里活動中心（側）西,東區崇明里1鄰中華泉路3段569
1083,崇明里活動中心（東側）,東區崇明里1鄰中華東路3段569
1084,大福社區活動中心,東區大福里17鄰立德九路46號
1085,大德里活動中心,東區大德里6鄰立德十路30巷51
1086,路東里活動中心,東區路東里7鄰大同2段61巷5號東區大同里35鄰
1087,大同里活動中心,府連路182巷29東區大同里23鄰
1088,南鱉惡患堂,大同路1段197巷58號東區泉南里33鄰
1089,泉南里活動中心,府連路326巷2號東區泉南里27鄰
1090,南善堂私立東門幼兒園,府連路260巷14號東區泉南里1鄰
1091,綜合教室,東門路1段180號
1092,龍山社區活動中心（南側）,東區龍山里6鄰林森路1段311號
1093,龍山社區活動中心(;ll:-.側）,東區林森路1段311號
1094,臺南市政府衛生局林森辦公室,東區龍山里5鄰林森路1段418號
1095,德光里活動中心,東區譜、光里18鄰崇德路111號
1096,德光幼兒園,東區德光里7鄰崇德路196號
1097,大光寺,大同路2段640巷95號南區大恩里19鄰
1098,大恩里活動中心臺南基督教會,大同路2段750巷186號南區大林里6鄰
1099,大林會堂大林、大忠社區,大同路2段482巷60號南區大忠里28鄰
1100,活動中心〈西側,〉大同路2段482巷133弄15號
1101,北極真武殿(樓1,〉南區大忠里24鄰公英一街64號南區大忠里19鄰
1102,大宗祠臺南柯蔡大林、大忠社區,大同路2段640巷82弄3號南區大忠里28鄰
1103,活動中心〈東側新生里活動中心,大同路2段482巷〉133弄15號南區新生里11鄰
1104,（南側〉新生里活動中心,大同路2段136巷5弄12號南區新生里11鄰
1105,〈北側〉,大同路2段136巷5弄12號南區竹溪里1鄰
1106,竹漢里活動中心,健康路1段113巷51弄1號
1107,明捷、社區活動中心,南區明德里6鄰大成1段61巷32號
1108,長青園〈中山堂,〉南區茄宅里8鄰大成路1段192號
1109,大成里活動中心,南區大成里8鄰新興東路256號2
1110,新興教會,南區田寮里26鄰大成路2段142號
1111,回寮社區活動中心〈側〉北,南區田寮里7鄰夏林路379號
1112,田寮社區活動中心〈南側〉,南區田寮里7鄰夏林路379號
1113,新興國小（家長會聯誼室,南區新興里11鄰〉新興路22號
1114,三官大帝廟,南區新興里20鄰新興路234號
1115,再興里活動中心,南區再興里17鄰金華路2段236號南區再典里13鄰
1116,再興社區活動中心,三官路176巷5弄19號
1117,廣州里活動中心,南區廣卅里11鄰健民街2號
1118,碧龍宮社區活動中心,南區廣卅里19鄰福吉四街66號南區新昌里14鄰
1119,新昌里活動中心,府緯街136號
1120,玉聖宮〈管理委員會〉,南區新昌里5鄰夏林路37號
1121,文華社區活動中心,南區文華里17鄰永華路1段275號
1122,文箏里里民休閒,室南區文華里17鄰南樂街1號
1123,文南里活動中心3樓（南側〉,南區文華里21鄰建南路154號3樓
1124,文南里活動中心3北樓（側〉,南區文攀里21鄰建南路154號3樓
1125,水門宮,南區文南里26鄰仁南街86號
1126,金華社區活動中心〈南側〉,南區金華里11鄰慶南街201號
1127,金華社區活動中心〈北側〉,南區金華里11鄰慶南街201號
1128,新興國中〈新興館,〉南區國宅里17鄰新孝路87號南區國宅里16鄰
1129,國宅社區活動中心,金華路2段33巷81號南區國宅里17鄰
1130,新興國中〈二年十一班〉,新孝路87號（請由新興國中南側一新建路3巷口進入
1131,日新里活動中心,南區日新里7鄰利南街136號
1132,日新國小（一年二班〉,南區日新里7鄰金華路1段473號
1133,光明里活動中心〈東側〉,南區光明里17鄰新建路17巷13號
1134,光明里活動中心〈側〉西,南區光明里17鄰新建路17巷13號南區光明里13鄰
1135,喔喔保安宮,進瑾路291巷32弄61號
1136,白雪社區活動中心,南區白雪里7鄰遲遲路157號
1137,日新國小（二年三班〉,南區日新里7鄰金華路1段473號
1138,明亮里活動中心〈東側〉,南區明亮里11鄰新都路396號
1139,明亮里活動中心（側〉西,南區明亮里11鄰新都路396號
1140,府南里活動中心(樓〉1,南區府南里27鄰永成路3段529號
1141,府南里活動中心(2樓〉,南區府南里27鄰永成路3段529號
1142,私立臺南仁愛之新都養護所〈餐廳,家南區府南里14鄰〉新都路346號
1143,明興、郡南社區活動中心〈西側,南區明興里11鄰〉德興路88號
1144,幼芽幼兒園,南區明興里13鄰金華路1段66號
1145,明興、郡南社區活動中心〈東側,南區明興里11鄰〉德興路88號
1146,鎮海宮,南區郡南里18鄰德興路151號
1147,建南里活動中心,南區建南里4鄰興隆路83號
1148,宗祖聖堂,南區建南里17鄰興隆路225巷17
1149,建南社區發展協會,南區建南里2鄰德興路209之1號南區南都里9鄰
1150,南都長壽會,中華南路2段247號之1南區南都里9鄰
1151,南都里活動中心,中華南路2段247之2號南區南華里10鄰
1152,南華里活動中心(1樓〉南華里活動中心,中華南路2段4002弄29號南區南摹里10鄰
1153,(樓〉2,中華南路2段400巷2弄29號
1154,開南里活動中心,南區開南里12鄰新建路48號
1155,台南市南區老人會,南區白雪里9鄰遲遲131巷73號
1156,台南市開南長壽會,南區開南里28鄰新建路53巷10號之
1157,彰南里活動中心（南側〉,南區彰南里6鄰新建路12號
1158,彰南里活動中心<:It.側〉,南區彰南里6鄰新建路12號
1159,龍崗國小附設幼兒園,南區攏蜻里21鄰攏歸路147號之
1160,龍山寺,南區攏鴿里14鄰攏螃路102巷81
1161,喜樹國小（北棟樓台語教室1,南區喜束里6鄰〉喜樹路133號
1162,萬皇宮〈禮堂〉,南區喜北里14鄰喜樹路222巷52號
1163,喜樹聯合社區活動中心,南區喜南里13鄰喜樹路181號
1164,喜樹國小〈南棟1樓幼兒園餐廳〉,南區喜東里6鄰喜樹路133號
1165,省躬國小〈一年三班〉,南區省躬里6鄰灣裡路70號
1166,省躬國小（一年一班〉,區省躬里6鄰南灣裡路70號
1167,省躬社聖化堂,南區省躬里1鄰灣裡路88巷85號
1168,永寧社區活動中心,南區永寧里19鄰灣裡路263巷41
1169,保安宮,南區松安里3鄰灣裡282巷68弄17南區松安里2鄰灣裡
1170,松安社區關懷接點,282巷106號之
1171,南岩超峰寺,南區佛壇里3鄰興南街168號之南區佛壇里10鄰
1172,聖兒幼兒園,灣裡路493號
1173,同安宮〈右室〉,南區同安里7鄰灣裡351巷21號南區興農里10鄰
1174,同安宮〈東側車庫,〉灣裡路351巷45號旁車庫南區興農里8鄰
1175,馬鎮宮,灣裡路211巷88弄18號
1176,怡峰殿喜堂舉(樓）1,南區興農里13鄰萬年一街160號
16選,舉區（仁德,、區、歸仁區、
1177,明直宮（地下室,〉仁德區太子里太子路354號
1178,王岳廟,仁德區太子里太子路64號
1179,太子、土庫里聯合活動中心長興國小,仁德區太子里土庫路2號仁德區土庫里土庫路
1180,<教室〉311,6號
1181,土庫里活動中心,仁德區土庫里土庫三39巷23弄11號
1182,長興國小<教室〉413,仁德區土庫里土庫路6號
1183,一甲里活動中心,仁德區一甲里忠義路258號
1184,忠義宮,仁德區一甲里忠義路260號
1185,仁德國小〈南側資源班〉清寧太子宮,仁德區仁義里中正路2段806號仁德區仁德里
1186,〈活動中心〉,仁德三街26巷1號
1187,仁德區衛生所,仁德區仁德里中山路606巷2號
1188,福祐清宮〈倉庫,〉仁德區仁德里中山路826號
1189,仁德里活動中心,仁德區仁德里文心路138號
1190,：青寧代天府〈左室,〉仁德區仁義里中清路82號
1191,清寧代天府〈右室,〉仁德區仁義里中清路82號
1192,仁德區仁義運動公園〈管理中心,仁德區仁義里仁義路〉130號
1193,仁捷、區公所,仁德區仁德里中正路3段5號
16選,舉區（仁德,、區、歸仁區、
1194,仁德、公有市場,仁德區仁義里正義一街39號
1195,f二義宮(樓會議室〉1,仁德區仁義里中正路2段994巷43號
1196,仁德國小〈大禮堂,〉仁德區仁義里中正路2段806號
1197,池王宮北保仔保生宮,仁德區新田里勝利路177巷2弄3號仁德區新田里
1198,活動中心,北保一街40巷2號
1199,童厝保聖宮〈會議室〉,仁德、區新田里北保泉46巷2弄9號
1200,德南國小(年戊班〉1,仁德區後壁里中正路2段209號仁德區後壁里民安路
1201,基華宮,2段154號
1202,仁德區老人文康活動中心德南國小,仁德區後壁里建、南路68號仁德區後壁里中正路
1203,(1年甲班〉,2段209號
1204,五帝廟(樓會議室〉1,仁德區後壁里德善路212巷22號
1205,二王宮,仁德區後壁里捷、洋二街42號
1206,中軍宮,仁德區上崙里德崙路77巷118號
1207,台南市立仁德幼兒圍〈活動中心〉,仁德區上崙里民安路2段436號
1208,崑崙宮〈行館〉,仁德、區上崙里德崙路456號
1209,萬松腳活動中心,仁德區上崙里土崙街459巷82號
1210,田厝里活動中心,仁德區田厝里保安路2段481號
16選,舉區（仁德,、區、歸仁區、
1211,三甲里活動中心文賢國小,仁德區三甲里11-5號仁德區保安里文賢路
1212,〈多功能教室〉,1段886號仁德區保安里
1213,保安里活動中心,文賢二街6號
1214,保攀宮〈左室〉,仁德、區成功里保華路243號
1215,保攀宮（右室〉,仁德區成功里保華路243號
1216,成功里活動中心,仁德區成功里保華路245號仁德區成功里文賢路
1217,武德宮,1段81巷90號
1218,和愛社區關懷中心,仁德區仁愛里仁愛3號
1219,仁和國小（英語教室〉,仁德區仁愛里保仁路68號
1220,仁和國小〈活動中心〉,仁德區仁愛里保仁路68號
1221,王清宮〈倉庫〉,仁德區二行里行大街2號
1222,二行里活動中心,仁德區二行里行大街243號之1
1223,萬龍宮,仁德區大甲里行大一297之1號
1224,慈濟宮,仁德區大甲里行大街510號
1225,中洲玄夭宮,仁捷、區中洲里33
1226,中洲保生宮,仁德區中生里83號
16選,舉區（仁德,、區、歸仁區、
1227,活動中心〈東側,〉3段208號歸仁區文化里文化街
1228,文化國小,2段136號
1229,歸南國小,歸仁區辜厝里民權南路171號
1230,歸南國小,歸仁區辜厝里民權南路171號
1231,南保、南興里活動中心西〈側,歸仁區南保里文化街〉3段208號
1232,歸南北極殿（右側會議室）歸南北極殿,歸仁區南興里文化街3段612號歸仁區南興里文化街
1233,（文康室）,3段612號
1234,六甲里活動中心(樓左側〉1,歸仁區六甲里民生十二街41號
1235,六甲北極殿,歸仁區六甲里民生十二街59巷1
1236,六甲里活動中心(樓右側〉1,歸仁區六甲里民生十二街41號
1237,潭堆代夭府（會議室）,歸仁區歸南里民生南2段219-1號
1238,潭導也代天府,歸仁區歸南里民生南2段219-1號歸仁區後市里國光街
1239,後市里活動中心,55號
1240,歸仁國中,歸仁區後市里文化街2段2號歸仁區後市里文化街
1241,歸仁國中,2段2號
16選,舉區（仁德,、區、歸仁區、
1242,文化國小,歸仁區文化里文化街2段136號
1243,文化國小,歸仁區文化里文化街2段136號
1244,辜厝里活動中心〈左側〉,歸仁區辜厝里大順三街42號
1245,辜厝里辦公處,歸仁區辜厝里大順三街42號
1246,歸南國小,歸仁區辜厝里民權南路171號
1247,檳榔圍翰林院,歸仁區新厝里中正南1段85巷3號歸仁區新厝里
1248,灣厝北極殿,中正南路1段131巷1g號
1249,許厝里活動中心,歸仁區許厝里中山路1段437巷9號
1250,許厝代天府台南市歸仁,歸仁區許厝里中山路1段437巷11號歸仁區許厝里
1251,文化中心〈演藝廳,〉信義南路78號
1252,歸仁區老人文康中心,歸仁區看西里仁愛南街288號
1253,看東里辦公處,歸仁區看東里忠孝南路196號
1254,崙頂里舊中山堂,歸仁區崙頂里崙頂三街68巷7號
1255,崙頂里活動中心,歸仁區崙頂里崙頂街38號
1256,沙崙里辦公處,歸仁區沙崙里沙崙269號
1257,大潭國小,歸仁區大潭里中正南路3段97號
1258,大潭國小,歸仁區大潭里中正南路3段97號
16選,舉區（仁德,、區、歸仁區、
1259,武東里活動中心,歸仁區武東里武東二街40號
1260,歸仁國小,歸仁區歸仁里文化街1段100號
1261,歸仁里活動中心,歸仁區歸仁里忠孝北路221號
1262,八甲里活動中心,歸仁區八甲里大明三街9號
1263,歸仁區圖書館,歸仁區八甲里大德路127號
1264,七甲里活動中心,歸仁區七甲里七甲一街136號
1265,南潭元帥廟文康中心,歸仁區七甲里南潭三街42號
1266,保西國小（活動中心左側）,歸仁區媽廟里中正北路3段60號
1267,保西國小（活動中心右側）,歸仁區媽廟里中正北路3段60號
1268,西埔里活動中心,歸仁區西埔里保大路2段166號
1269,大埔福德祠（長壽俱樂部）,歸仁區西埔里西埔二街96號
1270,歸仁區農會大廟辦事處（原托兒所,歸仁區大廟里）大廟六街2號
1271,大廟里活動中心,歸仁區大廟里大廟一38巷20號
16選,舉區（仁德,、區、歸仁區、
1272,山西宮（左室）,關廟區關廟里4鄰正義街37號
1273,關廟里玄武殿（主委辦公室）,關廟區關廟里6鄰民生街117號
1274,關廟國小,關廟區山西里5鄰文衡路121號
1275,關廟國小,關廟區山西里5鄰文衡路121號
1276,關廟農會供銷部,關廟區山西里10鄰中正路963號
1277,1巡天府(樓）,關廟區香洋里9鄰巡府路70號
1278,觀音寺（社區發展協會）,關廟區香洋里17鄰中央路82巷26號
1279,北勢里社區活動中心,關廟區北勢里10鄰成功路206號
1280,1池府壇(樓）,關廟區北勢里11鄰成功路220號
1281,新埔里長壽會,關廟區新埔里7鄰新埔三街83號
1282,新光里中山堂,關廟區新光里6鄰新光街209號
1283,五甲里活動中心,關廟區甲里6鄰五大富街86號
1284,五甲里長青會東勢里活動中心,關廟區甲里3鄰五旺萊路67號關廟區東勢里8鄰
1285,（舊）東勢里社區,旺萊路261巷60號關廟區東勢里7鄰
1286,活動中心（新）,旺萊路139巷12號
1287,關廟國小附設幼兒園,關廟區甲里12五東安街70號
16選,舉區（仁德,、區、歸仁區、
1288,五甲國小,和平路246號關廟區松腳里7鄰
1289,五甲國小,和平路246號關廟區南花里12
1,,
290,明德堂,明德街38號關廟區南花12里
129,,
1,明德堂,明德街38號關廟區南花13里
1292,花團長壽會,園中街3號關廟1區北花里4
1293,青呆市場,中正路560號關廟區深坑里12
1294,深坑國小,南路1段487雄關廟區深坑里12
1295,深坑國小,南路1段487雄關廟區布袋里5鄰
1296,文和國小,長文街37號關廟區布袋里10鄰
1,,
297,＝官府,長接街332號關廟區田中里8鄰
1298,福安堂（左室）,南南路651巷雄關廟區田中里8鄰
1299,福安堂（右室）,南南路651巷雄關廟區埠頭里5鄰
1300,埠頭里關帝廟埠頭里關帝廟,關新路2段2號關廟埠鄰區頭里5
1301,關懷據點,關新路2段2號關廟區下湖里5鄰
1302,湖里長壽下俱樂部,下湖－街55號
16選,舉區（仁德,、區、歸仁區、
1303,龍崎區民活動中心,龍崎區崎頂里2鄰新市子38號
1304,原土崎分校,龍崎區土崎里4鄰礁坑子17號之1
1305,大漢清水宮,龍崎區中坑里7鄰大漢11號
1306,楠原坑，分校,龍崎區坑里4鄰楠樹子林20號之1
1307,牛埔里民活動中心,龍崎區牛埔里2鄰牛埔21號
1308,大坪里民活動中心龍船活動中心,龍崎區大坪里9鄰大坪37號之2龍崎區龍船里2鄰
1309,(1樓）,苦苓湖10號
1310,石且會里民活動中心,龍崎區石槽里4鄰刺子崙13號之3
