"投開票所編號",設置地點,詳細地址,"所轄選舉人里鄰別","所轄原住民 選舉人里鄰別",電話號碼,備註
"1","中正高中護理教室","文林北路77號","建民里1-7","建民里全里","28234811轉510",
"2","中正高中活動中心介壽廳","文林北路77號","建民里8-14","","28234811轉510",
"3","中正高中活動中心中正廳","文林北路77號","建民里15-20","","28234811轉510",
"4","明德國中801教室","明德路50號","文林里1-7","文林里全里","28232539轉604",
"5","明德國中803教室","明德路50號","文林里8-14","","28232539轉604",
"6","明德國中804教室","明德路50號","文林里15-20","","28232539轉604",
"7","明德國中806教室","明德路50號","石牌里1-6","石牌里全里","28232539轉604",
"8","明德國中英語領域教室","明德路50號","石牌里7-9,11,12","","28232539轉604",
"9","明德國中國文領域教室","明德路50號","石牌里10,13-16","","28232539轉604",
"10","士林福庭公寓大廈閱覽室","石牌路1段58巷11號","福興里1,2,5,10,19","","28231898",
"11","福星宮活動中心","自強街5巷8號","福興里3,6,8,9,11,12","","28235574",
"12","汾陽宮","石牌路1段58巷28弄6號","福興里4,7,13,20","福興里全里","28203001",
"13","台灣女性藝術協會","自強街61巷6號","福興里14-18","","28218827",
"14","石牌國中七年1班教室","石牌路1段139號","榮光里1-6","榮光里全里","28224682轉253",
"15","石牌國中七年3班教室","石牌路1段139號","榮光里7-12","","28224682轉253",
"16","石牌國中七年5班教室","石牌路1段139號","榮光里13-18","","28224682轉253",
"17","石牌國中七年7班教室","石牌路1段139號","榮光里19-24","","28224682轉253",
"18","明德國小校史室","明德路190號","榮華里1-5,21","","28229651",
"19","臺北市立北投幼兒園","明德路208巷5號","榮華里6,8-11,20","","28231827",
"20","臺北市教會第44聚會所","明德路174巷8號","榮華里7,13-15","榮華里全里","28265364",
"21","臺北市私立一德幼兒園","明德路136巷9號","榮華里12,16-19","","28215755",
"22","明德國中819教室","明德路50號","裕民里8-13","","28232539轉604",
"23","明德國中718教室","明德路50號","裕民里1-3,5,21","裕民里全里","28232539轉604",
"24","明德國中701教室","明德路50號","裕民里14,15,18,22-24","","28232539轉604",
"25","基督教天母感恩堂","明德路161號","裕民里4,6,7,16,17,19,20","","28224466",
"26","臺北護理健康大學B112教室","明德路365號","振華里1-5,9,15","","28227101",
"27","臺北護理健康大學B113教室","明德路365號","振華里1,9-11,13,15,16","","28227101",
"28","臺北護理健康大學B114教室","明德路365號","振華里17-19,24,26,27","","28227101",
"29","基督教振恩堂","榮華三路47號","振華里12,14,20-23,25","振華里全里","28220386",
"30","道爾敦教育機構","石牌路2段361號","永和里1-5","","28771577",
"31","櫻花崗華廈地下室〈車庫旁〉","行義路128-1號地下樓","永和里6-9","","28752042",
"32","私人住宅〈車庫〉","行義路148號","永和里10,11,14,17-19,24","永和里全里","28747126",
"33","日光綠野華廈停車場","行義路154巷7號〈地下室〉","永和里12,13,15,16","","28724160",
"34","甲桂林山莊聯誼社","中山北路7段219巷3弄125之1號旁","永和里20-23","","28713954",
"35","榮民總醫院介壽堂","石牌路2段201號","永欣里1-7","","28757433",
"36","優格幼兒園","石牌路2段315巷10弄10號","永欣里13-17","永欣里全里","28710871",
"37","華民幼兒園","石牌路2段358號","永欣里8-12,18","","28732423",
"38","丹佛幼兒園","石牌路2段358-1號","永欣里19-23","","28721955",
"39","陽明天母大廈交誼廳","立農街2段202巷6號後側","永明里8,10-12","","28208700",
"40","永福祠","石牌路2段97巷1號","永明里3-6,9","","0939119326",
"41","正大幼兒園","義理街49巷2號","永明里1,2,7","永明里全里","28229788",
"42","新工處五分隊停車場〈右側〉","致遠三路158號","東華里1-6","","28226177",
"43","新工處五分隊停車場〈左側〉","致遠三路158號","東華里7-12","","28226177",
"44","陽明大學平衡運動訓練中心","立農街2段143號","東華里13-18","東華里全里","28267000轉2219",
"45","石牌國小二年一班教室","致遠二路80號","吉利里1-5","","28227484",
"46","石牌國小二年二班教室","致遠二路80號","吉利里6-11,17","","28227484",
"47","石牌國小一年七班教室","致遠二路80號","吉利里12-16,19","吉利里全里","28227484",
"48","石牌國小一年八班教室","致遠二路80號","吉利里18,20-23","","28227484",
"49","石牌國小三年一班教室","致遠二路80號","吉慶里1-6","","28227484",
"50","石牌國小一年二班教室","致遠二路80號","吉慶里7-11,13","","28227484",
"51","石牌國小一年三班教室","致遠二路80號","吉慶里12,14-18","吉慶里全里","28227484",
"52","石牌國小一年四班教室","致遠二路80號","尊賢里1-6","28227484",
"53","石牌國小一年五班教室","致遠二路80號","尊賢里7-12","28227484",
"54","石牌國小一年六班教室","致遠二路80號","尊賢里13-20","尊賢里全里","28227484",
"55","台北慈惠堂","吉利街27號","立賢里1-3,6,7","28218524",
"56","立農國小一年3教室","立農街1段250號","立賢里8-12","立賢里全里","28212604",
"57","立農國小一年4教室","立農街1段250號","立賢里4,5,13-16","28212604",
"58","慈生宮餐廳","立農街1段321號","立農里1-5","28227410",
"59","立農里里民活動場所","吉利街123巷30號","立農里6,7,9,10","28262408",
"60","立農國小一年1班教室","立農街1段250號","立農里8,11-14","28212604",
"61","立農國小一年2班教室","立農街1段250號","立農里15-20","28212604",
"62","立農國小潛能開發班二教室","立農街1段250號","立農里21-25","立農里全里","28212604",
"63","文武廟","北投路1段53號左側","八仙里1-4,13-15","28933970",
"64","八仙里里民活動場所","中央南路2段33號之１","八仙里5,6,10-12","28985252",
"65","立農國小多功能教室B","立農街1段250號","八仙里7-9,16,17","八仙里全里","28212604",
"66","屈原宮","洲美街122號","洲美里1-10","洲美里全里","28360256",
"67","清江國小一年一班教室","公館路220號","奇岩里1-4,28","奇岩里全里","28912764",
"68","清江國小一年二班教室","公館路220號","奇岩里5-10","28912764",
"69","清江國小一年三班教室","公館路220號","奇岩里11-15,25","28912764",
"70","清江國小資源班〈二〉教室","公館路220號","奇岩里17-20,26","28912764",
"71","清江國小圖書室","公館路220號","奇岩里16,21-24,27","28912764",
"72","北投區行政中心1樓南側門","新市街30號1樓","清江里1-3","清江里全里","28912105",
"73","慈后宮","清江路169號","清江里4-9","","28915323",
"74","清江區民活動中心","清江路177巷12號","清江里15,19,22,23,25,26","","28912105轉216",
"75","北投行道會福音中心","清江路186號","清江里10-13,16-18","","28916609",
"76","基督教北投行道會","崇仁路1段17巷1號","清江里14,20,21,24,27","","28916609",
"77","北投國小知動教室","中央北路1段73號","中央里1-7,9","","28914315",
"78","北投國小二年四班教室","中央北路1段73號","中央里8,10-12","","28914315",
"79","北投國小二年五班教室","中央北路1段73號","中央里13-17","","28914315",
"80","北投國小二年六班教室","中央北路1段73號","中央里18-22","","28914315",
"81","北投國小二年七班教室","中央北路一段73號","中央里23-28","中央里全里","28914315",
"82","北投國小二","年八班教室","中央北路1段73號","長安里1-6","","28914315",
"83","北投國小二年九班教室","中央北路1段73號","長安里7-14","長安里全里","28914315",
"84","北投國中視聽教室","溫泉路62號","長安里15-23","","28912091轉208",
"85","北投國小二年一班教室","中央北路1段73號","大同里1-5,15","大同里全里","28914315",
"86","北投國小二年二班教室","中央北路1段73號","大同里6-12","","28914315",
"87","北投國小二年三班教室","中央北路1段73號","大同里13,14,16-18","","28914315",
"88","北投國中交通安全教室","溫泉路62號","溫泉里1-5","","28912091轉208",
"89","北投國中資源班AB教室","溫泉路62號","溫泉里6-11","","28912091轉208",
"90","北投國中資源班CD教室","溫泉路62號","溫泉里12-17","溫泉里全里","28912091轉208",
"91","北投國中資源班EF教室","溫泉路62號","溫泉里18-23","","28912091轉208",
"92","新民國中學生活動中心禮堂","新民路10號","林泉里1-7","林泉里全里","28979001轉500、520",
"93","新民國中學生活動中心會議室","新民路10號","林泉里8-17","","28979001轉500、520",
"94","逸仙國小四年一班教室","新民路2號","中心里2-6","","28914537轉12",
"95","逸仙國小英語教室〈三〉","新民路2號","中心里7-12,14","中心里全里","28914537轉12",
"96","逸仙國小社會教室","新民路2號","中心里13,15-21","","28914537轉12",
"97","文化國小一年五班教室","文化三路1號","中庸里1-5","中庸里全里","28933828轉131",
"98","文化國小一年六班教室","文化三路1號","中庸里6-10","","28933828轉131",
"99","文化國小一年七班教室","文化三路1號","中庸里11-15","","28933828轉131",
"100","71園區A101教室","開明街71號","開明里3-5,7,9-12","","28926952",
"101","71園區A102教室","開明街71號","開明里1,2,6,8,13,16-18","開明里全里","28926952",
"102","71園區A105教室","開明街71號","開明里14,15,19-26","","28926952",
"103","復興高中行政大樓一樓川堂","復興四路70號","中和里11-17","","28914131",
"104","中華聖樂學院","復興四路24號","中和里1,2,7,9,10,19","中和里全里","28916431",
"105","中和里里民活動場所","中和街422號","中和里3-6,8,18","","28942200",
"106","禇金治女士車庫","杏林三路40巷1弄15號","智仁里1-7","","28924355",
"107","智仁里里民活動場所","杏林二路74巷3號","智仁里8,9,11-15","智仁里全里","28959722",
"108","道生基督教長老教會北投中和教會","中和街493巷6之3號","智仁里10,16-21","","28910307",
"109","水磨福德宮","中和街458巷5號","秀山里1-7","","28954657",
"110","秀山里里民活動場所","中和街502巷2弄11號","秀山里8-15","秀山里全里","28941666",
"111","文化國小一年一班教室","文化三路1號","文化里1-5","","28933828轉131",
"112","文化國小一年三班教室","文化三路1號","文化里6-9","","28933828轉131",
"113","文化國小一年四班教室","文化三路1號","文化里10-14","文化里全里","28933828轉131",
"114","文化國小三年一班教室","文化三路1號","豐年里1-5","","28933828轉131",
"115","文化國小一年八班教室","文化三路1號","豐年里6-10","豐年里全里","28933828轉131",
"116","文化國小一年九班教室","文化三路1號","豐年里11-16","","28933828轉131",
"117","桃源國小力行樓1-6教室","中央北路3段40巷45號","稻香里1-5","","28941208轉108",
"118","桃源國小明德樓閱讀太空站","中央北路3段40巷45號","稻香里6-10","稻香里全里","28941208轉108",
"119","桃源國小明德樓多功能教室","中央北路3段40巷45號","稻香里11-16","","28941208轉108",
"120","桃源里里民活動場所","中央北路3段40巷7號","桃源里1-4","","28923977",
"121","桃源國小力行樓資源教室〈一〉","中央北路3段40巷45號","桃源里5,10-13","","28941208轉108",
"122","桃源國小力行樓1-3教室","中央北路3段40巷45號","桃源里6-9","桃源里全里","28941208轉108",
"123","桃源國小力行樓家長會辦公室","中央北路3段40巷45號","桃源里14-17","","28941208轉108",
"124","桃源國中總務處旁會議室","中央北路4段48號","一德里1-6","","28929633",
"125","關渡國小一年2班教室","中央北路4段581號","一德里7-12","一德里全里","28912847",
"126","關渡國小一年4班教室","中央北路4段581號","一德里13-17","","28912847",
"127","關渡國小一年5班教室","中央北路4段581號","一德里18-23","","28912847",
"128","關渡區民活動中心","大度路3段301巷1號","關渡里1,2,9,24","","28584128",
"129","關渡國中川堂","知行路212號","關渡里5,10-12,20,28","","28582527轉51",
"130","關渡國中9年1班教室","知行路212號","關渡里6,8,19,21,23,27","","28582527轉51",
"131","關渡國中9年2班教室","知行路212號","關渡里7,14,17,18,22,25","","28582527轉51",
"132","關度國中9年3班教室","知行路212號","關渡里4,13,15,26","關渡里全里","28582527轉51",
"133","市立浩然敬老院致和樓交誼廳","知行路75號","關渡里3,16","","28581081轉247",
"134","義方國小川堂","珠海路155號","泉源里1,3","泉源里全里","28917433",
"135","泉源里里民活動中心","東昇路45-5號","泉源里2,4-16","","28919539",
"136","湖山國小三年甲班教室","湖底路11號","湖山里1-3,14-18","湖山里全里","28610259",
"137","北投區清潔隊陽明分隊","紗帽路141巷23號","湖山里4-13","","28617757",
"138","大屯國小美勞陶藝教室","復興三路312號","大屯里1-10","大屯里全里","28914353轉13",
"139","湖田國小一年忠班教室","竹子湖路17之2號","湖田里1-10","湖田里全里","28616963",
"140","臺北市士林公民會館(區政文史室)","大東路75號","仁勇里1-9","0972295800",
"141","臺北市士林公民會館(農產展示室)","大東路75號","仁勇里10-17","仁勇里全里","0972295800",
"142","慈諴宮東廂前廣場","大南路84號","義信里4","、6-11","義信里全里","28802972",
"143","百齡高中703教室","承德路4段177號","義信里1-3、5、12-14","28831568轉301",
"144","泰北高中松鐸樓綜一乙班教室","福林路240號","福林里1-7","福林里全里","28825560轉514",
"145","福林區民活動中心(小教室)","中正路187巷26號","福林里8-12","0972295802",
"146","福林區民活動中心(大教室)","中正路187巷26號","福林里13-18","0972295802",
"147","士林國中七年一班教室","中正路345號","福德里1-7","88613411轉520",
"148","士林國中七年三班教室","中正路345號","福德里9-15","福德里全里","88613411轉520",
"149","士林國中七年四班教室","中正路345號","福德里16-18、20","88613411轉520",
"150","士林國中七年六班教室","中正路345號","福德里8、19","88613411轉520",
"151","福林國小社團教室","福志路75號","福志里1-6","福志里全里","28313430",
"152","福林國小社會教室（2）","福志路75號","福志里7-13","28313430",
"153","福林國小三年三班教室","福志路75號","福志里14-18","28313430",
"154","福林國小二年一班教室","福志路75號","福志里19-24","28313430",
"155","神農宮西廂","前街74號","舊佳里1-5","28324955",
"156","神農宮東廂","前街74號","舊佳里6-10","28324955",
"157","舊佳區民活動中心","中山北路5段773之1號","舊佳里11-15","0935948090",
"158","基督教士林浸信會","中山北路5段751巷9號","舊佳里16-22","舊佳里全里","28315719",
"159","士林天主堂","（從文林路455號進入）","福佳里1-3,5-6,9,12,14-15","28324270",
"160","財政部臺北國稅局士林稽徵所","美崙街43號","福佳里4,7-8,10-11,13,16-17","28315171",
"161","臺北市立天文科學教育館(從後門停車場進入)","基河路363號","福佳里19-20,26","福佳里全里","0972295806",
"162","文昌區民活動中心","文昌路166之1號","福佳里18,21-25","28315171",
"163","陽明高中烹飪教室","中正路510號","後港里1-5","28316675",
"164","陽明高中綜合活動專科教室","中正路510號","後港里6-10","28316675",
"165","陽明高中會議室","中正路510號","後港里11-15","28316675",
"166","陽明高中903教室","中正路510號","後港里16-20","28316675",
"167","陽明高中高一2教室","中正路510號","後港里21-25","後港里全里","28316675",
"168","百齡國小1年5班教室（請由前門進入","）","福港街205號","福中里1-6","28817683",
"169","百齡國小1年6班教室（請由前門進入）","福港街205號","福中里7-9、13-14","福中里全里","28817683",
"170","百齡國小1年8班教室（請由前門進入）","福港街205號","福中里10-12","28817683",
"171","百齡國小1年9班教室(從前門進入)","福港街205號","福中里15-19","28817683",
"172","百齡國小1年2班教室（請由後、側門進入）","福港街205號","前港里1、3-4、9","28817683",
"173","百齡國小1年3班教室（請由後、側門進入）","福港街205號","前港里2、5-6、8","前港里全里","28817683",
"174","百齡國小1年4班教室（請由後、側門進入）","福港街205號","前港里7、10-13","28817683",
"175","百齡國小二年六班教室（請由前港街側門進入","）","福港街205號","百齡里1-6","28817683",
"176","百齡國小二年七班教室（請由前港街側門進入","）","福港街205號","百齡里7-9、12-15、17","28817683",
"177","百齡國小二年八班教室（請由前港街側門進入）","福港街205號","百齡里19-23、25-26","百齡里全里","28817683",
"178","百齡國小一年一班教室（請由前港街側門進入）","福港街205號","百齡里10-11、16、18、24、27","28817683",
"179","劍潭國小綜合教室","通河街16號","承德里1-7","28862471",
"180","劍潭國小1年甲班教室","通河街16號","承德里8-14","28862471",
"181","劍潭國小1年乙班教室","通河街16號","承德里15-21","承德里全里","28862471",
"182","劍潭國小1年丙班教室","通河街16號","福華里1-4、6-8","28862471",
"183","劍潭國小2年甲班教室","通河街16號","福華里10-14","福華里全里","28862471",
"184","士林托兒所白兔教室","通河街179巷2號","福華里5,9,15-21","28853842",
"185","士林托兒所松鼠教室","通河街179巷2號","福華里22-28","28853842",
"186","劍潭國小2年乙班教室","通河街16號","明勝里1-5","28862471",
"187","劍潭國小2年丙班教室","通河街16號","明勝里6-12","明勝里全里","28862471",
"188","劍潭國小6年甲班教室","通河街16號","明勝里13-18","28862471",
"189","慈信宮","重慶北路4段49巷40弄56號","福順里1-5","28121379",
"190","葫蘆幼兒園","延平北路5段136巷1號","福順里6-9,11","福順里全里","28151220",
"191","臺北市立圖書館葫蘆堵分館","延平北路5段136巷1號1樓梯廳","福順里10,12-15","28126513",
"192","海光幼稚園","葫蘆街30巷25號","富光里1-6、8-9","富光里全里","28111994",
"193","海光宮辦公室","葫蘆街87號","富光里7、10-17","28127626",
"194","慈音聖寶宮","延平北路5段163巷39號","富光里18-25","28111557",
"195","葫蘆國小103教室","環河北路3段95號","葫蘆里8-14","28129586",
"196","葫蘆國小104教室","環河北路3段95號","葫蘆里15-19、27","葫蘆里全里","28129586",
"197","葫蘆國小105教室","環河北路3段95號","葫蘆里20-26","28129586",
"198","葫蘆國小126教室","環河北路3段95號","葫蘆里1-7","28129586",
"199","陽信銀行社子分行","延平北路5段260號","葫東里2-3,6-7,12-13","28121112",
"200","葫東區民活動中心","中正路589號","葫東里1,4-5,8-11","葫東里全里","28826200轉6014",
"201","社子里里民活動場所","社中街70號","社子里1-3、6-7","社子里全里","28111133",
"202","社子里里民活動場所對面","社中街53號","社子里12-18","28111133",
"203","社福宮活動中心南側","社中街210巷31號","社子里4-5、8-10","28150700",
"204","社福宮活動中心北側","社中街210巷31號","社子里11、19-23","28150700",
"205","永新區民活動中心","中正路632-1號","社新里1-2、5-6、16、29","28826200轉6014",
"206","共和宮","社子街117號","社新里11-12,17-18,21-22","28124828",
"207","社子國小一年五班教室","延平北路6段308號","社新里3-4、7-10","28129059",
"208","社子國小一年六班教室","延平北路6段308號","社新里13-15、19-20、28","社新里全里","28129059",
"209","社子國小一年七班教室","延平北路6段308號","社新里23-27","28129059",
"210","慈暉幼兒園","永平街46巷3弄9號","社園里3,19-20,23-26","28113589",
"211","社子公園1樓閱覽室","永平街20巷37弄17號","社園里1-2,4-7","28112371",
"212","社子公園松柏健身隊康樂室","永平街20巷37弄10號對面社子公園內","社園里8-9,11,14-16","社園里全里","28117368",
"213","陽信銀行社中分行","社中街220號","社園里10、12-13、17-18、21-22","28151415",
"214","社子國小一年一班教室","延平北路6段308號","永倫里1-6","28129059",
"215","社子國小一年二班教室","延平北路6段308號","永倫里7-11","永倫里全里","28129059",
"216","社子國小一年三班教室","延平北路6段308號","永倫里12-17","28129059",
"217","社子國小一年四班教室","延平北路6段308號","永倫里18-23","28129059",
"218","福安國中九年四班","延平北路7段250號","福安里1-4","28108766轉140",
"219","福安國中社區化活動教室","延平北路7段250號","福安里5-8","福安里全里","28108766轉140",
"220","福安國中家政教室","延平北路7段250號","福安里9-12","28108766轉140",
"221","富安國小112教室","延平北路8段135號","富洲里1-4,14-15","富洲里全里","28103192",
"222","富安國小大禮堂","延平北路8段135號","富洲里5-8,16","28103192",
"223","中洲區民活動中心","延平北路9段80號","富洲里9-13,17","0972295823",
"224","雨聲國小大象班教室","至誠路1段62巷70號","岩山里1-8","岩山里全里","28311004",
"225","雨聲國小幼兒園辦公室","至誠路1段62巷70號","岩山里9-16","28311004",
"226","芝山岩區民活動中心","雨聲街68號","名山里1、8、10-11、18、25","0972295825",
"227","雨農國小一年一班教室","忠義街1號","名山里2-7","28329700轉117",
"228","雨農國小一年二班教室","忠義街1號","名山里9、12-16","28329700轉117",
"229","雨農國小一年三班教室","忠義街1號","名山里17、19-24","名山里全里","28329700轉117",
"230","泰安幼兒園","中山北路5段829巷14號","德行里1-4、6-7","28314281",
"231","仰德區民活動中心前半部","德行西路30號","德行里5、8-11","德行里全里","28826200-6013",
"232","仰德區民活動中心後半部","德行西路30號","德行里12-16","28826200-6013",
"233","文昌國小多功能教室左半部(桌球室)","文林路615巷20號","德華里1-6、19","德華里全里","28365411",
"234","文昌國小多功能教室右半部","文林路615巷20號","德華里7-12","28365411",
"235","德華區民活動中心","文昌路211-1號","德華里13-18","0972295827",
"236","雨農國小一年四班教室","忠義街1號","聖山里1-8","聖山里全里","28329700轉117",
"237","雨農國小三年四班教室(二樓)","忠義街1號","聖山里9-16","28329700轉117",
"238","雨農國小三年三班教室(二樓)","忠義街1號","聖山里17-22","28329700轉117",
"239","雨農國小三年二班教室(二樓)","忠義街1號","忠誠里1-8","忠誠里全里","28329700轉117",
"240","雨農國小三年一班教室(二樓)","忠義街1號","忠誠里9-17","28329700轉117",
"241","雨農國小書法教室(二樓)","忠義街1號","忠誠里18-25","28329700轉117",
"242","芝山國小鄉土資源教室","德行東路285號","芝山里1-9","28316115轉240",
"243","芝山國小二年一班教室","德行東路285號","芝山里10-16","芝山里全里","28316115轉240",
"244","芝山國小二年二班教室","德行東路285號","芝山里17-24","28316115轉240",
"245","芝山國小二年三班教室","德行東路285號","芝山里25-30","28316115轉240",
"246","臺北市職能發展學院學員餐廳","士東路301號","東山里16-22","28721940轉258",
"247","臺北市職能發展學院育成中心","士東路301號","東山里9-15","東山里全里","28721940轉258",
"248","臺北市職能發展學院行政大樓1樓大廳","士東路301號","東山里1-8","28721940轉258",
"249","蘭雅國中九年五班教室","三玉里忠誠路2段51號","三玉里1-8","28329377轉500",
"250","蘭雅國中九年四班教室","三玉里忠誠路2段51號","三玉里9-14","28329377轉500",
"251","蘭雅國中九年二班教室","三玉里忠誠路2段51號","三玉里15-21","三玉里全里","28329377轉500",
"252","士東國小一年三班教室","中山北路6段392號","蘭雅里1-5、7","28710064轉241",
"253","士東國小一年四班教室","中山北路6段392號","蘭雅里8-10、14-15","28710064轉241",
"254","士東國小一年五班教室","中山北路6段392號","蘭雅里16-19、25","28710064轉241",
"255","蘭雅國小健康中心","磺溪街57號","蘭雅里6、11-13、20","28366052轉208",
"256","蘭雅國小蘭心雅集","磺溪街57號","蘭雅里21-24","蘭雅里全里","28366052轉208",
"257","蘭雅國小一年一班教室","磺溪街57號","蘭興里1-5","28366052轉208",
"258","蘭雅國小一年三班教室","磺溪街57號","蘭興里6-10","28366052轉208",
"259","蘭雅國小二年一班教室","磺溪街57號","蘭興里11-14","28366052轉208",
"260","蘭雅國小二年三班教室","磺溪街57號","蘭興里15-19","蘭興里全里","28366052轉208",
"261","臺北市立大學天母校區體育館選手休息室（一）","忠誠路2段101號","天福里1-5","28718288",
"262","臺北市立大學天母校區體育館選手休息室（二）","忠誠路2段101號","天福里6-10","28718288",
"263","臺北市立大學天母校區體育館選手休息室（三）","忠誠路2段101號","天福里11-15","28718288",
"264","臺北市立大學天母校區體育館選手休息室（四）","忠誠路2段101號","天福里16-20","天福里全里","28718288",
"265","士東國小多功能教室1","中山北路6段392號","天祿里1-5","28710064轉241",
"266","士東國小一年一班教室","中山北路6段392號","天祿里6-11","天祿里全里","28710064轉241",
"267","士東國小一年二班教室","中山北路6段392號","天祿里12-16","28710064轉241",
"268","士東國小故事屋教室","中山北路6段392號","天壽里1-3、8、10","天壽里全里","28710064轉241",
"269","台北美國學校西校區","中山北路6段765號","天壽里4、6、9、11-12","28739900轉347",
"270","天母國小英語教室六","天玉街12號","天壽里5、7、13-16","28723336轉9503",
"271","天母國中八年一班教室","天母東路120號","天和里1-5","天和里全里","28754864轉275",
"272","天母國中八年二班教室","天母東路120號","天和里6-10","28754864轉275",
"273","天母國中八年三班教室","天母東路120號","天和里11-16","28754864轉275",
"274","天母國中八年四班教室","天母東路120號","天和里17-21","28754864轉275",
"275","天母國小一年三班教室","天玉街12號","天山里1-5","28723336轉9503",
"276","天母國小一年四班教室","天玉街12號","天山里6-10","天山里全里","28723336轉9503",
"277","天母國小一年五班教室","天玉街12號","天山里11-15","28723336轉9503",
"278","天母國小音樂教室(五)","天玉街12號","天山里16-20","28723336轉9503",
"279","天母國小廚房","天玉街12號","天玉里1-6","28723336轉9503",
"280","天母國小幼辦教室","天玉街12號","天玉里7-12","天玉里全里","28723336轉9503",
"281","天母國小活動教室","天玉街12號","天玉里13-18","28723336轉9503",
"282","天母國小幼一教室","天玉街12號","天玉里19-23","28723336轉9503",
"283","天母國小一年一班教室","天玉街12號","天玉里24-29","28723336轉9503",
"284","天母天主堂活動中心","士林中山北路7段171號","天母里2、7、9-11、17","28715168",
"285","基督教天母禮拜堂","中山北路7段216巷1號","天母里4、12-13、18","28711622",
"286","天母基督教會","天玉街63號","天母里6,8,15-16,19-20","28714834",
"287","道爾敦幼兒園","中山北路7段224巷3號","天母里1、3、5、14","天母里全里","28730225",
"288","永福區民活動中心","仰德大道2段146號","永福里全里","永福里全里","0972295842",
"289","公館里里民聚會所","永公路245巷19號旁","公館里全里","公館里全里","0972295843",
"290","陽明山國小一年忠班教室","仰德大道3段61號","新安里1-6","新安里全里","28616366",
"291","陽明山國小二年忠班教室","仰德大道3段61號","新安里7-10","28616366",
"292","臺北市立聯合醫院草山職能工作坊","建業路7號","陽明里1-6","28622470",
"293","陽明區民活動中心","菁山路34巷1號","陽明里7-15","28618717",
"294","基督教臺灣信義會陽明山錫安堂","陽明路1段34號","陽明里16-23","陽明里全里","28612140",
"295","原菁山區民活動中心(菁礐開漳聖王宮)","永公路520號","菁山里1-4","菁山里全里","28610678",
"296","中華電信國際電信分公司(臺北衛星通訊心)","菁山路127之15號","菁山里5-10","28620070",
"297","平等國小四年級教室","平菁街101號","平等里全里","平等里全里","28610503",
"298","溪山里里民活動場所","至善路3段258號旁","溪山里全里","溪山里全里","28411119",
"299","雙溪國小6年甲班教室(請由明溪街進入)","中社路2段66號","翠山里1-7","28411038",
"300","雙溪中央社區發展協會","中社路1段36巷2-1號","翠山里8-12","翠山里全里","28412197",
"301","臨溪區民活動中心（衛理女中對面）","至善路2段286號","臨溪里1-7","28819429",
"302","至善國中夜自習教室","至善路2段360號","臨溪里8-12","臨溪里全里","28414350",
"303","西湖國小合作社","環山路1段25號","西湖里1-8","2797-1267",
"304","西湖國小校史室","環山路1段25號","西湖里9-16","2797-1267",
"305","西湖國中學習輔導中心(四)","環山路1段27號","西湖里17-25","2799-1817轉318",
"306","西湖國中8年1班","環山路1段27號","西湖里26-33","西湖里全里","2799-1817轉318",
"307","文湖國小1年1班教室","文湖街15號","西康里1-4、27","2658-3515轉1071",
"308","文湖國小1年2班教室","文湖街15號","西康里6-10、13、18","2658-3515轉1071",
"309","文湖國小2年2班教室","文湖街15號","西康里5、11-12、14","2658-3515轉1071",
"310","西湖國中慈心園","環山路1段27號","西康里15-17、19-20","2799-1817轉310",
"311","西湖國中學習輔導中心(三)","環山路1段27號","西康里21-26","西康里全里","2799-1817轉310",
"312","德明財經科技大學第二閱覽室(1)","環山路1段56號","西安里1-9","2658-5801",
"313","德明財經科技大學第二閱覽室(2)","環山路1段56號","西安里10-14","2658-5801",
"314","德明財經科技大學第二閱覽室(3)","環山路1段56號","西安里15-19","2658-5801",
"315","德明財經科技大學衛生教育室A104","環山路1段56號","西安里20-23","西安里全里","2658-5801",
"316","港墘區民活動中心","內湖路1段552號","港墘里1-4、13-14、19、22","0972-295503",
"317","內湖高工c105教室","內湖路1段520號","港墘里5-11","港墘里全里","2657-4874轉122",
"318","內湖高工c112教室","內湖路1段520號","港墘里12、15-18、20-21","2657-4874轉122",
"319","麗山國中8年1班教室","內湖路1段629巷42號","港都里1-4、14","2799-2681轉405",
"320","麗山國中8年3班教室","內湖路1段629巷42號","港都里5-9","2799-2681轉405",
"321","麗山國中8年5班教室","內湖路1段629巷42號","港都里10-13","港都里全里","2799-2681轉405",
"322","內湖國小1年2班教室","內湖路2段41號","港富里1-6","2799-4249轉313",
"323","內湖國小1年3班教室","內湖路2段41號","港富里7-12","2799-4249轉313",
"324","內湖國小1年5班教室","內湖路2段41號","港富里13-17","2799-4249轉313",
"325","內湖國小1年8班教室","內湖路2段41號","港富里18-23","港富里全里","2799-4249轉313",
"326","內湖國小3年1班教室","內湖路2段41號","港富里24-30","2799-4249轉313",
"327","港華區民活動中心","環山路2段68巷14號1樓","港華里9、17、19-22","0988-179936",
"328","麗山國中9年21班教室","內湖路1段629巷42號","港華里1-5","2799-1867轉405",
"329","麗山國中7年21班教室","內湖路1段629巷42號","港華里6、8、10、23","2799-1867轉405",
"330","麗山國小交通安全教室","港華街100號","港華里11-14、24","港華里全里","2657-4158轉511",
"331","麗山國小課後照顧班","港華街100號","港華里7、15-16、18、25","2657-4158轉511",
"332","碧湖國小411教室","金龍路100號","內湖里1-6、14","2790-7161",
"333","碧湖國小412教室","金龍路100號","內湖里7-13、23-24","2790-7161",
"334","碧湖國小教師研究室","金龍路100號","內湖里15-22","內湖里全里","2790-7161",
"335","濱湖皇家大廈管理委員會交誼廳","內湖路2段103巷70號","湖濱里1-6","2799-7207轉叫",
"336","湖濱區民活動中心","內湖路2段344號","湖濱里9、21-26","湖濱里全里","2790-6289轉叫",
"337","內湖區公民會館","內湖路2段342號","湖濱里27-34","2790-6289轉叫",
"338","貿七國民住宅管理委員會辦公室","內湖路2段179巷46弄29號","湖濱里10-14","2793-1737轉叫",
"339","碧湖區民活動中心","內湖路2段179巷81弄16號","湖濱里7-8、15-20","2790-0293轉叫",
"340","康寧國小1年2班教室","星雲街121號","紫星里9、13-17、36-39","2790-1237轉140",
"341","康寧國小1年3班教室","星雲街121號","紫星里1-3、6-7、18-22","2790-1237轉140",
"342","紫星區民活動中心","康寧路1段20號","紫星里4-5、8、10-11、23-27","8791-1313轉叫",
"343","方濟中學9年崇班","成功路3段61號","紫星里12、28-35","紫星里全里","2791-0278轉5",
"344","大湖國小課輔一","大湖山莊街170號","大湖里1-6、24-25","大湖里全里","2791-5870",
"345","大湖國小課輔二","大湖山莊街170號","大湖里15-23","2791-5870",
"346","大湖國小親職教室","大湖山莊街170號","大湖里7-14","2791-5870",
"347","金龍區民活動中心","金龍路136-1號2樓","金龍里1-7","0972-295501",
"348","台北市金龍發展中心1樓","金龍路136-1號1樓","金龍里8-13、22-23","2793-3059",
"349","基督教浸信會榮恩堂","內湖路3段139號","金龍里14-21","金龍里全里","2790-1197",
"350","民宅地下室","內湖路3段187巷17號地下室","金瑞里1-6","2790-9128",
"351","金瑞里辦公處","金龍路234號1樓","金瑞里7-9、23-24","2791-0152",
"352","民宅地下室","內湖路3段294號地下室","金瑞里10-15、21","2790-3815",
"353","民宅地下室","內湖路3段294號地下室","金瑞里16-20、22","金瑞里全里","2790-3815",
"354","碧興宮遮雨棚下方","碧山路28號對面","碧山里1-3","2791-9636",
"355","金龍福德廟旁里民休息室","內湖路3段60巷15號對面","碧山里7、20-22","2790-9391",
"356","碧山區民活動中心室內（一）","內湖路3段60巷8號地下1樓","碧山里4-6、8-9、18","0988-179-939",
"357","碧山區民活動中心室內（二）","內湖路3段60巷8號地下1樓","碧山里14-17、19","0988-179-939",
"358","碧山市場內辦公室","內湖路3段60巷8弄12-1號","碧山里10-13","碧山里全里","0936-035222",
"359","康寧國小1年1班教室","星雲街121號","紫雲里1-7","紫雲里全里","2790-1237轉140",
"360","金城春曉社區健身房","康寧路1段267號","紫雲里8-14","2794-6526",
"361","金城春曉社區文康中心","康寧路1段267號","紫雲里15-23","2794-6526",
"362","康寧國小綜合教室","星雲街121號","清白里1-4、7-8","2790-1237轉140",
"363","康寧國小潛能開發中心","星雲街121號","清白里5-6、9-10、13、24-25、30","2790-1237轉140",
"364",""清白區民活動中心 大教室"","星雲街161巷3號","清白里11-12、14-18、20","清白里全里","2792-5828轉227",
"365","清白區民活動中心小教室","星雲街161巷3號","清白里19、21-23、26-29","2792-5828轉227",
"366","明湖國中7年20班教室","康寧路3段60號","葫洲里1-5","26320616",
"367","明湖國中8年20班教室","康寧路3段60號","葫洲里6-11","葫洲里全里","26320616",
"368","明湖國中9年20班教室","康寧路3段60號","葫洲里12-15","26320616",
"369","明湖國中8年6班教室","康寧路3段60號","葫洲里16-20","26320616",
"370","內湖國中916教室","陽光街1號","紫陽里1、11-14","紫陽里全里","2790-0843",
"371","內湖國中901教室","陽光街1號","紫陽里2、15-18","2790-0843",
"372","內湖高中221教室","文德路218號","紫陽里3-7、19","2797-7035",
"373","內湖高中121教室","文德路218號","紫陽里8-10、20-22","2797-7035",
"374","陽光區民活動中心","文德路66巷38弄14號","瑞陽里4、7-8、12、15-17、22","0972-295525",
"375","基督教貴格會內湖教會","文德路66巷49弄5號","瑞陽里13-14、18-19、24、26-28","27976651",
"376","瑞陽里民活動場所","文德路66巷69弄10號","瑞陽里2-3、6、9-10","瑞陽里全里","27991392",
"377","海軍湖光新城自治委員會","文德路66巷14弄2號","瑞陽里1、5、11、20-21、23、25","27974709",
"378","臺北市立內湖幼兒園茉莉班教室","陽光街265巷9號","瑞光里1-7","2797-3504",
"379","臺北市立內湖幼兒園中庭","陽光街265巷9號","瑞光里8-13","瑞光里全里","2797-3504",
"380","瑞光社區管理委員會","文德路22巷71號","瑞光里14-20","2658-6181",
"381","東湖國小1年8班教室","東湖路115號","五分里4-8、30","五分里全里","2633-9984",
"382","東湖國小1年9班教室","東湖路115號","五分里3、9-10、22","2633-9984",
"383","東湖國小4年9班教室","東湖路115號","五分里11-13、33-34","2633-9984",
"384","南湖國小1年1班教室","康寧路3段200號","五分里1-2、18、26-29","2632-1296",
"385","南湖國小1年2班教室","康寧路3段200號","五分里20-21、","23-25、32","2632-1296",
"386","南湖國小1年3班教室","康寧路3段200號","五分里14-17、19、31","2632-1296",
"387","東湖國小4年10班教室(115號教室)","東湖路115號","東湖里1-5","2633-9984",
"388","東湖國小4年12班教室(117號教室)","東湖路115號","東湖里6-9、11","東湖里全里","2633-9984",
"389","東湖國小原住民教室(118號教室)","東湖路115號","東湖里10、13-16","2633-9984",
"390","東湖國小1年1班教室(102號教室)","東湖路115號","東湖里12、17-20","2633-9984",
"391","東湖國中7年1班教室","康樂街131號","樂康里1-5","樂康里全里","2633-0373轉655",
"392","東湖國中7年2班教室","康樂街131號","樂康里6-10","2633-0373轉655",
"393","東湖國中7年3班教室","康樂街131號","樂康里11-15","2633-0373轉655",
"394","東湖國中7年4班教室","康樂街131號","樂康里16-21","2633-0373轉655",
"395","東湖國中7年5班教室","康樂街131號","樂康里22-26","2633-0373轉655",
"396","七星生態花園專業教室二","康樂街191巷臨16號","內溝里1、6、8、17","2631-4601",
"397","七星生態花園專業教室一","康樂街191巷臨16號","內溝里11-16","內溝里全里","2631-4601",
"398","內溝溪生態展示館","康樂街236-3號","內溝里2-5、7、9-10","2634-7851",
"399","週美里里民活動廣場","潭美街100號","週美里1-4","2792-7531",
"400","週美里里民活動廣場","潭美街100號","週美里5-10","週美里全里","2792-7531",
"401","週美里里民活動廣場","潭美街100號","週美里11-16","2792-7531",
"402","美善公園","行善路59巷20弄2號","週美里17-30","2792-7531",
"403","福音貴格教會","新明路452號","行善里1-6","8792-7633",
"404","新明公園","新明路428巷19號對面","行善里7-13","0988-955208",
"405","妙善托兒所","行善路25巷13號1樓","行善里14-17","0928-125710",
"406","行善區民活動中心大廳(一)","行善路25巷13號2樓","行善里18-22","行善里全里","0935-178239",
"407","潭美國小1年1班教室","新明路22號","石潭里","1-12","石潭里全里","2791-7334",
"408","潭美國小1年2班教室","新明路22號","石潭里13-20","2791-7334",
"409","新湖國小1樓大會議室右側","民權東路6段138號","湖興里1-7","2796-3721",
"410","新湖國小1樓大會議室左側","民權東路6段138號","湖興里8-13","2796-3721",
"411","新湖國小1年1教室","民權東路6段138號","湖興里14-18","2796-3721",
"412","新湖國小1年2教室","民權東路6段138號","湖興里19-25","湖興里全里","2796-3721",
"413","三民國中8年1班教室","民權東路6段45號","湖元里1-7","湖元里全里","2792-4772",
"414","三民國中8年2班教室","民權東路6段45號","湖元里8-15","2792-4772",
"415","三民國中8年3班教室","民權東路6段45號","湖元里16-20","2792-4772",
"416","東湖國小1年3班教室","東湖路115號","安湖里1-4、6","2633-9984",
"417","東湖國小1年4班教室","東湖路115號","安湖里5、7-10","安湖里全里","2633-9984",
"418","東湖國小1年5班教室","東湖路115號","安湖里11-15","2633-9984",
"419","東湖國小1年6班教室","東湖路115號","安湖里16-20","2633-9984",
"420","大湖國小自然教室","大湖山莊街170號","秀湖里1-10","秀湖里全里","2791-5870",
"421","大湖國小活動教室(四)","大湖山莊街170號","秀湖里11-16、18-19","2791-5870",
"422","大湖國小機具室(二)","大湖山莊街170號","秀湖里17、20-25","2791-5870",
"423","安泰里土地公廟","安泰街54巷6號","安泰里1-4","0926-029279",
"424","綠之湖社區管理委員會","安泰街87-93號等","安泰里5-9","安泰里全里","2631-9765",
"425","雙壐名宅大廈1樓中庭","安泰街125巷6-8號等","安泰里10-15","2634-1827",
"426","麗湖國小地下室視聽中心","金湖路363巷8號","金湖里4-8","2634-3888",
"427","麗湖國小社區成長教室","金湖路363巷8號","金湖里14-17","2634-3888",
"428","麗湖國小資源班教室(一)","金湖路363巷8號","金湖里12-13、18-20、25","金湖里全里","2634-3888",
"429","麗湖國小資源班教室(二)","金湖路363巷8號","金湖里9-11、22、26","2634-3888",
"430","麗湖國小資源班辦公室","金湖路363巷8號","金湖里1-3、21、23-24","2634-3888",
"431","康寧醫護暨管理專科學校(1樓藝文中心)","康寧路3段75巷137號","康寧里1-5","2632-1181轉422",
"432","明湖國小1年1班教室","康寧路3段105號","康寧里6-10","2632-3477",
"433","明湖國小1年2班教室","康寧路3段105號","康寧里11-13、15","2632-3477",
"434","明湖國小1年3班教室","康寧路3段105號","康寧里16-19","2632-3477",
"435","明湖國小潛能教室(三)","康寧路3段105號","康寧里14、20-23","康寧里全里","2632-3477",
"436","明湖國小英語教室","康寧路3段105號","明湖里1-7","2632-3477",
"437","明湖國小志工團教室(家長會)","康寧路3段105號","明湖里8-15","明湖里全里","2632-3477",
"438","明湖國小潛能中心(一)","康寧路3段105號","明湖里16-20","2632-3477",
"439","內湖垃圾焚化廠能源利用中心1樓大廳","安康路290號(葫蘆洲運動公園內旁建物)","蘆洲里1-5","蘆洲里全里","2796-1833轉352",
"440","麗山國小1年1班教室","港華街100號","麗山里1-6","2657-4158轉511",
"441","麗山國小1年2班教室","港華街100號","麗山里7-12","麗山里全里","2657-4158轉511",
"442","麗山國小1年3班教室","港華街100號","麗山里13-16","2657-4158轉511",
"443","新湖國小1年3班教室","民權東路6段138號","寶湖里1-6","2796-3721",
"444","新湖國小125健體教室","民權東路6段138號","寶湖里7-12","寶湖里全里","2796-3721",
"445","新湖國小配膳室旁風雨操場","民權東路6段138號","寶湖里13-19","2796-3721",
"446","新湖國小健康中心旁風雨操場","民權東路6段138號","寶湖里20-26","2796-3721",
"447","明湖國中8年7班教室","康寧路3段60號","南湖里1-3","2632-0616",
"448","明湖國中8年8班教室","康寧路3段60號","南湖里4-7","南湖里全里","2632-0616",
"449","南湖國小1年4班教室","康寧路3段200號","南湖里8-11","2632-1296轉51",
"450","南港高工實汽一教室","興中路29號","南港里2-7","南港里全里","2782-5432",
"451","南港高工綜合三教室","興中路29號","南港里8-13鄰","2782-5432",
"452","南港高工綜合二教室","興中路29號","南港里1、21-23","2782-5432",
"453","南港高工綜合一教室","興中路29號","南港里14-20","2782-5432",
"454","國家文官學院（菁英講堂）","忠孝東路7段576號","中南里3-7、10-14、16、19","2653-1500",
"455","國家文官學院（文康室）","忠孝東路7段576號","中南里1-2、8-9、15、17-18、20-24","中南里全里","2653-1500",
"456",""南港國小 樂團練習室"","惠民街67號","三重里1-7","三重里全里","2783-4678",
"457",""南港國小 童軍室"","惠民街67號","三重里9、23-25","2783-4678",
"458",""南港國小 自然教室(一)"","惠民街67號","三重里10-17","2783-4678",
"459",""南港國小 自然教室(五)"","惠民街67號","三重里8、18-22","2783-4678",
"460","誠正國中107教室","富康街1巷24號","新富里1-5","27828094分機1500",
"461","誠正國中109教室","富康街1巷24號","新富里6-11","27828094分機1500",
"462","誠正國中122教室","富康街1巷24號","新富里12-17","新富里全里","27828094分機1500",
"463","胡適國小美勞教室(一)","舊莊街1段1號","中研里1-7、35","2782-4949*930",
"464","胡適國小社會科教室(一)","舊莊街1段1號","中研里8-12、33-34","2782-4949","*930",
"465","胡適國小教師辦公室","舊莊街1段1號","中研里26-32","2782-4949","*930",
"466","奇奇家族文理短期補習班","研究院路2段12巷58弄15號","中研里13、16、21-25","2788-7881",
"467","欣苗幼兒園","研究院路2段12巷58弄11號","中研里14-15、17-20","中研里全里","2782-3322",
"468","九如區民活動中心(一)","研究院路3段68巷9號2樓","九如里1-5、23","九如里全里","0972246119",
"469","九如區民活動中心(二)","研究院路3段68巷9號2樓","九如里6-7、12-16","0972246119",
"470","胡適庭園社區管理中心","研究院路2段182巷29弄2號對面","九如里17-22","2782-4578",
"471","慈龍堂","研究院路3段92號","九如里8-11、24-28","2783-2128",
"472","舊莊國小成人教育班(1F)","舊莊街1段100號","舊莊里1-4、8、24","02-27821418轉100李莉莉校長",
"473","舊莊國小多功能教室(1F)","舊莊街1段100號","舊莊里5、9-12、14","02-27821418轉100李莉莉校長",
"474","舊莊國小幼兒園教具室(1F)","舊莊街1段100號","舊莊里6-7、13、28-34","02-27821418轉100李莉莉校長",
"475","舊莊國小同心園(1F)","舊莊街1段100號","舊莊里15-21","舊莊里全里","02-27821418轉100李莉莉校長",
"476","舊莊區民活動中心","舊莊街1段91巷11號1樓","舊莊里22-23、25~27","0972246129",
"477","東新國小視聽中心","興南街62號","東新里1-6","2783-7577",
"478","東新國小家長會辦公室","興南街62號","東新里7-12","2783-7577",
"479","東新國小桌球室","興南街62號","東新里17-23","東新里全里","2783-7577",
"480","東新國小川堂","興南街62號","東新里13-16","2783-7577",
"481","群興紙業公司","重陽路235巷16號1樓","重陽里1-5","重陽里全里","2783-9238",
"482","南港老人服務中心","重陽路187巷5號(2樓教室)","重陽里6-10","2653-5311",
"483","西新區民活動中心","成功路1段99號","重陽里11-14","0988179598",
"484","東新國小感覺統合教室","興南街62號","東明里1-5","2783-7577",
"485","東新國小潛能班","興南街62號","東明里6-11","2783-7577",
"486","東方大地住戶管理委員會會議室","興華路30巷1號","東明里12-16","東明里全里","2788-5940",
"487","玉成國小2年1班教室","向陽路31號","西新里1-5、12","西新里全里","02-2783-6049",
"488","玉成國小2年3班教室","向陽路31號","西新里7-11","02-2783-6049",
"489","玉成國小3年3班教室","向陽路31號","西新里6、13-17","02-2783-6049",
"490","基督教南港聖教會","南港路3段208巷6號","玉成里1-3、6-8、11-13","2782-4626",
"491","松山國小活動中心","松山區八德路4段746號","玉成里4-5、9、14-16","2767-2907",
"492","新移民會館(研習教室)","八德路4段768之1號地下一樓","玉成里10、17-21","玉成里全里","2788-4911",
"493","春昇汽車有限公司","永吉路536號","合成里1-2、10-14","2786-1192",
"494","南港運動中心2樓幼兒遊戲區","玉成街69號","合成里3-4、25-26","2653-2279",
"495","南港運動中心1樓閱覽室","玉成街69號","合成里5-9","2653-2279",
"496","輝奇氣體有限公司之倉庫","忠孝東路6段267號","合成里15-20","2785-6463",
"497","春來汽車","忠孝東路6段317號","合成里21-24","合成里全里","2786-8488",
"498","警政署保七總隊第三大隊餐廳","昆陽街161-1號旁","新光里9-18","26539235","26511471",
"499","新光里民活動場所","昆陽街140巷21號","新光里1-8","新光里全里","2788-6626",
"500","成德國小愛心志工室","東新街65號","聯成里1-5","聯成里全里","27851376分機151",
"501","成德國小多功能辦公室(一)","東新街65號","聯成里6、7、9、10","27851376分機151",
"502","成德國小多功能辦公室(二)","東新街65號","聯成里8、11-14","27851376分機151",
"503","成德國小多功能辦公室(三)","東新街65號","聯成里15-19","27851376分機151",
"504","萬福里里民活動場所","忠孝東路6段70巷21弄8號","萬福里3-4、9-11、17","萬福里全里","2785-5945",
"505","黃貴勇先生車庫","玉成街140巷6號","萬福里5-8、18-19","2788-1987",
"506","南港龍華社區管理委員會","同德路85巷4號","萬福里-2、12-16","2782-8212",
"507","成德國中8年6班","東新街108巷23號","鴻福里第1-3、5-7","26515638",
"508","成德國中8年7班","東新街108巷23號","鴻福里第8、13-15、17","26515638",
"509","鴻福里里民活動場所","成福路82號","鴻福里第4、9~12、16","鴻福里全里","2786-3893",
"510","福德國小多功能教室2(2F)","福德街253號","百福里1-5、21~22","百福里全里","27267991#22","27277992#22",
"511","福德國小家長會辦公室","福德街253號","百福里6-12","27267991#22","27277992#22",
"512","福德國小多功能教室3","福德街253號","百福里13-20","27267991#22","27277992#22",
"513","成德國中成德藝廊","東新街108巷23號","成福里3-6、15","2651-5638",
"514","成德國中公民培力中心","東新街108巷23號","成福里16-17、19-20、28-29","2651-5638",
"515","吉的堡小騎士托兒所","成福路183號2樓","成福里18、21-27、30","成福里全里","2651-6526",
"516","修德國小午餐準備室","東新街118巷86號","成福里7-11、31","27880500-151",
"517","修德國小幼兒學習室","東新街118巷86號","成福里1、2、12-14","27880500-151",
"518","忠孝幼兒園彩虹班","福德街373巷43號","仁福里1-4","2654-3767",
"519","忠孝幼兒園托育中心","福德街373巷43號","仁福里5-8","2654-3767",
"520","仁福區民活動中心(一)","福德街443號","仁福里9-12","2654-2254",
"521","仁福區民活動中心(二)","福德街443號","仁福里13-15","仁福里全里","2654-2254",
"522","民權區民活動中心禮堂北側","民權東路5段臨43號(民權大橋下)","莊敬里1~8","87878787轉829",
"523","三民國小附設幼兒園-企鵝班","民權東路5段1號","莊敬里9~15","27646080轉231",
"524","三民國小附設幼兒園-天鵝班","民權東路5段1號","莊敬里16~28","莊敬里全里","27646080轉231",
"525","基督教新生教團台北民生教會","新中街10巷2號","東榮里1~6","東榮里全里","27682905",
"526","民權國小多元學習教室(1)118","民權東路4段200號","東榮里7~13","27652327轉33",
"527","民權國小多元學習教室(3)120","民權東路4段200號","東榮里14~19","27652327轉33",
"528","二村基石中心","民生東路5段69巷2弄10號","東榮里20~25",""276383040912578940"",
"529","聯合二村教會","民生東路5段69巷2弄12號","東榮里26~33",""276383040912578940"",
"530","健康國小終身學習中心","延壽街168號","三民里1~10","25282814轉136",
"531","臺北市立圖書館三民分館視廳室","民生東路5段163之1號6樓","三民里11~17","三民里全里","27600408轉16",
"532","民權國小辦公室(112)","民權東路4段200號","三民里18~25","27652327轉33",
"533","民權國小多元學習中心(117)","民權東路4段200號","三民里26~32","27652327轉33",
"534","民權區民活動中心禮堂南側","民權東路5段臨43號(民權大橋下)","新益里1~7","87878787轉829",
"535","民生國中活動中心西側","新東街30巷1號","新益里8~12","27653433轉300",
"536","民生國中活動中心東側","新東街30巷1號","新益里13~18","新益里全里","27653433轉300",
"537","海華大廈休閒中心","民生東路5段171號地下1樓","富錦里1~3、5~8","27661804",
"538","民權國小多元教室(111)","民權東路4段200號","富錦里4、15、18~23","富錦里全里","27652327轉33",
"539","民權國小潛能開發班(1)","民權東路4段200號","富錦里9~14、16~17","27652327轉33",
"540","民生國中會議室2","新東街30巷1號","新東里13~19",""092204293827653433轉303"",
"541","民生國中童軍教室","新東街30巷1號","新東里2~7",""092204293827653433轉303"",
"542","民生國中教師會教室","新東街30巷1號","新東里1,8~12","新東里全里",""092204293827653433轉303"",
"543","健康國小終身學習中心前川堂1","延壽街168號","富泰里1~5、9","25282814轉136",
"544","民生社區中心8樓三民區民活動中心","民生東路5段163之1號8樓","富泰里6~8、16~20","富泰里全里","87878787轉829",
"545","民生社區中心4樓集會堂川堂","民生東路5段163之1號4樓","富泰里10~15","27666959",
"546","介壽國中711教室","延壽街401號","介壽里1~8","27674496轉510",
"547","介壽國中713教室","延壽街401號","介壽里9~15","27674496轉510",
"548","介壽國中715教室","延壽街401號","介壽里16~21","介壽里全里","27674496轉510",
"549","民族國小輔導室","民生東路4段97巷7號","精忠里1~5","精忠里全里","27124872",
"550","民族國小資源1教室","民生東路4段97巷7號","精忠里6~10","27124872",
"551","民族國小資源2教室","民生東路4段97巷7號","精忠里11~16","27124872",
"552","西松國小鄉土教室(補校朷一甲)","三民路5號(由南京東路5段147巷側門進入)","東光里1~8","27609221",
"553","西松國小社會教室2(補校朷一乙)","三民路5號(由南京東路5段147巷側門進入)","東光里9~17","27609221",
"554","西松國小社會教室1(補校高一乙)","三民路5號(由南京東路5段147巷側門進入)","東光里18~25","東光里全里","27609221",
"555","西松國小社會教室(補校高二甲)","三民路5號(由南京東路5段147巷側門進入)","東光里26~33","27609221",
"556","平安新村甲區管理委員會","延壽街348號1樓","龍田里1~4、37~39","27655730",
"557","介壽國中702教室","延壽街401號1樓","龍田里5~11","27674496轉500",
"558","介壽國中704教室","延壽街401號1樓","龍田里12~14、32~35","27674496轉500",
"559","民生國小1年1班教室","敦化北路199巷18號1樓","龍田里15~19","27122452轉830",
"560","民生國小1年2班教室","敦化北路199巷18號1樓","龍田里20~26","龍田里全里","27122452轉830",
"561","民生國小1年3班教室","敦化北路199巷18號1樓","龍田里27~31、36","27122452轉830",
"562","東昌里民活動場所","民生東路4段112巷7弄24號","東昌里7~12","東昌里全里","0919395565",
"563","車庫","民生東路4段112巷3弄3號","東昌里1~6","0919395565",
"564","漢家幼兒園","南京東路4段133巷6弄2號1樓","東勢里1~6","27131091",
"565","歐先生宅","南京東路4段133巷7弄11號1樓","東勢里7~13","東勢里全里","27172185",
"566","金陵教會","南京東路4段133巷6弄20號1樓","東勢里14~18","0926068727",
"567","臺北浸信會頌恩堂","敦化北路145巷30號1樓","中華里8~10、20、25","87122215",
"568","賀瑞幼兒園","南京東路4段53巷11弄1號","中華里11~16","中華里全里","27127575",
"569","臺北市立圖書館啟明分館1樓","敦化北路155巷76號1樓","中華里5~7、17~19、24","2514-8443",
"570","民生國小1年4班教室","敦化北路199巷18號1樓","中華里1~4、21~23","27122452轉831",
"571","思高幼兒園思高中心","民生東路3段125號","民有里1~4、12","27133897",
"572","中山國中哺(集)乳室","復興北路361巷7號","民有里5~10","27126701轉501",
"573","中山國中健康與體育領域教室","復興北路361巷7號","民有里11、13~17","27126701轉501",
"574","中山國中補校辦公室","復興北路361巷7號","民有里18~25","27126701轉501",
"575","中山國中第1教室","復興北路361巷7號","民有里26~32","民有里全里","27126701轉501",
"576","民福里民活動場所","民權東路3段103巷5弄5號1樓","民福里4~5、8、10、11~13","民福里全里","0934332936",
"577","民福社區服務中心","民權東路3段191巷34之1號1樓","民福里3、6、7、9、14、18、20、26","0934332936",
"578","上達汽車有限公司","民族東路687號1樓","民福里21~25、27","87123456",
"579","恩光教會","民權東路3段191巷74號1樓","民福里1~2、15~17、19","0963266909",
"580","松基區民活動中心禮堂","長春路339巷2號地下1樓","松基里1~9","87878787轉854",
"581","松基區民活動中心第3教室","長春路339巷2號地下1樓","松基里10~16","松基里全里","87878787轉854",
"582","松山國小游泳池入口","八德路4段746號","慈祐里1~5、19~21","27672907轉601",
"583","更新大樓中庭","八德路4段606號","慈祐里12~16、22","0928283701",
"584","松山長老教會1樓","饒河街105號","慈祐里6~11、17、18","慈祐里全里","27684081",
"585","西松國小6年1班","三民路5號","安平里3~7、11、33","27609221",
"586","沐恩堂","南京東路5段251巷45號","安平里1~2、9~10、12~13","27686926",
"587","安平區民活動中心2樓","南京東路5段291巷44弄23之1號2樓","安平里16~21","0935865368",
"588","恩友堂第1交誼廳","寶清街123號","安平里14~15、22~27","27670760",
"589","恩友堂第2交誼廳","寶清街123號","安平里8、28~32","安平里全里","27670760",
"590","西松高中(多功能教室1)","健康路325巷7號","鵬程里1、14~18","25282295",
"591","鵬程區民活動中心","健康路399號3樓","鵬程里2~7、9","87878787轉829",
"592","西松高中(多功能教室2)","健康路325巷7號","鵬程里8、10~13","鵬程里全里","25282295",
"593","西松高中702教室","健康路325巷7號","自強里4~6、10","25282295",
"594","健康國小終身學習中心前川堂2","延壽街168號","自強里13~15、24~25","25282814轉136",
"595","健康國小103教室前川堂","延壽街168號","自強里1~3、20~21","自強里全里","25282814轉136",
"596","自強區民活動中心","三民路35巷9號","自強里7、16~19、23","87878787轉829",
"597","健安新城G區管委會辦公室","三民路80巷1號","自強里8~9、11~12、22、26","25287735",
"598","中崙高中2樓7年8班教室","八德路4段101號2樓","吉祥里1~5","27535316轉400",
"599","中崙高中2樓8年5班教室","八德路4段101號2樓","吉祥里6~10、12","27535316轉400",
"600","中崙高中2樓8年2班教室","八德路4段101號2樓","吉祥里11、13~16","27535316轉400",
"601","中崙高中2樓7年5班教室","八德路4段101號2樓","吉祥里17~20、24","吉祥里全里","27535316轉400",
"602","中崙高中2樓7年2班教室","八德路4段101號2樓","吉祥里21~23、25~27","27535316轉400",
"603","新聚區民活動中心(1)","南京東路5段374號1樓","新聚里3~8、10、12","新聚里全里","87878787轉829",
"604","新聚區民活動中心(2)","南京東路5段374號1樓","新聚里9、18、20、24、25、29~30","87878787轉829",
"605","9號車庫","南京東路5段250巷9之3號(揚登牙醫)旁停車場","新聚里11、17、19、21~22、26~28","0910273876",
"606","財團法人萬國道德總會(立德長青活動中心)","南京東路5段250巷18弄46號1樓","新聚里1~2、13~16、23","0970126384",
"607","復盛區民活動中心第1教室","市民大道5段99之1號(八德路4段106巷內)","復盛里15~21","87878787轉829",
"608","復盛區民活動中心第2教室","市民大道5段99之1號(八德路4段106巷內)","復盛里7~14","復盛里全里","87878787轉829",
"609","復盛區民活動中心第3教室","市民大道5段99之1號(八德路4段106巷內)","復盛里1~6","87878787轉829",
"610","張先生宅","臺北市松山區八德路4段182號","復盛里22~26","87878787轉846",
"611","敦化國中701教室","南京東路3段300號1樓","中正里1~5","87717890轉51",
"612","敦化國中702教室","南京東路3段300號1樓","中正里6~13","87717890轉51",
"613","敦化國中703教室","南京東路3段300號1樓","中正里14~21","87717890轉51",
"614","敦化國中704教室","南京東路3段300號1樓","中正里22~28","87717890轉51",
"615","敦化國中705教室","南京東路3段300號1樓","中正里29~34","中正里全里","87717890轉51",
"616","張先生宅","八德路2段366巷17號","中崙里1~9","中崙里全里","27719791",
"617","周先生宅","八德路2段366巷22號","中崙里10~18","0933092641",
"618","育達商職105教室","寧安街12號","美仁里1~6","美仁里全里","25706767轉402",
"619","育達商職106教室","寧安街12號","美仁里7~11","25706767轉402",
"620","華南社區中庭(1)","延吉街46巷8號旁","吉仁里1~7",""25787714.25792333"",
"621","華南社區中庭(2)","延吉街46巷3號旁","吉仁里8~16","吉仁里全里",""25787714.25792333"",
"622","陳先生車庫","市民大道4段臨119號(八德路3段8巷底)","敦化里1~7、12~13","25778430",
"623","馨兒園幼兒園","八德路3段12巷60號","敦化里8~11、20~24","敦化里全里","25775928",
"624","卡兒堡幼兒園","八德路12巷57弄39號","敦化里16、25~28、30","25784555",
"625","慈賢宮","八德路3段74巷14弄18號","敦化里14~15、17~19、29",""25784076 0910215841"",
"626","聖若瑟天主堂","八德路3段158巷22號1樓","復源里1~2、5、11~14","復源里全里","25775286.","0932318680",
"627","美仁浸信會","八德路3段106巷106號1樓","復源里3~4、6~10","25792065",
"628","門諾會光復教會","光復南路46巷1之2號","復建里1~2、5、7、9",""25782238"",
"629","復建區民活動中心","八德路3段158巷7弄20號","復建里6、11、12、14","復建里全里","25779061",
"630","台北蒙恩堂","光復南路32巷3號","復建里3、4、8、10、13","25700564",
"631","育達商職107教室","寧安街12號","復勢里1~6","25706767轉402",
"632","育達大學臺北推廣教育中心H112多功能會議中心","南京東路4段120巷27號","復勢里7~11","25706949轉1121",
"633","法光寺","光復北路60巷20號","復勢里12~15","復勢里全里","25791940",
"634","博仁社區健康中心","光復北路82號","復勢里16~21","25786677轉2229",
"635","中崙教會教育館","敦化南路1段80巷36號","福成里1~5","福成里全里","27216181",
"636","財團法人臺北市中崙福成宮","市民大道4段71號","福成里6~10","27516796",
"637","忠駝國宅乙區管理委員會","基隆路1段364巷10號1樓","西村里1-8","27223249",
"638","西村區民活動中心","基隆路1段364巷22號1樓","西村里9-18","西村里全里","27586396",
"639","忠駝國宅丙區管理委員會","基隆路1段364巷26號1樓","西村19-28","27237030",
"640","正和區民活動中心〈左邊〉","仁愛路4段452巷3號","正和里1-7,10-12","正和里全里","27239777-812",
"641","正和區民活動中心〈右邊〉","仁愛路4段452巷3號","正和里8,13-14,16-17,19-20,25","27239777-812",
"642","基督教信義堂","光復南路443巷9號","正和里9,15,18,21-24","27299580",
"643","興隆整宅管委會","興隆里基隆路1段350-48號","興隆里1-7","27206149",
"644","臺北市議會後門","興隆里仁愛路4段507號(松高路門口)","興隆里8-15","興隆里全里","27297708",
"645","三興國小資源教室〈一〉","基隆路2段99號","中興里1-7","27364687",
"646","三興國小資源教室〈二〉","基隆路2段99號","中興里8-14","中興里全里","27364687",
"647","松山高中1年15班教室","基隆路1段156號","新仁里1-9","27535968",
"648","松山高中1年16班教室","基隆路1段156號","新仁里10-21","新仁里全里","27535968",
"649","市府捷運大廈前空地","忠孝東路5段45號1樓","興雅里1-8","興雅里全里","27665664",
"650","興雅區民活動中心〈左側〉","松隆路36號3樓","興雅里9-14","27239777-812",
"651","興雅區民活動中心〈右側〉","松隆路36號3樓","興雅里15-21","2723977-812",
"652","興雅區民活動中心閱覽室","松隆路36號3樓","興雅里22-28","27239777-812",
"653","松山高中1年12班教室","基隆路1段156號","敦厚里1-6","27686822",
"654","松山高中1年13班教室","基隆路1段156號","敦厚里7-14","27686822",
"655","松山高中1年14班教室","基隆路1段156號","敦厚里15-22","敦厚里全里","27686822",
"656","松山工農勤業樓2樓201教室","忠孝東路5段236巷15號","廣居里1-5","27226616-612",
"657","松山工農勤業樓2樓202教室","忠孝東路5段236巷15號","廣居里6-12","廣居里全里","27226616-612",
"658","松山工農勤業樓2樓204教室","忠孝東路5段236巷15號","廣居里13-18","27226616-612",
"659","松山工農勤業樓2樓205教室","忠孝東路5段236巷15號","廣居里19-23","27226616-612",
"660","松山工農勤業樓2樓207教室","忠孝東路5段236巷15號","廣居里24-29","27226616-612",
"661","興雅國中7年2班教室","松德路168巷15號","安康里1-5","安康里全里","27232771-50",
"662","興雅國中7年3班教室","松德路168巷15號","安康里6-10","27232771-50",
"663","興雅國中7年4班教室","松德路168巷15號","安康里11-15","27232771-50",
"664","興雅國中數學教室","松德路168巷15號","安康里16-20","27232771-50",
"665","興雅國中8年4班教室","松德路168巷15號","安康里21-26","27232771-50",
"666","興雅國中8年3班教室","松德路168巷15號","安康里27-28","27232771-50",
"667","興雅國中8年2班教室","松德路168巷15號","安康里29-33","27232771-50",
"668","境靈廟對面空地","永吉路180巷30弄1號","六藝里1-8","六藝里全里","0911992333",
"669","里民活動場所","永吉路180巷30號","六藝里9-14","27614726",
"670","興雅國小103教室","基隆路1段83巷9號","雅祥里1-6","雅祥里全里","27616071",
"671","興雅國小104教室","基隆路1段83巷9號","雅祥里7-12","27616071",
"672","興雅國小生活教室1","基隆路1段83巷9號","雅祥里13-20","27616071",
"673","永吉國中8年12班教室","松隆路161號","五常里1-8","五常里全里","27649066-125",
"674","永吉國中多功能教室","松隆路161號","五常里9-15","27649066-125",
"675","璞真建設股份有限公司〈空屋〉","永吉路200巷11弄9號","五全里1-7","五全里全里","0963352539",
"676","五全里里民活動場所","永吉路278巷1弄13號","五全里8-14","27620007",
"677","基督教宣道會松山堂福群幼稚園","永吉路278巷37弄18號","五全里15-22","27652064-10",
"678","松山進安宮活動中心","永吉路517巷8弄12-1號","永吉里1-4","永吉里全里","27614286",
"679","松山進安宮圖書室","永吉路517巷8弄12-2號","永吉里5-10","27614286",
"680","松山進安宮會議室","永吉路517巷8弄12-3號","永吉里11-17","27614286",
"681","永春區民活動中心","松山路294號4樓","長春里1-5,10","長春里全里","0963352553",
"682","松山福音堂","虎林街108巷42號","長春里7,11~15,18~19","27676469",
"683","里民活動場所","虎林街88巷64號","長春里6,8~9,16~17,20~21","27609087",
"684","永吉國中8年1班教室","松隆路161號","四育里1-5","27649066",
"685","永吉國中8年2班教室","松隆路161號","四育里6-10,18","四育里全里","27649066",
"686","永吉國中8年3班教室","松隆路161號","四育里11-14","27649066",
"687","永吉國中教師會","松隆路161號","四育里15-17,19-20","27649066",
"688","永春國小109教室","松山路225巷48號","四維里1,16-20","四維里全里","27641314",
"689","永春國小110教室","松山路225巷48號","四維里2-4,11","27641314",
"690","永春國小111教室","松山路225巷48號","四維里5-10","27641314",
"691","永春國小112教室","松山路225巷48號","四維里12-15","27641314",
"692","永吉國小115教室","松山路287巷5號","永春里1-5","永春里全里","87858111",
"693","永吉國小116教室","松山路287巷5號","永春里6-10","87858111",
"694","永吉國小117教室","松山路287巷5號","永春里11-16","87858111",
"695","永吉國小118教室","松山路287巷5號","永春里17-22","87858111",
"696","聯勤富台新城自治會","忠孝東路5段295巷3號","富台里2,4-5,7,13","27603843",
"697","救總台北兒童福利中心A棟穿堂","虎林街120巷270號","富台里6,8,14-16","富台里全里","27679264",
"698","救總台北兒童福利中心B棟101教室前空地","虎林街120巷270號","富台里1,3,9-12,17","27679264",
"699","興雅國中9年4班教室","松德路168巷15號","國業里2-5","27232771",
"700","興雅國中9年3班教室","松德路168巷15號","國業里7-12","27232771",
"701","興雅國中9年2班教室","松德路168巷15號","國業里13-18","27232771",
"702","興雅國中3101健體教室","松德路168巷15號","國業里19-24","27232771",
"703","興雅國中縫紉教室","松德路168巷15號","國業里1,6,25-28","國業里全里","27232771",
"704","松山家商視聽教室","松山路655號","松隆里2-7","27261118",
"705","松山家商交通隊器材室","松山路655號","松隆里1,8-12","松隆里全里","27261118",
"706","松山家商廣設大樓212教室","松山路655號","松友里1-5","松友里全里","27261118",
"707","松山家商廣設大樓111教室","松山路655號","松友里6-10","27261118",
"708","松山家商廣設大樓112教室","松山路655號","松友里11-16","27261118",
"709","松山家商廣設大樓113教室","松山路655號","松友里17-21","27261118",
"710","松山家商廣設大樓213教室","松山路655號2樓","松光里2-9","27261118",
"711","松山家商廣設大樓312教室","松山路655號2樓","松光里10-16","松光里全里","27261118",
"712","松山家商廣設大樓313教室","松山路655號2樓","松光里1,17-23","27261118",
"713","瑠公國中812教室","福德街221巷15號","中坡里1-4","中坡里全里","27261481-400",
"714","瑠公國中811教室","福德街221巷15號","中坡里5-8","27261481-400",
"715","瑠公國中810教室","福德街221巷15號","中坡里9-12","27261481-400",
"716","瑠公國中809教室","福德街221巷15號","中坡里13-16","27261481-400",
"717","福德國小五福樓505知動教室1","福德街253號","中行里1-6","27277992",
"718","福德國小五福樓505知動教室2","福德街253號","中行里7-13","27277992",
"719","福德國小四維樓穿堂〈前〉","福德街253號","中行里14-20","中行里全里","27277992",
"720","福德國小四維樓穿堂〈後〉","福德街253號","中行里21-26","27277992",
"721","福德國小四維樓1樓教師會","福德街253號","中行里27-32","27277992",
"722","協和工商協和大樓第105教室","忠孝東路5段790巷27號","大道里6-10","27265775",
"723","協和工商協和大樓第106教室","忠孝東路5段790巷27號","大道里16-20,22","27265775",
"724","協和工商協和大樓第107教室","忠孝東路5段790巷27號","大道里1,11-14","大道里全里","27265775",
"725","協和工商協和大樓第108教室","忠孝東路5段790巷27號","大道里2-5,15,21","27265775",
"726","松山家商314教室","松山路655號2樓","大仁里15-20,28","27261118",
"727","松山家商315教室","松山路655號2樓","大仁里7-14","27261118",
"728","大仁里里民活動場所","林口街80巷8號","大仁里1-6,21-27","大仁里全里","87261376",
"729","信義國小115教室","松勤街60號","景新里1-7","27204005",
"730","信義國小117教室","松勤街60號","景新里8-13","27204005",
"731","信義國小119教室","松勤街60號","景新里14-20","景新里全里","27204005",
"732","吳興國小吳興1班教室","松仁路226號","惠安里1-6","惠安里全里","27200226",
"733","吳興國小吳興2班教室","松仁路226號","惠安里7-12","27200226",
"734","吳興國小吳興3班教室","松仁路226號","惠安里13-16,26-28","27200226",
"735","吳興國小課輔辦公室","松仁路226號","惠安里17-25","27200226",
"736","信義國中活動中心會議室〈一〉","松仁路158巷1號","三張里2-3,8-13","27236771",
"737","信義國中生活科技教室〈一〉","松仁路158巷1號","三張里16-21","27236771",
"738","信義國中8年1班教室","松仁路158巷1號","三張里25-30","27236771",
"739","信義國中9年15班教室","松仁路158巷1號","三張里6,22-24,34","三張里全里","27236771",
"740","信義國中7年14班教室","松仁路158巷1號","三張里31-33,35-36","27236771",
"741","吳興國小2年1班教室","松仁路226號","三張里1,4-5,7,14-15","27200226",
"742","吳興國小多功能教室1","松仁路226號","三犁里1-9","27200226",
"743","吳興國小多功能教室2","松仁路226號","三犁里10-15","三犁里全里","27200226",
"744","吳興國小6年9班教室","松仁路226號","三犁里16-23","27200226",
"745","吳興國小1年1班教室","松仁路226號","六合里1-7,35","27200226",
"746","吳興國小1年2班教室","松仁路226號","六合里8-14","27200226",
"747","吳興國小1年3班教室","松仁路226號","六合里15-24","六合里全里","27200226",
"748","松山工農園藝科實習農場101綜合教室","吳興街600巷107號之1","六合里25-34","27224771",
"749","吳興國小2年2班教室","松仁路226號","泰和里1-6","27200226",
"750","吳興國小2年3班教室","松仁路226號","泰和里7-14","27200226",
"751","吳興國小2年4班教室","松仁路226號","泰和里15-20","27200226",
"752","吳興國小特教班知動室","松仁路226號","泰和里21-24","27200226",
"753","吳興國小5年8班教室","松仁路226號","泰和里25-29","泰和里全里","27200226",
"754","三興國小資源三教室","基隆路2段99號","景聯里1-8","景聯里全里","27364687",
"755","三興國小1年1班教室","基隆路2段99號","景聯里9-16","27364687",
"756","三興國小1年2班教室","基隆路2段99號","景聯里17-26","27364687",
"757","三興國小1年3班教室","基隆路2段99號","景勤里1-5","27386488",
"758","三興國小1年4班教室","基隆路2段99號","景勤里6-11","27385488",
"759","三興國小樂活教室","基隆路2段99號","景勤里12-16","景勤里全里","27364687",
"760","雙和里里民活動場所","吳興街284巷24弄16號1樓","雙和里14-21","雙和里全里","23770917",
"761","雙和社區發展協會","吳興街284巷24弄12號1樓","雙和里4-6,11-13","23781447",
"762","廣安宮","吳興街284巷30弄47號1樓","雙和里7-10,24","27371489",
"763","台北醫學大學8101教室","吳興街250號","雙和里1-3,22-23","27361161-2310",
"764","三興國小廚房旁穿堂","基隆路2段99號","嘉興里1-9","嘉興里全里","27364687",
"765","三興國小環境教育教室","基隆路2段99號","嘉興里10-17","27364687",
"766","喬治高職浩然樓〈一〉教室","基隆路2段155號","黎順里1-7","黎順里全里","27386515",
"767","喬治高職浩然樓〈二〉","基隆路2段155號","黎順里8-14","27386515",
"768","喬治高職浩然樓2樓電梯大廳","基隆路2段155號","黎順里15-20","27386515",
"769","安順宮","嘉興街317號旁","黎平里1-6","27352607",
"770","安順宮旁空地","嘉興街315號旁","黎平里7-12","黎平里全里","27336243",
"771","福德爺宮","崇德街132號旁","黎平里13-18","27322504",
"772","福德爺宮旁空地","崇德街132號旁","黎平里19-24","27322504",
"773","黎忠區民活動中心研習教室","和平東路3段391巷16號2樓","黎忠里1-7","27331469",
"774","黎忠區民活動中心會議室〈前〉","和平東路3段391巷16號2樓","黎忠里8-14","黎忠里全里","27331469",
"775","黎忠區民活動中心會議室〈後〉","和平東路3段391巷16號2樓","黎忠里15-19","27331469",
"776","大我新莊聯勤202廠退員宿舍大智樓1樓文康室","和平東路3段555巷8號1樓","黎安里1-2,7-11","黎安里全里","27382410",
"777","國防部大我新舍自治會大義樓中山室","和平東路3段599號","黎安里3-6","27335790",
"778","正守里固定里民活動場所","市民大道2段67巷26號１樓","正守里1-7","正守里全里","0972-295601",
"779","林森區民活動中心","林森北路67巷7號1樓","正守里8-13","0988-179764",
"780","正義里固定里民活動場所","林森北路133巷78號","正義里8,9,11,13,17","0972-295602",
"781","環保局中正區清潔隊(忠孝分隊)","長安東路1段89號","正義里1-6","25817314",
"782","黃秀莊先生宅","林森北路145巷45號","正義里7,10,12,14-16","正義里全里","25116670",
"783","中山基督長老教會","林森北路62號","正得里1-7,10","25518480#117",
"784","臺北會幕堂","中山北路1段105巷19號","正得里8-9,11-16","正得里全里","25712150",
"785","民安區民活動中心","長安西路3號3樓","民安里1-8","25031369#529",
"786","中山區市民運動中心(1樓)","中山北路2段44巷2號1樓","民安里9-14","民安里全里","0972-295604",
"787","捷運工程局行政大樓(1樓)","中山北路2段48巷7號1樓","民安里15-21","25215550",
"788","公理堂","中山北路2段45巷39號","康樂里1-6","25118023",
"789","康樂區民活動中心(教室A)","南京東路1段35號(林森公園內)","康樂里7-16","康樂里全里","0972-295605",
"790","中山區民活動中心(A室)","中山北路2段59巷21號2樓","中山里1-5","0972-295606",
"791","中山區民活動中心(B室)","中山北路2段59巷21號2樓","中山里6-12","0972-295606",
"792","中山區民活動中心(D室)","中山北路2段59巷21號2樓","中山里13-18","0972-295606",
"793","新福宮","新生北路2段62巷35號","中山里19-26","中山里全里","25631982",
"794","原菸酒公賣局中山配銷處(一)","民生東路1段21號","聚盛里1-6","聚盛里全里","0972-295607",
"795","原菸酒公賣局中山配銷處(二)","民生東路1段21號","聚盛里7-13","0972-295607",
"796","原菸酒公賣局中山配銷處(三)","民生東路1段21號","聚盛里14-17","0972-295607",
"797","文昌宮守望相助隊協勤中心","民生西路45巷7弄20號","集英里1-7","25210366",
"798","九府仙師廟","民權西路70巷33號","集英里8-13","25317349",
"799","圓明宮","中山北路2段128巷3之2號","集英里14-20","25610023",
"800","崇德宮","撫順街41巷臨2之10號","集英里21-24","集英里全里","25966402",
"801","新興國中會議室(一)","林森北路511號","聚葉里1-8","25714211",
"802","新興國中會議室(二)","林森北路511號","聚葉里9-19","聚葉里全里","25714211",
"803","中山國小(4年5班)","民權東路1段69號","恆安里1-6","25914085",
"804","中山國小(4年4班)","民權東路1段69號","恆安里7-10","25914085",
"805","中山國小(4年3班)","民權東路1段69號","恆安里11-15","恆安里全里","25914085",
"806","中山國小(4年2班)","民權東路1段69號","晴光里1-5","晴光里全里","25914085",
"807","中山國小(4年1班)","民權東路1段69號","晴光里6-10","25914085",
"808","中山國小(6年1班)","民權東路1段69號","晴光里11-15","25914085",
"809","中山國小(2年1班)","民權東路1段69號","圓山里1-4","25914085",
"810","中山國小(2年2班)","民權東路1段69號","圓山里5-9","圓山里全里","25914085",
"811","中山國小(2年3班)","民權東路1段69號","圓山里10-15","25914085",
"812","私立稻江護家(312教室)","新生北路3段55號","新庄里1-6","新庄里全里","25955161",
"813","私立稻江護家(211教室)","新生北路3段55號","新庄里7-14","25955161",
"814","私立稻江護家(212教室)","新生北路3段55號","新庄里15-21","25955161",
"815","崇實區民活動中心1樓閱覽室","通北街143號1樓","劍潭里1-11","25335530",
"816","圓山新城社區管理委員會(B1)","通北街65巷2弄2號B1","劍潭里12-22","劍潭里全里","25335530",
"817","大直國小(1年1班C103)","大直街2號","大直里1-8","大直里全里","25333953",
"818","大直國小(1年2班C104)","大直街2號","大直里9-14","25333953",
"819","大直國小(1年3班C105)","大直街2號","大直里15-21","25333953",
"820","大直國小(1年4班C106)","大直街2號","大直里22-29","25333953",
"821","大直國小(多功能教室C107)","大直街2號","大直里30-35","25333953",
"822","永安國小(地下1樓餐廳右側)","明水路397巷19弄1號","成功里1-7","25335672",
"823","永安國小(地下1樓餐廳左側)","明水路397巷19弄1號","成功里8-12","25335672",
"824","永安國小(地下1樓體育空間)","明水路397巷19弄1號","成功里13-15","成功里全里","25335672",
"825","永安國小(地下1樓幼稚園餐廳右側)","明水路397巷19弄1號","成功里16-21","25335672",
"826","永安國小(1樓多用途空間134室)","明水路397巷19弄1號","永安里1-7","25335672",
"827","永安國小(地下1樓知動室B135)","明水路397巷19弄1號","永安里8-13","25335672",
"828","永安國小(地下1樓教具室B136)","明水路397巷19弄1號","永安里14-19","25335672",
"829","永安國小(地下1樓科任教室B138)","明水路397巷19弄1號","永安里20-26","25335672",
"830","永安國小(地下1樓幼稚園餐廳左側)","明水路397巷19弄1號","永安里27-34","永安里全里","25335672",
"831","濱江國中(生活輔導室H1112)","樂群二路262號","金泰里1-4","85020126",
"832","濱江國中(多功能教室H1201)","樂群二路262號","金泰里5-8","85020126",
"833","濱江國中(多功能教室H1203)","樂群二路262號","金泰里9-12","金泰里全里","85020126",
"834","濱江國中(多功能教室H1206)","樂群二路262號","金泰里13-14","85020126",
"835","北安區民活動中心","北安路７５９巷６號１樓","北安里1-5","85098032",
"836","劍潭古寺","北安路８０５巷６號","北安里6-12","北安里全里","25323834",
"837","私立稻江護家(313教室)","新生北路３段５５號","新喜里1-7","25955161",
"838","私立稻江護家(314教室)","新生北路３段５５號","新喜里8-13","25955161",
"839","私立稻江護家(315教室)","新生北路３段５５號","新喜里14-20","新喜里全里","25955161",
"840","花國鮮花禮品行","松江路402巷8弄6號","新福里1-7","25856666",
"841","聖道明教會","吉林路378號","新福里8-14","25942294",
"842","亞都麗緻飯店(會議室)","新生北路3段3巷55號","新福里15-20","新福里全里","25971234",
"843","雙境廟","松江路235巷22號","松江里1-3,11-12","25024366",
"844","康寧大廈(南側川廊)","松江路287號","松江里4-9","0933-869000",
"845","康寧大廈(北側川廊)","松江路293號","松江里10,13-16,19","0933-869000",
"846","胡世芳車庫","建國北路2段258巷15號","松江里17-18,20-23","松江里全里","25023702",
"847","正光幼稚園","松江路362巷15號","新生里1-8","25373839",
"848","沈剛宅","民權東路2段92巷2弄16號","新生里9-15","新生里全里","0972-295622",
"849","新生里固定里民活動場所","新生北路2段133巷45號1樓","新生里16-22","25114752",
"850","新生幼稚園","新生北路2段125號","中庄里1-8","25414534",
"851","福德宮","吉林路236巷33號","中庄里9-15","0972-295622",
"852","松江市場旁車庫","錦州街222號","中庄里16-21","中庄里全里","25114752",
"853","正強汽車公司","濱江街182號","大佳里1-8","大佳里全里","25038212",
"854","永裕鋼鐵大樓1樓","農安街200號","行政里1-4,17,19","25174855",
"855","行政里固定里民活動場所","民權東路2段135巷20弄7號","行政里5-10","25174855",
"856","行天宮附設玄空圖書館松江分館(停車場)","松江路359號","行政里11-16,18","行政里全里","25174855",
"857","五常國小(119教室)","五常街16號","行仁里1-6","25023416",
"858","五常國小(1年1班)","五常街16號","行仁里7-12","行仁里全里","25023416",
"859","五常國小(1年2班)","五常街16號","行仁里13-18","25023416",
"860","五常國小(1年3班)","五常街16號","行仁里19-24","25023416",
"861","五常國小(1年4班)","五常街16號","行仁里25-31","25023416",
"862","五常國小(1年5班)","五常街16號","行孝里1-6","25023416",
"863","五常國小(1年6班)","五常街16號","行孝里7-11","行孝里全里","25023416",
"864","五常國小(1年7班)","五常街16號","行孝里12-16","25023416",
"865","五常國中(9年2班)","復興北路430巷1號","下埤里1-5","25014320",
"866","五常國中(交通安全資料室)","復興北路430巷1號","下埤里6-10","25014320",
"867","五常國中(童軍教室一)","復興北路430巷1號","下埤里11-15","25014320",
"868","五常國中(資源教室一)","復興北路430巷1號","下埤里16-21","下埤里全里","25014320",
"869","松花區民活動中心(大門右側)","合江街137號4樓","江寧里1-7","江寧里全里","0972-295628",
"870","松花區民活動中心(大門左側)","合江街137號4樓","江寧里8-14","972295628",
"871","五常國中(電腦教室二)","復興北路430巷1號","江寧里15-19","25014320",
"872","五常國中(展覽室)","復興北路430巷1號","江寧里20-24","25014320",
"873","臺北大學(教學大樓201教室)","民生東路3段67號","江山里1-6","25024654#18256",
"874","臺北大學(教學大樓202教室)","民生東路3段67號","江山里7-9,11-13","25024654#18256",
"875","臺北大學(教學大樓210教室)","民生東路3段67號","江山里14-19","25024654#18256",
"876","臺北大學(教學大樓211教室)","民生東路3段67號","江山里20-26,10","江山里全里","25024654#18256",
"877","吉林國小(1年1班)","長春路116號","中吉里1-7,24","中吉里全里","25219196",
"878","吉林國小(1年2班)","長春路116號","中吉里8-15","25219196",
"879","吉林國小(1年3班)","長春路116號","中吉里16-23","25219196",
"880","吉林國小(1年4班)","長春路116號","中原里1-7","中原里全里","25219196",
"881","吉林國小(1年5班)","長春路116號","中原里8-12","25219196",
"882","吉林國小(1年6班)","長春路116號","中原里13-18","25219196",
"883","興亞區民活動中心","松江路26巷18號","興亞里1-7,10","0972-295632",
"884","長安國中(特教班教室)","松江路70巷11號","興亞里8-9,11-17","25112382",
"885","長安國小(社團教室)","吉林路15號","興亞里18-24","興亞里全里","25617600",
"886","長春國小(1年2班)","長春路165號","中央里1-9","中央里全里","25024366",
"887","長春國小(1年3班)","長春路165號","中央里10-17","25024366",
"888","長春國小(1年4班)","長春路165號","朱馥里1-10,12","朱馥里全里","25024366",
"889","長春國小(1年5班)","長春路165號","朱馥里11,13-19","25024366",
"890","長春國小(閱讀教室)","長春路165號","朱馥里20-27","25024366",
"891","興安社區南區警衛室","復興北路190巷25號","龍洲里1-3,5,7-9","25046287",
"892","龍洲里固定里民活動場所","興安街61號","龍洲里4,6,10-12,24-28","龍洲里全里","25172138",
"893","興安華城北區管理委員會","民生東路3段88巷2號","龍洲里13-23","25061266",
"894","禾琚建設1樓","建國北路1段150號","朱園里1-4,8-10","朱園里全里","25172777",
"895","五福財神爺廟旁(活動中心)","建國北路1段50巷31號對面(伊通街口)","朱園里5-7,11-15","27711931",
"896","台北啤酒工場(辦公大樓1樓)","八德路2段85號","朱園里16-17,19-23","27711931",
"897","懷生國小(視聽教室)","安東街16巷2號","埤頭里1-7","埤頭里全里","27710846#510",
"898","懷生國小(快活教室)","安東街16巷2號","埤頭里8-17","27710846#510",
"899","朱崙區民活動中心(前段)","龍江路15號3樓","朱崙里1-8,12","朱崙里全里","27815504",
"900","朱崙區民活動中心(後段)","龍江路15號3樓","朱崙里9-11,13-16","27815504",
"901","中興中學(107教室)","朱崙街42號","力行里1-4,7-10,15","力行里全里","27412335",
"902","中正國小(A102教室)","龍江路62號","力行里5,11-14,16-20","25070932#105",
"903","中正國小(D106教室)","龍江路62號","力行里6,21-30","25070932#105",
"904","生命堂","龍江路135號","復華里1-9","復華里全里","27136928",
"905","如意新村","南京東路3段89巷5弄1號","復華里10-16","0936-731386",
"906","育航幼兒園","長春路256號","復華里17-24","25178372",
"907","忠孝國中書香閣(圖書館)","西寧北路32號","玉泉里1-6","玉泉里全里","25524890",
"908","忠孝國中父母成長教室","西寧北路32號","玉泉里7-15","25524890",
"909","北門教會","長安西路78巷3弄5號","建明里1-6,8,11,19-26","建明里全里","25554483","0933903328",
"910","普濟寺","華陰街100號","建明里7,9-10,12-18","25587046","0952416598",
"911","日新國小一年一班教室","太原路151號","建功里2,4,8-9,11,14","建功里全里","25584819",
"912","日新國小一年二班教室","太原路151號","建功里16-22","25584819",
"913","臺北圓環保庇館","南京西路284-1號","建功里1,3,5-7,10,12-13,15","25588793",
"914","建成國中家長會","長安西路37號之1","建泰里1-11","建泰里全里","25562352",
"915","建成國中版畫教室","長安西路37號之1","建泰里12-19","25562352",
"916","李春生紀念基督長老教會","貴德街44號1樓","永樂里20-25,13,19","25580753",
"917","永樂市場2樓(展覽室)","迪化街1段21號2樓","永樂里1-5,8-9,11,16","永樂里全里","0939879287",
"918","永樂市場1樓電梯旁(民樂街63號對面)","迪化街1段21號1樓","永樂里6-7,10,12,14-15,17-18","25507306",
"919","福興宮","南京西路167巷33號","朝陽里4,7,8,9,11,15","25594808",
"920","皇家季節酒店(後方停車場)","南京西路326號","朝陽里1,2,3,5,6","朝陽里全里","25586488",
"921","有記茶行","重慶北路2段64巷26號","朝陽里10,12,13,14,16,17","25559164",
"922","日新國小一年三班教室","太原路151號","星明里1-2,4-7","25584819",
"923","日新國小六年一班教室","太原路151號","星明里3,8,12,15,17","25584819",
"924","日新國小專科教室(三)","太原路151號","星明里9,16,18-21","25584819",
"925","日新國小多功能教室","太原路151號","星明里10-11,13-14","星明里全里","25584819",
"926","北玄宮","赤峰街53巷10號","光能里2,4,13-14,17-18","光能里全里",""259722510910221809"",
"927","聖觀寺","赤峰街33巷1號","光能里5-6,10,12,15-16,19","25588066",
"928","民宅(承德路2段75巷38號1樓)","承德路2段75巷38號1樓","光能里1,3,7-9,11","25567409",
"929","永樂國小B105教室","延平北路2段266號","大有里1-3,5-8","25534882#131",
"930","永樂國小B103教室","延平北路2段266號","大有里9-15","25534882#131",
"931","永樂國小A103家長會長辦公室","延平北路2段266號","大有里4,16-19","大有里全里","25534882#131",
"932","太平國小6年2班教室","延平北路2段239號","延平里1,3-8","25532229",
"933","台北市至善堂","保安街49巷16號","延平里9-13","延平里全里","25570903",
"934","延平區民活動中心(請由民生西路派出所進出)","保安街47號之1(3樓)","延平里2,14-18","25975323",
"935","雙蓮國小513教室","錦西街51號","雙連里19,21-25","25570309",
"936","雙蓮國小515教室","錦西街51號","雙連里26-31","25570309",
"937","成淵高中勵志樓高一1教室","承德路2段235號","雙連里1,3-7,32","25531969",
"938","成淵高中勵志樓高一5教室","承德路2段235號","雙連里14-18,20","25531969",
"939","雙連區民活動中心","萬全街42號","雙連里2,8-13","雙連里全里","25975323",
"940","太平國小2年2班教室","延平北路2段239號","南芳里2-6","25532229",
"941","永樂國小C101教室","延平北路2段266號","南芳里1,12-16","25534882#131",
"942","太平國小2年1班","延平北路2段239號","南芳里7-11","南芳里全里","25532229",
"943","雙蓮國小212教室","錦西街51號","民權里1-6","25570309",
"944","雙蓮國小214教室","錦西街51號","民權里7-12","25570309",
"945","雙蓮國小216教室","錦西街51號","民權里13-16,18","25570309",
"946","雙蓮國小315教室","錦西街51號","民權里17,19-25","民權里全里","25570309",
"947","大橋教會","迪化街二段65號","景星里2-5,7-10","25974784",
"948","臺北橋區民活動中心","迪化街1段374號2樓","景星里1,6,11-15","景星里全里","25975323",
"949","延平國小A109教室","昌吉街97號","隆和里2-3,8,10-11,13-15,17-18","隆和里全里","25942439",
"950","大橋國小515辦公室","重慶北路3段2號","隆和里1,4-7,9,12,16,19","25944413#145",
"951","大同國小102教室","大龍街51號","蓬萊里1-7","25965407",
"952","大同國小104教室","大龍街51號","蓬萊里15-22","蓬萊里全里","25965407",
"953","大同國小106教室","大龍街51號","蓬萊里8-14","25965407",
"954","廣信府","昌吉街131巷1號","國順里1-4,12-15","國順里全里","0932023168",
"955","全聯計程車行","迪化街2段151號","國順里5-11","25868859",
"956","延平國小A101教室","昌吉街97號","國慶里1-8","25942439",
"957","延平國小A104教室","昌吉街97號","國慶里9-12","25942439",
"958","延平國小A106教室","昌吉街97號","國慶里13-18","國慶里全里","25942439",
"959","揚雅里民活動場所北側","重慶北路3段113巷30弄1號","揚雅里1-3,12-16","0928271908",
"960","揚雅里民活動場所南側","重慶北路3段113巷30弄1號","揚雅里4-11","揚雅里全里","0928271908",
"961","蘭州公寓大廈管理委員會(國宅西側地下室)","大龍街89巷15號","斯文里1-8","斯文里全里","0932307524",
"962","蘭州公寓大廈管理委員會(國宅東側地下室)","大龍街89巷15號","斯文里12-17","0932307524",
"963","達伸汽車有限公司","民族西路128號","斯文里9-11,18-21","25852271",
"964","王氏太原堂(中庭)","迪化街2段243巷2號","鄰江里1-3,16-18","25945355",
"965","王氏太原堂幼稚園多元視聽教室","迪化街2段243巷2號",""鄰江里 11,13-15,20-22"","鄰江里全里","25945355",
"966","王氏太原堂幼稚園A教室(由後門進入)","迪化街二段243巷2號(重慶北路3段252巷)","鄰江里12,19,23-29","25945355",
"967","福圓宮","民族西路303巷9號","鄰江里4-10","25967660",
"968","蘭州國中英語教室","大龍街187巷1號","至聖里1-7","25918269",
"969","蘭州國中生活教育室","大龍街187巷1號","至聖里8-13","至聖里全里","25918269",
"970","蘭州國中9年3班教室","大龍街187巷1號","至聖里14-20","25918269",
"971","蘭州國中9年1班教室","大龍街187巷1號","至聖里21-27","25918269",
"972","蘭州國中資源教室(一)","大龍街187巷1號","至聖里28-33","25918269",
"973","啟聰學校國小仁班","重慶北路3段320號","老師里1-3,5-6","25924446#311",
"974","啟聰學校國小忠班","重慶北路3段320號","老師里7-10,18-20","25924446#311",
"975","老師區民活動中心","敦煌路160之2號","老師里11,13-15,17","25975323",
"976","慶昌區民活動中心","敦煌路臨159號","老師里4,12,16,21-22","老師里全里","25975323",
"977","大龍國小自然教室(一)","哈密街47號","重慶里1-5,11","25942635#835",
"978","重慶國中八年一班","敦煌路19號","重慶里6,9-10,15-17","25948631",
"979","重慶國中八年三班","敦煌路19號","重慶里8,14,18,21-23","重慶里全里","25948631",
"980","重慶國中八年十班","敦煌路19號","重慶里7,12-13,19-20","25948631",
"981","大龍國小社會教室(一)","哈密街47號","保安里1-4,9-10","保安里全里","25942635#835",
"982","大龍國小社會教室(三)","哈密街47號","保安里5,8,11-13,15","25942635#835",
"983","大龍國小英語教室(四)","哈密街47號","保安里6-7,14,16-17","25942635#835",
"984","水源區民活動中心(前段)","羅斯福路4段92號4樓","水源里1-4,6","","23416721轉255",
"985","水源區民活動中心(後段)","羅斯福路4段92號4樓","水源里5,7-10","水源里全里","23416721轉255",
"986","南華高中","汀州路3段58號","富水里1-5,9,10","富水里全里","23686818",
"987","富水區民活動中心","水源路臨28號","富水里6-8,11-12","","23656541",
"988","永興宮","羅斯福路3段210巷12號","文盛里1-5","文盛里全里","23670773",
"989","中華福音神學院會客室","汀州路3段101號","文盛里6-10","","23659151",
"990","螢橋國中會議室","汀州路3段4號","林興里1-7","林興里全里","23688667轉234",
"991","螢橋國中健體教室","汀州路3段4號","林興里8-16","","23688667轉234",
"992","客家主題園區一樓多功能教室","汀州路3段2號","林興里17-21","","23691198轉102",
"993","河堤國小1年1班教室","汀州路2段180號","河堤里1-6","河堤里全里","23677144轉32",
"994","河堤國小1年2班教室","汀州路2段180號","河堤里7-13","","23677144轉32",
"995","河堤國小1年3班教室","汀州路2段180號","河堤里14-19","","23677144轉32",
"996","王貫英先生紀念圖書館（視聽室）","汀州路2段265號","頂東里13-17","","23678734",
"997","十普寺","南昌路2段140號","頂東里8-12","頂東里全里","23653701",
"998","金融研訓院","羅斯福路3段62號","頂東里5-7,18-20,22","","33653604",
"999","保固大樓1樓大廳","羅斯福路3段100號","頂東里1-4,21,23-24","","23679498",
"1000","河堤國小2年1班教室","汀州路2段180號","網溪里8,10,18,21,22","","23677144轉32",
"1001","河堤國小2年2班教室","汀州路2段180號","網溪里2,9,12,17,19,23","","23677144轉32",
"1002","莆仙同鄉會","同安街90號","網溪里1,3,5,11,14,20,24","網溪里全里","23654837",
"1003","河堤國小多功能教室兼會議室","汀洲路2段180號","網溪里4,6,7,13,15,16","","23677561",
"1004","強恕中學禮堂旁停車場","汀州路2段143號","板溪里1-6,8","","23656574",
"1005","強恕中學106教室","汀州路2段143號","板溪里7,9-14","板溪里全里","23656574",
"1006","基督教廈門街浸信會","廈門街81巷20號","螢圃里2-3,9-10,12,14,15,17,18","","23687582轉211",
"1007","通法禪寺","廈門街34巷15號","螢圃里1,4,5,21-26","螢圃里全里","23653573",
"1008","螢橋國小2年2班教室","詔安街29號","螢圃里6-8,11,13,16,19,20","","23054620轉109",
"1009","螢橋國小1年1班教室","詔安街29號","螢雪里1-6","","23054620轉109",
"1010","螢橋國小","1年3班教室","詔安街29號","螢雪里7-12","","23054620轉109",
"1011","螢橋國小","一樓社會一","詔安街29號","螢雪里13-18","螢雪里全里","23054620轉109",
"1012","古亭國中905教室","中華路2段465號","永功里1-7","","23090986轉511",
"1013","古亭國中904教室","中華路2段465號","永功里8-12","永功里全里","23090986轉511",
"1014","古亭國中903教室","中華路2段465號","永功里13-18","","23090986轉511",
"1015","古亭國中902教室","中華路2段465號","永功里19-24","","23090986轉511",
"1016","永昌里里民活動場所","汀州路1段242巷17號","永昌里1-6","","23073916",
"1017","聖維雅納天主堂","詔安街236號","永昌里14-21","","23073916",
"1018","榮美基督教協會","中華路2段441巷10號","永昌里7-13","永昌里全里","23378231",
"1019","國語實驗小學1年5班教室","南海路58號","龍興里1-7,9,12","","23033555轉600",
"1020","國語實驗小學1年7班教室","南海路58號","龍興里8,10,11,13-17","龍興里全里","23033555轉600",
"1021","忠義國小學生家長會辦公室","中華路2段307巷17號","忠勤里1-10","忠勤里全里","23038752",
"1022","忠義國小1年1班教室","中華路2段307巷17號","忠勤里11-20","","23038752",
"1023","忠義國小生活教室","中華路2段307巷17號","忠勤里21-25","","23038752",
"1024","忠義國小2年1班教室","中華路2段307巷17號","忠勤里26-31","","23038752",
"1025","國語實驗小學1年1班教室","南海路58號","廈安里1-5,7","廈安里全里","23033555轉600",
"1026","國語實驗小學1年3班教室","南海路58號","廈安里6,8-11","","23033555轉600",
"1027","南門國小2年甲班教室","廣州街6號","愛國里1-8","愛國里全里","23715052轉401",
"1028","南門國小2年乙班教室","廣州街6號","愛國里9-15","","23715052轉401",
"1029","南門國小1年甲班教室","廣州街6號","南門里1-7,16","","23715052轉401",
"1030","南門國小1年丙班教室","廣州街6號","南門里8-15","南門里全里","23715052轉401",
"1031","建國中學自強樓118教室","南海路56號","龍光里1-8","","23034381轉501",
"1032","建國中學自強樓120教室","南海路56號","龍光里9-14","龍光里全里","23034381轉501",
"1033","南福宮文教活動中心","南昌路2段42巷2號","南福里1-2,5-8","","23975252",
"1034","南福宮","和平西路1段55巷1號","南福里9-12,14","","23975252",
"1035","臺北市立聯合醫院婦幼院區第二醫療大樓","福州街10巷7號","南福里3-4,13,26-29","","23916470",
"1036","臺灣基督長老教會臺北南門教會禮拜堂","重慶南路3段27巷4號","南福里15-20","南福里全里","23411016",
"1037","臺北自來水事業處西區營業分處","牯嶺街38號","南福里21-25","","33431678",
"1038","臺北市立聯合醫院和平院區中正門診部","牯嶺街24號1樓","龍福里1-6","","23215158",
"1039","臺灣菸酒股份有限公司（大禮堂）","南昌路1段4號後門","龍福里7-13","","23214567轉315",
"1040","臺北市中正區健康服務中心會議室","牯嶺街24號4樓","龍福里14-21","龍福里全里","23215158轉262",
"1041","中正國中7年1班教室","愛國東路158號","新營里1-4,10","","23916697轉511",
"1042","中正國中9年15班教室","愛國東路158號","新營里5,8-9,12-13,15","","23916697轉511",
"1043","中正國中9年14班教室","愛國東路158號","新營里6-7,14,17-18","","23916697轉511",
"1044","中正國中9年13班教室","愛國東路158號","新營里11,16,19,21-23","","23916697轉511",
"1045","中正國中9年9班教室","愛國東路158號","新營里20,24-27","新營里全里","23916697轉511",
"1046","衡陽108大樓","衡陽路108號1樓","建國里1-6","建國里全里","23830377",
"1047","臺北市臺灣省城隍廟","武昌街1段14號","光復里4-9","","23615080",
"1048","福星國小藝文空間","中華路1段66號","光復里1-3,11","","23144668",
"1049","福星國小二手書屋","中華路1段66號","光復里10,12-14","光復里全里","23144668",
"1050","曾氏民宅","忠孝西路1段29巷7號","黎明里1-4,11-13","黎明里全里","23610895",
"1051","臺灣土地銀行川堂","館前路46號","黎明里5-10","","23483126",
"1052","梅花區民活動中心","林森北路5巷4號","梅花里2-7,9-11","梅花里全里","23416721轉255",
"1053","忠孝國小會議室","忠孝東路2段101號","梅花里1,8,12-15","","23918170轉814",
"1054","中正公民會館","忠孝東路1段108號8樓","幸福里1-5","幸福里全里","23416721轉255",
"1055","臺北商業大學學生活動中心中正廳前走廊","濟南路1段321號","幸福里6-11","","23226142",
"1056","臺北商業大學行政大樓梯廳","濟南路1段321號","幸福里12-19","","23226142",
"1057","幸市區民活動中心","臨沂街10巷1號","幸市里1-4,6","幸市里全里","23416721轉255",
"1058","停車場","濟南路2段42號","幸市里8,10-11,16-17","","23961266轉1820",
"1059","臺北市家庭暴力暨性侵害防治中心","新生南路1段54巷5弄2號","幸市里5,7,9,12-15","","23961996轉234",
"1060","東門國小1年1班教室","仁愛路1段2之4號","東門里1-5","","23414916",
"1061","東門國小","1年3班教室","仁愛路1段2之4號","東門里6-9","東門里全里","23414916",
"1062","東門國小","1年5班教室","仁愛路1段2之4號","東門里10-16","","23414916",
"1063","私立巨勝幼兒園","金山南路1段67巷8號","文北里2-5,13,18,24-25","文北里全里","23936965",
"1064","文北里里民活動場所","杭州南路1段77巷3號1樓","文北里1,6-12","","23218919",
"1065","臺北市溫州同鄉會","泰安街2巷9號","文北里14-17,19-23,26-27","","23210930",
"1066","金甌女中203教室","杭州南路2段1號","文祥里1-5,14","文祥里全里","23577992",
"1067","金甌女中205教室","杭州南路2段1號","文祥里6,9,10,13,23","","23577992",
"1068","基督教救恩堂","杭州南路1段129號","文祥里17-22","","23216988",
"1069","孫睿亮診所","金山南路1段121號","文祥里7-8,11-12,15,16","","23926233",
"1070","幸安國小學生活動中心(前段)","仁愛路3段22號","三愛里1-5,13-14","","27074191",
"1071","連雲禪苑","連雲街74巷5號","三愛里23-27","","23515258",
"1072","大雄精舍","信義路2段271號","三愛里15-20,22","","23411775",
"1073","東門基督長老教會","仁愛路2段76號","三愛里7-12","三愛里全里","23513589",
"1074","幸安國小學生活動中心(後段)","仁愛路3段22號","三愛里6,21,28-30","","27074191",
"1075","福星國小語言教室","中華路1段66號","福星里1-6","2314-4668轉106",
"1076","福星國小課輔教室A","中華路1段66號","福星里7-14","2314-4668轉106",
"1077","福星國小課輔教室B","中華路1段66號","福星里15-20","福星里全里","2314-4668轉106",
"1078","西門國小2年3班教室","成都路98號","萬壽里1-8","萬壽里全里","23312238",
"1079","西門國小2年2班教室","成都路98號","萬壽里9-13","23312238",
"1080","西門國小1年2班教室","成都路98號","西門里1-7","西門里全里","23312238",
"1081","西門國小1年3班教室","成都路98號","西門里8-16","23312238",
"1082","西門國小2年1班教室","成都路98號","新起里1-7","23312238",
"1083","西門國小5年3班教室","成都路98號","新起里8-12","23312238",
"1084","西門國小5年2班教室","成都路98號","新起里13-19","23312238",
"1085","西門國小5年1班教室","成都路98號","新起里20-25","新起里全里","23312238",
"1086","臺北市義勇消防大隊城中第一分隊","成都路175號","菜園里1,4-8,11,13","23312334",
"1087","新移民會館","長沙街2段171號","菜園里9,10,12,16-19,24","菜園里全里","23701046",
"1088","菜園區民活動中心","環河南路1段臨280之3號","菜園里2-3,14,15,20-23,25","23064468",
"1089","青山區民活動中心","環河南路2段臨5之1號","青山里1-7,11,12","23064468",
"1090","龍山國小本土語教室1","和平西路3段235號","青山里8-10,13-16,18","青山里全里","23082977轉731",
"1091","龍山國小本土語教室2","和平西路3段235號","青山里17,19-25","23082977轉731",
"1092","老松國小活動教室(二)","桂林路64號","富民里1-6","富民里全里","23361266",
"1093","老松國小2年2班教室","桂林路64號","富民里7-13","23361266",
"1094","新富區民活動中心","廣州街152巷10號","富民里14-21","23064468",
"1095","老松國小1年2班教室","桂林路64號","福音里1-8","福音里全里","23361266",
"1096","老松國小1年4班教室","桂林路64號","福音里9-15","23361266",
"1097","法華寺","西寧南路194號","仁德里1-7","仁德里全里","23318424",
"1098","老松國小2年4班教室","桂林路64號","仁德里8-12","23361266",
"1099","老松國小(低年級教師研究室)","桂林路64號","仁德里13-18","23361266",
"1100","萬華車站西大樓西側出口穿堂(寺前公園邊)","康定路382號","富福里1-3,5-7","富福里全里","2302-0481",
"1101","和平西路民宅車庫","和平西路3段52巷16號","富福里4,8-12,19","2308-0307",
"1102","龍山國中(左側美髮教室)","南寧路46號","富福里13-18","2336-2789",
"1103","柳鄉區民活動中心","環河南路2段102號3樓","柳鄉里1-5,8","柳鄉里全里","23064468",
"1104","環河福德宮","桂林路244巷臨7號之1","柳鄉里6,7,9-12","23021026",
"1105","衛工處西區工務所","桂林路246巷66號","柳鄉里13-19","23083825",
"1106","長順區民活動中心(前段)","長順街臨127號","華江里1-6","23064468",
"1107","長順區民活動中心(後段)","長順街臨127號","華江里7-11","23064468",
"1108","華江國小家長會","環河南路2段250巷42弄2號","華江里12-17","23064352",
"1109","華江國小幼兒園餐廳","環河南路2段250巷42弄2號","華江里18-23","23064352",
"1110","華江國小校史室","環河南路2段250巷42弄2號","華江里24-28","華江里全里","23064352",
"1111","臺糖倉庫前棟(左側A倉糖廍文化教室)","大理街132-10號","糖廍里1-5,12","23064468",
"1112","臺糖倉庫前棟(右側A倉展示館旁)","大理街132-10號","糖廍里6-11","糖廍里全里","23064468",
"1113","臺糖倉庫中央棟(萬華糖廍藝文倉庫)","大理街132-9號","糖廍里13-19","23064468",
"1114","大理國小美勞教室(二)","艋舺大道389號","綠堤里1-6","23064311",
"1115","大理國小綜合教室(一)","艋舺大道389號","綠堤里7-13","23064311",
"1116","大理國小星空餐廳","艋舺大道389號","綠堤里14-20","綠堤里全里","23064311",
"1117","臺北市義警大隊萬華區大隊莒光分隊","興寧街4號","頂碩里1,2",",14-16","23023751",
"1118","艋舺大道民宅車庫","艋舺大道86巷28號","頂碩里3-8","23321337",
"1119","天聖宮","艋舺大道120巷13弄30號","頂碩里9-13","23065799",
"1120","北安宮","西藏路256號","頂碩里17,18,22,25-28","頂碩里全里","23021881",
"1121","貴都飯店停車場","西藏路192之1號","頂碩里19-21,23,24,29","23061988",
"1122","雙園國小禮堂","莒光路315號","雙園里1-7","23061893",
"1123","雙園國小藝苑","莒光路315號","雙園里8-14","23061893",
"1124","雙園國小社區教室","莒光路315號","雙園里15-21","雙園里全里","23061893",
"1125","和平青草園(原402號公園歷史建物)","西園路2段42號","和平里1-7","23064468",
"1126","朝天宮","雙園街27號","和平里12-15,23-24","23061510",
"1127","大理幼兒園","雙園街67巷3弄5號","和平里8-11,16","23044506",
"1128","青龍宮","雙園街60巷88號","和平里17-22","和平里全里","23066456",
"1129","雙園國中教學活動場","興義街2號","和德里1-6","2303-0827轉141",
"1130","雙園國中彩虹教室","興義街2號","和德里7-13","和德里全里","2303-0827轉141",
"1131","興義區民活動中心","興義街25號","和德里14-20","23064468",
"1132","和德區民活動中心","西園路2段臨382之10號","和德里21-26","23064468",
"1133","萬大國小2年1班教室","萬大路346號","全德里1-5","23035938",
"1134","萬大國小2年2班教室","萬大路346號","全德里6-12","23035938",
"1135","萬大國小1年5班教室","萬大路346號","全德里13-18","全德里全里","23035938",
"1136","西園國小導護糾察準備室","東園街73巷65號","日善里1-9","23030257",
"1137","西園國小童軍團部","東園街73巷65號","日善里10-15","日善里全里","23030257",
"1138","萬大國小1年1班教室","萬大路346號","壽德里1-5,17","23035938",
"1139","萬大國小1年2班教室","萬大路346號","壽德里6-10","壽德里全里","23035938",
"1140","萬大國小1年4班教室","萬大路346號","壽德里11-16","23035938",
"1141","萬華區民活動中心(前段)","東園街19號2樓","忠德里1,2,4,7","23064468",
"1142","聚福宮聯誼中心","東園街50號","忠德里3,5,6,8,9","23031143",
"1143","萬華區民活動中心(後段)","東園街19號2樓","忠德里10-13","忠德里全里","23064468",
"1144","西園民防協勤中心","西園路2段臨283之1號（光復橋下）","錦德里1-7","23012416",
"1145","光復區民活動中心","西園路2段臨370之1號（光復橋下）","錦德里8-14","23064468",
"1146","西園義警協勤中心","西園路2段臨382之9號(光復橋下)","錦德里15-21","錦德里全里","23323162",
"1147","東園民防協勤中心","寶興街222巷臨11號","銘德里1-7,11","銘德里全里","23045023",
"1148","民宅車庫","長泰街284號","銘德里8-10,12,16-17","23064468",
"1149","巖清寺","環河南路3段203號","銘德里13-15,18-20","23058490",
"1150","先天道院","寶興街188巷2號","孝德里1-6,8","孝德里全里","2305-6278",
"1151","天德宮","德昌街235巷19號","孝德里9-14,7","23014287",
"1152","保德里里民活動場所","東園街140巷10號","保德里1-5,8","保德里全里","23074702",
"1153","楊聖廟","寶興街","199號","保德里6,7,9,10","23038228",
"1154","慈安寺","武成街63巷8號","榮德里1-3,5-7,9,10","23017543",
"1155","湄聖宮","武成街124號","榮德里4,8,11-17","榮德里全里","23077996",
"1156","萬大第二區民活動中心(前段)","萬大路臨600之1號(華中橋下)","華中里1-5","23064468",
"1157","萬大第二區民活動中心(後段)","萬大路臨600之1號(華中橋下)","華中里6-10","華中里全里","23064468",
"1158","萬大第一區民活動中心(後段)","萬大路臨614之1號(華中橋下)","華中里11-15","23064468",
"1159","萬大第一區民活動中心(前段)","萬大路臨614之1號(華中橋下)","華中里16-21","23064468",
"1160","德明幼兒園企鵝班教室","萬大路449巷28弄3號","興德里1-6","23075863",
"1161","富民路民宅車庫","富民路145巷15弄56號","興德里7-12","興德里全里","23064468",
"1162","興德里里民活動場所","富民路145巷15弄54號","興德里13-18","23064468",
"1163","臺灣基督教貴格會三一堂","青年路142號","日祥里1,10,11,16","日祥里全里","23379531",
"1164","慶福宮","青年路168巷49弄18號","日祥里2-6,21","23073745",
"1165","空南三村管理委員會(文康中心)","萬大路423巷30弄11號旁側","日祥里7,8,18-20","23098212",
"1166","崇仁花園大廈H棟1樓","青年路152巷34號","日祥里9,12-15,17","23059995",
"1167","新和國小5年5班教室","西藏路125巷31號","忠貞里1-6","23038298",
"1168","新和國小鄉土教室(一)","西藏路125巷31號","忠貞里7-13","23038298",
"1169","南機場3號基地國宅管理委員會","青年路106巷2號地下室","忠貞里14-22","忠貞里全里","23079038",
"1170","忠恕社區辦公室","中華路2段364巷22弄29號地下室","新忠里1,2,4-6,8-13","新忠里全里","23032228",
"1171","新忠里民活動中心","西藏路125巷7號之2","新忠里3,7,14-22","23064468",
"1172","青年社區管理委員會(閱覽室)","中華路2段416巷9號之4","新和里1-6","新和里全里","23031537",
"1173","新和國小多功能活動教室(一)","西藏路125巷31號","新和里7-11","23038298",
"1174","新和國小幼兒餐廳","西藏路125巷31號","新和里12-13,15-17","23038298",
"1175","新和首璽管理委員會(閱覽室)","中華路2段416巷80號","新和里14,18-20,22,23,30","23018211",
"1176","國輝花園社區管理委員會(活動中心)","國興路92之2號","新和里21,24-29","23324183",
"1177","南機場13號基地管理委員會(辦公室左側)","萬大路187巷1弄2號(地下室)","新安里1-8","新安里全里","23057652",
"1178","南機場13號基地管理委員會(辦公室右側)","萬大路187巷1弄2號(地下室)","新安里9-15","23057652",
"1179","新和國小英語教室(一)","西藏路125巷31號","新安里16-21","23038298",
"1180","新和國小生活教室","西藏路125巷31號","新安里22-28","23038298",
"1181","國興幼兒園安親班教室外","國興路46號後門","凌霄里1-8","23038164",
"1182","國興幼兒園感覺統合教室外","國興路46號後門","凌霄里9-16","凌霄里全里","23038164",
"1183","古亭國中輔導活動教室","中華路2段465號","騰雲里1-7","23090986轉511",
"1184","古亭國中901教室","中華路2段465號","騰雲里8-16","騰雲里全里","23090986轉511",
"1185","天新素食自助餐","大安路1段157巷3-1號","德安里15~20","德安里全里","2703-8818",
"1186","仁愛教育館","信義路4段99巷31號","德安里7、11~14","2707-8004",
"1187","中華電信大安服務中心","信義路4段89-1號","德安里3~4、8~10","2702-0717",
"1188","中華電信東三機房","信義路4段89號","德安里1~2、5~6","2702-0717",
"1189","世界紅卍字會台灣總主會（大廳）","復興南路1段303號","仁慈里1~6","仁慈里全里","2704-8165",
"1190","世界紅卍字會台灣總主會（大門前）","復興南路1段303號","仁慈里7~11","2704-8165",
"1191","中國基督教信義會恩光堂","復興南路1段253巷13號","仁慈里12~17","2707-9311",
"1192","客家文化會館1樓","信義路3段157巷11號","和安里1、3~6、10~12","2702-6141轉320",
"1193","師大附中體育館(南側)","信義路3段143號","和安里9、19~21","2707-5215轉311",
"1194","師大附中體育館(北側)","信義路3段143號","和安里14~18","2707-5215轉311",
"1195","師大附中演講廳","信義路3段143號","和安里2、7~8、13","和安里全里","2707-5215轉311",
"1196","幸安國小1年3班教室","仁愛路3段22號","民炤里2~5","民炤里全里","2707-4191",
"1197","幸安國小1年1班教室","仁愛路3段22號","民炤里6~9","2707-4191",
"1198","幸安國小1年8班教室","仁愛路3段22號","民炤里10~14","2707-4191",
"1199","幸安國小1年6班教室","仁愛路3段22號","民炤里15~20","2707-4191",
"1200","幸安國小1年4班教室","仁愛路3段22號","民炤里1、21~24","2707-4191",
"1201","復興小學誠賢樓雙語部1年和班教室","敦化南路1段262號","仁愛里1~6","仁愛里全里","2771-5859",
"1202","復興小學誠賢樓雙語部2年和班教室","敦化南路1段262號","仁愛里7~11","2771-5859",
"1203","復興小學慎思樓1年愛班教室","敦化南路1段262號","仁愛里12~17","2771-5859",
"1204","復興小學慎思樓1年義班教室","敦化南路1段262號","仁愛里18~23","2771-5859",
"1205","懷生國中體育館(跆拳道教室)","忠孝東路3段248巷30號","義村里1~7","義村里全里","2721-5078",
"1206","懷生國中(穿堂)","忠孝東路3段248巷30號","義村里8~12","2721-5078",
"1207","懷生國中體育館(乒乓球教室1)","忠孝東路3段248巷30號","義村里13~17","2721-5078",
"1208","懷生國中體育館(乒乓球教室2)","忠孝東路3段248巷30號","義村里18~22","2721-5078",
"1209","臺北衛理幼稚園","新生南路1段117號","民輝里1~6","2771-2017轉145",
"1210","臺北衛理堂會議室","新生南路1段113號","民輝里10、14~17、24","2771-2017轉145",
"1211","民輝里民活動場所","濟南路3段35-9號","民輝里7~9、11~13、18","無",
"1212","國立臺北科技大學土木工程館1樓大廳","新生南路1段3號","民輝里19~23","民輝里全里","2771-2171轉1320",
"1213","敦歆幼兒園","忠孝東路3段217巷2弄8號1樓","昌隆里1~7","2776-1626",
"1214","基督教忠孝神召會","忠孝東路3段217巷5弄8號","昌隆里8~15","昌隆里全里","2752-7186",
"1215","吳新松先生車庫","忠孝東路3段251巷4弄4號","誠安里1~2、7~10","2771-7665轉202楊小姐",
"1216","首府幼兒園","忠孝東路3段251巷9弄8號","誠安里3~6、12-13","誠安里全里","2731-2020",
"1217","萬象大樓穿堂","復興南路1段122巷10號(安東小吃前)","誠安里11、14~17","2721-1325","郭先生",
"1218","金城華廈","敦化南路1段190巷38號1樓","光武里1~4、6~7","2721-9728",
"1219","光武里民活動場所","敦化南路1段160巷20號","光武里5、8~12","2773-6533",
"1220","永豐頂好庭園穿堂","敦化南路1段138號1樓(後門)","光武里13~18","2772-0524",
"1221","加一自助餐","復興南路1段107巷2號1樓","光武里19~23、25","光武里全里","2741-1089",
"1222","東區地下街市政服務站","大安路1段77號東區地下街2號店舖","光武里24、26~28","6638-7856",
"1223","新民國小1年忠班教室","辛亥路1段113號","龍坡里1~6","龍坡里全里","2363-0450",
"1224","新民國小1年仁班教室","辛亥路1段113號","龍坡里7~10","2363-0450",
"1225","新民國小1年愛班教室","辛亥路1段113號","龍坡里11~17","2363-0450",
"1226","新民國小2年孝班教室","辛亥路1段113號","龍坡里18~22","2363-0450",
"1227","古亭國小1年1班教室","羅斯福路3段201號","龍泉里1~5","2363-9795",
"1228","古亭國小3年2班教室","羅斯福路3段201號","龍泉里6~10","2363-9795",
"1229","古亭國小1年3班教室","羅斯福路3段201號","龍泉里11~15","龍泉里全里","2363-9795",
"1230","古亭國小2年1班教室","羅斯福路3段201號","古風里1~6","2363-9795",
"1231","古亭國小2年2班教室","羅斯福路3段201號","古風里7~11","2363-9795",
"1232","古亭國小2年3班教室","羅斯福路3段201號","古風里12~14","古風里全里","2363-9795",
"1233","國立臺灣師範大學誠106班教室","和平東路1段162號","古莊里1~4、11","7734-3164",
"1234","國立臺灣師範大學誠107班教室","和平東路1段162號","古莊里5~6、13","7734-3164",
"1235","國立臺灣師範大學誠108班教室","和平東路1段162號","古莊里7~8、10、12、18","古莊里全里","7734-3164",
"1236","國立臺灣師範大學誠109班教室","和平東路1段162號","古莊里9、14~17","7734-3164",
"1237","新生國小1年1班教室","新生南路2段36號","龍安里1~2","龍安里全里","2391-3122",
"1238","新生國小1年3班教室","新生南路2段36號","龍安里3~7","2391-3122",
"1239","新生國小2年1班教室","新生南路2段36號","龍安里8~12","2391-3122",
"1240","新生國小2年3班教室","新生南路2段36號","龍安里13~17","2391-3122",
"1241","基督教頌主堂","潮州街124號","錦安里1~3、5","錦安里全里","2321-5083",
"1242","基督教錫安堂","金山南路2段215巷18號","錦安里6~9","2396-8308",
"1243","國立臺灣師範大學教育學院大樓104教室","和平東路1段129號","錦安里11~12、15~17","7734-5654",
"1244","國立臺灣師範大學教育學院大樓105教室","和平東路1段129號","錦安里4、10、13~14","7734-5654",
"1245","金華國中8年24班教室","新生南路2段32號","福住里1~4","3393-1799轉512",
"1246","金華國中8年25班教室","新生南路2段32號","福住里5~8","3393-1799轉512",
"1247","金華國中數理資優教室","新生南路2段32號","福住里9~12","福住里全里","3393-1799轉512",
"1248","金華國中生活教室","新生南路2段32號","福住里13~17","3393-1799轉512",
"1249","金華國小2年1班教室","愛國東路79巷11號","永康里1~5","永康里全里","2391-7402",
"1250","金華國小2年3班教室","愛國東路79巷11號","永康里6~10","2391-7402",
"1251","金甌女子高級中學206教室","杭州南路2段1號","光明里1~6","2321-4765",
"1252","金甌女子高級中學207教室","杭州南路2段1號","光明里7~11","光明里全里","2321-4765",
"1253","中正國中7年2班教室","愛國東路158號","錦泰里1~4、6~9","2391-6697",
"1254","中正國中7年4班教室","愛國東路158號","錦泰里5、10~15","錦泰里全里","2391-6697",
"1255","基督教台北市中心神召會","杭州南路2段95號","錦華里5~10、16","錦華里全里","2321-0665",
"1256","台電核火工程處禮堂前段","和平東路1段41巷1號","錦華里1~4、17~19","2391-0241轉9702",
"1257","台電核火工程處禮堂後段","和平東路1段41巷1號","錦華里11~15","2391-0241轉9702",
"1258","大安高工至善樓107教室","復興南路2段52號","龍圖里1~5","龍圖里全里","2709-1630",
"1259","大安高工至善樓106教室","復興南路2段52號","龍圖里6~10","2709-1630",
"1260","大安高工至善樓105教室","復興南路2段52號","龍圖里11~14","2709-1630",
"1261","大安高工至善樓104教室","復興南路2段52號","龍圖里15~20","2709-1630",
"1262","臺北市立圖書館總館1樓","建國南路2段125號","新龍里13~19","2755-2823",
"1263","臺北市立圖書館總館B1甲","建國南路2段125號","新龍里1、3、10~12","新龍里全里","2755-2823",
"1264","臺北市立圖書館總館B1乙","建國南路2段125號","新龍里4、20~26","2755-2823",
"1265","大安社區管理委員會","信義路3段134巷84號","新龍里2、5~9","27025783",
"1266","開平餐飲學校AC102教室","復興南路2段148巷24號","龍陣里1~8","2707-0904轉371",
"1267","開平餐飲學校AC104教室","復興南路2段148巷24號","龍陣里9~15","龍陣里全里","2707-0904轉371",
"1268","建安國小2年1班教室","大安路2段99號","龍雲里1~6","龍雲里全里","2707-7119",
"1269","建安國小2年3班教室","大安路2段99號","龍雲里7~13","2707-7119",
"1270","建安國小2年5班教室","大安路2段99號","龍雲里14~19","2707-7119",
"1271","龍生里民活動場所","和平東路2段175巷24號","龍生里1~5","龍生里全里","2706-4529",
"1272","國立臺北教大實小2年甲班教室","和平東路2段94號","龍生里6~10、12","2735-6186轉201",
"1273","國立臺北教大實小2年乙班教室","和平東路2段94號","龍生里11、13~15、18","2735-6186轉202",
"1274","國立臺北教大實小2年丙班教室","和平東路2段94號","龍生里16、17、19~20","2735-6186轉203",
"1275","大安國中915教室","大安路2段63號","住安里1~7","2755-7131",
"1276","大安國中916教室","大安路2段63號","住安里8~14","住安里全里","2755-7131",
"1277","大安國中918教室","大安路2段63號","住安里15~20","2755-7131",
"1278","東方工商科技大樓1樓","信義路4段186巷7號","義安里1~6、9","2755-4616轉137",
"1279","東方工商學生活動中心","信義路4段186巷8號","義安里7~8、10~11、16","2755-4616轉137",
"1280","東方工商自衡樓A130教室","信義路4段186巷8號","義安里12~15、18","2755-4616轉137",
"1281","東方工商自衡樓A150教室","信義路4段186巷8號","義安里17、19~20","義安里全里","2755-4616轉137",
"1282","三聖宮","文昌街250巷5號","通化里1~3、6~8","2702-0259",
"1283","福德宮","通化街39巷11號","通化里5、10、14、16、20~21","2705-4517",
"1284","臺北市電影委員會","光復南路630號","通化里4、9、11~12、15、23","2709-3880",
"1285","理教總公所清心堂","文昌街280巷53號","通化里13、17~19、22","通化里全里","2708-1220",
"1286","通安區民活動中心1","通安街98號1樓","通安里1~3、5、7",
"1287","通安區民活動中心2","通安街98號1樓","通安里8~13",
"1288","頌主堂","通化街162巷2號","通安里14~18","通安里全里","2737-5035",
"1289","立人國小穿堂","安和路2段99號","通安里4、6、19~20","2738-1188",
"1290","中華基督教浸信會潮恩堂","通化街123巷32號","臨江里1~5","臨江里全里","2738-2641",
"1291","惠真幼兒園1","通化街143巷31號","臨江里6~10","2738-3431",
"1292","惠真幼兒園2","通化街143巷31號","臨江里11~15","2738-3431",
"1293","喬治工商敬謙堂","基隆路2段172號","法治里1~3","法治里全里","2738-6515轉222",
"1294","喬治工商自強樓103教室","基隆路2段172號","法治里4~8","2738-6515轉222",
"1295","喬治工商烹飪教室(臺灣小吃)","基隆路2段172號","法治里9~12","2738-6515轉222",
"1296","華菂幼兒園1號教室","安和路2段217巷30號","全安里1~3、5~6","2735-0267",
"1297","華菂幼兒園2號教室","安和路2段217巷30號","全安里7~10、11、17","全安里全里","2735-0267",
"1298","全安里民活動場所","安和路2段181巷15號１樓","全安里4、12~16","2736-8446",
"1299","中國基督教信義會靈光堂","和平東路2段277號","群賢里2~6","群賢里全里","2707-7562",
"1300","群賢里民活動場所","和平東路2段311巷43弄36號","群賢里1、7~10","2700-3623",
"1301","基督教救世軍台北中央堂","四維路208巷1號","群賢里11~15","2705-8150",
"1302","基督教長老教會大安教會","和平東路3段1巷51號","群賢里16~20","2706-4477",
"1303","成功國宅中庭穿堂1","四維路198巷30弄1號前(頂好超商對面)","群英里1~5、27~28、34","群英里全里","2754-7207",
"1304","成功國宅中庭穿堂2","四維路198巷38弄2號前(頂好超商對面)","群英里6~13","2754-7207",
"1305","大安幼兒園","四維路198巷31弄11號","群英里20~26、32~33、35","2755-1211",
"1306","成功區民活動中心","四維路198巷30弄9號","群英里14~19、29~31","2754-7207",
"1307","臺北市大安區福安宮","臥龍街61號","虎嘯里1~4、6","2735-5670",
"1308","國防部和平新莊閱覽室A","和平東路3段62巷7號","虎嘯里5、7~9","8732-7353",
"1309","國防部和平新莊閱覽室B","和平東路3段62巷7號","虎嘯里10~12","虎嘯里全里","8732-7353",
"1310","大安區健康服務中心","辛亥路3段15號","臥龍里1~8","臥龍里全里","2733-5831",
"1311","國立臺北教大實小3年甲班教室","和平東路2段94號","龍淵里1~7","2735-6186轉301",
"1312","國立臺北教大實小3年乙班教室","和平東路2段94號","龍淵里8~13","2735-6186轉302",
"1313","國立臺北教大實小3年丙班教室","和平東路2段94號","龍淵里14~20","2735-6186轉303",
"1314","國立臺北教大實小4年丁班教室","和平東路2段94號","龍淵里21~26","2735-6186轉404",
"1315","國立臺北教大實小2年戊班教室","和平東路2段94號","龍淵里27~31","龍淵里全里","2735-6186轉205",
"1316","龍安國小3年2班教室","新生南路3段33號","龍門里1~5","龍門里全里","2363-2077轉730-736",
"1317","龍安國小3年4班教室","新生南路3段33號","龍門里7~10","2363-2077轉730-736",
"1318","龍安國小3年5班教室","新生南路3段33號","龍門里6、11~13","2363-2077轉730-736",
"1319","真理堂","新生南路3段86號","大學里1、2、4、7","2363-2096轉122林主任",
"1320","懷恩堂(樂民館)","新生南路3段90號B1","大學里3、5、11、24","大學里全里","2362-5321轉122唐小姐",
"1321","臺電輸變電工程處北區施工處第2工務段停車場","羅斯福路3段283巷30號","大學里8~10、22~23","2322-9925",
"1322","信友堂停車場","羅斯福路3段283巷19弄11號","大學里12~14、20~21","2363-1035轉226",
"1323","辛亥區民活動中心","辛亥路1段臨141號","大學里6、15~19","2351-1711轉8205",
"1324","大安國小4年8班教室","臥龍街129號","芳和里1~5","2732-2332",
"1325","大安國小1年6班教室","臥龍街129號","芳和里6~12","芳和里全里","2732-2332",
"1326","大安國小1年5班教室","臥龍街129號","芳和里13~16","2732-2332",
"1327","大安國小1年4班教室","臥龍街129號","芳和里17~21","2732-2332",
"1328","大安國小1年1班教室","臥龍街129號","黎元里1~5","黎元里全里","2732-2332",
"1329","大安國小1年2班教室","臥龍街129號","黎元里6~10","2732-2332",
"1330","大安國小1年3班教室","臥龍街129號","黎元里11~15","2732-2332",
"1331","芳和國中童軍教室","臥龍街170號","黎元里16~19","2732-1961",
"1332","海巡署人員研習中心餐廳1","臥龍街240之2號","黎孝里1~5","2377-3065",
"1333","海巡署人員研習中心餐廳2","臥龍街240之2號","黎孝里19~24","2377-3065",
"1334","海巡署人員研習中心會客室","臥龍街240之2號","黎孝里12~15","黎孝里全里","2377-3065",
"1335","基督教臺北福音堂","安居街35巷14號","黎孝里9~11、16、18","2732-8273",
"1336","育樂幼兒園","和平東路3段308巷40號","黎孝里6~8、17","2735-5304",
"1337","基督教信義會和平教會","富陽街113號","黎和里1~3、5、8、11","2735-4281",
"1338","黎和里民活動場所","臥龍街286號","黎和里7、9~10、12","2377-2353",
"1339","都市更新案籌備處","臥龍街296-1號","黎和里4、6、13~16","黎和里全里","2735-6559",
"1340","建安里民活動場所","敦化南路1段161巷69弄5號","建安里1~6","建安里全里","2771-6279",
"1341","建安里民活動場所車庫","敦化南路1段161巷69弄5號","建安里7~11、19~20","2771-6279",
"1342","中華基督教行道會臺北教會","忠孝東路4段181巷17號","建安里12~18","2721-3242",
"1343","仁愛國中8年25班教室","仁愛路4段130號","建倫里1~5","建倫里全里","2325-5823",
"1344","仁愛國中8年23班教室","仁愛路4段130號","建倫里6~12","2325-5823",
"1345","仁愛國中8年22班教室","仁愛路4段130號","建倫里13~18","2325-5823",
"1346","仁愛國中8年20班教室","仁愛路4段130號","建倫里19~24","2325-5823",
"1347","仁愛國小6年1班教室","安和路1段60號","敦安里1~5、8","2709-5010",
"1348","仁愛國小3年2班教室","安和路1段60號","敦安里6~7、9~11","2709-5010",
"1349","仁愛國小3年4班教室","安和路1段60號","敦安里12~14、16~17","敦安里全里","2709-5010",
"1350","仁愛國小3年5班教室","安和路1段60號","敦安里15、18~21","2709-5010",
"1351","光復國小1年9班教室","光復南路271號","正聲里1~6、16","正聲里全里","2758-5076",
"1352","光復國小1年10班教室","光復南路271號","正聲里7~11","2758-5076",
"1353","光復國小1年11班教室","光復南路271號","正聲里12~15","2758-5076",
"1354","仁愛國小1年2班教室","安和路1段60號","敦煌里1~5","2709-5010",
"1355","仁愛國小1年4班教室","安和路1段60號","敦煌里6~11","2709-5010",
"1356","仁愛國小1年6班教室","安和路1段60號","敦煌里12~16","敦煌里全里","2709-5010",
"1357","仁愛國小1年8班教室","安和路1段60號","敦煌里17~21","2709-5010",
"1358","光復國小1年5班教室","光復南路271號","華聲里1~6","華聲里全里","2758-5076",
"1359","光復國小1年6班教室","光復南路271號","華聲里7~12","2758-5076",
"1360","光復國小1年7班教室","光復南路271號","華聲里13~18","2758-5076",
"1361","光復國小1年1班教室","光復南路271號","車層里1~6","車層里全里","2758-5076",
"1362","光復國小1年2班教室","光復南路271號","車層里7~12","2758-5076",
"1363","光復國小1年3班教室","光復南路271號","車層里13~19","2758-5076",
"1364","光復國小1年4班教室","光復南路271號","車層里20~26","2758-5076",
"1365","仁愛世貿大樓","仁愛路4段376號","光信里1~3、9~11、18","2706-6610",
"1366","光信區民活動中心","延吉街236巷17號2樓","光信里19~26","光信里全里","23511711轉8205",
"1367","光目華福德幼兒園","延吉街241巷2弄11號","光信里4~5、12~15","2701-9399",
"1368","何嘉仁延吉幼兒園","延吉街250號","光信里6、16、27~28","2708-6092",
"1369","曉星幼兒園","延吉街254號","光信里7~8、17、29~30","2703-3211",
"1370","民族國中體健教室","羅斯福路4段113巷13號","學府里1~5","學府里全里","2732-2935轉213",
"1371","空軍退員宿舍（芳蘭山莊）","基隆路3段155巷148號","學府里6~9、15","2733-0381",
"1372","聯勤公館退員宿舍","基隆路3段155巷61號","學府里10~14、16~17","2732-2322",
"1373","景美國小2年3班教室","景文街108號","景行里1、3-6","29322151",
"1374","景美國小2年2班教室","景文街108號","景行里7-14","29322151",
"1375","景美國小1年2班教室","景文街108號","景行里15-20","景行里全里","29322151",
"1376","景美國小1年4班教室","景文街108號","景行里2、21-23","29322151",
"1377","景美國中綜合活動教室","景中街27號","景東里1-4、24-25","89353130",
"1378","景興國小2年6班教室(105)","景華街150巷21號","景東里5-8、10-12","29329438",
"1379","景興國小1年5班教室(111)","景華街150巷21號","景東里9、13-16、26","景東里全里","29329438",
"1380","景興國小英語教室(113)","景華街150巷21號","景東里17-23","29329438",
"1381","滬江中學信義樓101教室","羅斯福路6段336號","景美里1-5","86631122",
"1382","滬江中學信義樓103教室","羅斯福路6段336號","景美里6-12","景美里全里","86631122",
"1383","滬江中學嵩慶樓104教室","羅斯福路6段336號","景美里13-17","86631122",
"1384","溪口國小鄉土教室(一)","景福街225號","景慶里1-7","29350955",
"1385","溪口國小1年2班教室","景福街225號","景慶里8-13","29350955",
"1386","溪口國小1年4班教室","景福街225號","景慶里14-19","景慶里全里","29350955",
"1387","溪口國小2年2班教室","景福街225號","景慶里20-26","29350955",
"1388","溪口國小2年4班教室","景福街225號","景仁里1-6","29350955",
"1389","志清國小1年4班教室","景福街21巷5號","景仁里7-10、12","景仁里全里","29323875",
"1390","志清國小2年1班教室","景福街21巷5號","景仁里11、13-15","29323875",
"1391","景美國中輔導教室","景中街27號","景華里1-6","景華里全里","89353130",
"1392","景美國中會議室(一)","景中街27號","景華里7、9-12","89353130",
"1393","景興國中702教室","景興路46巷2號","景華里8、13-17","29323794",
"1394","景興國中704教室","景興路46巷2號","景華里18-24","29323794",
"1395","臺電臺北供電區營運處單身宿舍1樓","景隆街35號","萬有里1-8","萬有里全里","23675969",
"1396","景興國中713教室","景興路46巷2號","萬有里9-16","29323794",
"1397","景興國中711教室","景興路46巷2號","萬有里17-23","29323794",
"1398","武功國小511教室","興隆路1段68號","萬祥里1-7","29314360",
"1399","武功國小512教室","興隆路1段68號","萬祥里8-15","29314360",
"1400","武功國小513教室","興隆路1段68號","萬祥里16-21","萬祥里全里","29314360",
"1401","萬隆里里民活動場所","羅斯福路5段218巷9弄3號","萬隆里1-3、5-7","89316961",
"1402","志清國小1年1班教室","景福街21巷5號","萬隆里4、8-11","29323875",
"1403","志清國小1年2班教室","景福街21巷5號","萬隆里12-16","萬隆里全里","29323875",
"1404","志清國小1年3班教室","景福街21巷5號","萬隆里17-22","29323875",
"1405","志清國小多功能教室","景福街21巷5號","萬隆里23-29","29323875",
"1406","萬福國小1樓交通安全教室(C101)","羅斯福路5段170巷32號","萬年里1-3、5、7","29353123-132",
"1407","萬福國小1樓閱讀教室(C102)","羅斯福路5段170巷32號","萬年里4、6、8、11","29353123-132",
"1408","萬福國小1年1班教室(C103)","羅斯福路5段170巷32號","萬年里9、10、12-14","29353123-132",
"1409","萬福國小1年2班教室(C104)","羅斯福路5段170巷32號","萬年里15-20","萬年里全里","29353123-132",
"1410","萬福國小D101教室","羅斯福路五段170巷32號","萬和里1-7","29353123",
"1411","萬福國小D102教室","羅斯福路五段170巷32號","萬和里8-14","萬和里全里","29353123",
"1412","武功國小音樂教室(611)","興隆路1段68號","萬盛里1-7","29314360",
"1413","武功國小活動室(514)","興隆路1段68號","萬盛里8-15","萬盛里全里","29314360",
"1414","武功國小活動室(515)","興隆路1段68號","萬盛里16-22","29314360",
"1415","靜心中小學3年信班教室","興隆路2段46號","興豐里1-7","29323118-163","29355795",
"1416","靜心中小學3年義班教室","興隆路2段46號","興豐里8-13","29323118-163","29355795",
"1417","靜心中小學幼兒園活動區","興隆路2段46號","興豐里14-20","興豐里全里","29323118-163","29355795",
"1418","興德國小生活學習教室1","興隆路2段235號","興邦里1-6","29329431",
"1419","興德國小生活學習教室2","興隆路2段235號","興邦里7-11、18","興邦里全里","29329431",
"1420","興德國小英語教室B","興隆路2段235號","興邦里12-17","29329431",
"1421","興華國小6年2班教室","興隆路3段125巷6號","興光里1-8","興光里全里","22393070",
"1422","興華國小6年3班教室","興隆路3段125巷6號","興光里9-17","22393070",
"1423","興家社區停車場A11、A12","興隆路3段207巷7弄11號地下室","興家里1-3、13、25-26","22304327","0910121013",
"1424","興家社區停車場C1、C2","興隆路3段207巷13弄11號地下室","興家里4-6、8-10","22304327","0910121013",
"1425","興隆社區停車場C1、C2、C2-1","興隆路3段185巷9弄1號地下室","興家里7、14、27-30","22301555",
"1426",""家家社區 媽媽教室"","興隆路3段221巷4弄6號地下室","興家里11-12、15-20","興家里全里","22307463",
"1427","興隆宮","興隆路3段229巷臨5之2號","興家里21-24","22307585","22307837","0953419708",
"1428","中國科技大學格致樓左川堂","興隆路3段56號","興得里1-8","興得里全里","29313416",
"1429","中國科技大學格致樓右川堂","興隆路3段56號","興得里9-16","29313416",
"1430","文山運動中心4樓社區教室","興隆路3段222號","興得里17、19、21-23、25","22308268",
"1431","興得閱覽室","興隆路3段304巷145號","興得里18、20、24、26-27","29365522",
"1432","興隆國小1年1班教室","福興路2號","興業里1-6","29323131",
"1433","興隆國小1年2班教室","福興路2號","興業里7-11","29323131",
"1434","興隆國小1年3班教室","福興路2號","興業里12-17","29323131",
"1435","興隆國小1年4班教室","福興路2號","興業里18-23","興業里全里","29323131",
"1436","景興國小1年3班教室(103)","景華街150巷21號","興安里1-3、21-23","興安里全里","29329438",
"1437","中華衛理公會平安堂","仙岩路16巷37號","興安里4-11","29342105",
"1438","中華衛理公會神學院","仙岩路22巷33號","興安里16、18-20、24-26","29342105",
"1439","興安宮","仙岩路16巷64號","興安里12-15、17、27-29","86632817",
"1440","靜心中小學3年忠班教室","興隆路2段46號","興福里1-5","2932-3118",
"1441","靜心中小學3年孝班教室","興隆路2段46號","興福里6-12","興福里全里","2932-3118",
"1442","靜心中小學3年仁班教室","興隆路2段46號","興福里13-17","2932-3118",
"1443","靜心中小學3年愛班教室","興隆路2段46號","興福里18-23","2932-3118",
"1444",""興福國中 合作社"","福興路80號","興旺里1-6","興旺里全里","29324794","29322024",
"1445",""興福國中 資源回收室"","福興路80號","興旺里7-13","29324794","29322024",
"1446",""興福國中 學輔中心一"","福興路80號","興旺里14-17","29324794","29322024",
"1447",""興福國中 學輔中心二"","福興路80號","興旺里18-21","29324794","29322024",
"1448",""興福國中 烹飪教室"","福興路80號","興旺里22-24","29324794","29322025",
"1449","興隆國小2年1班教室","福興路2號","興泰里1-3","29323131",
"1450","興隆國小2年2班教室","福興路2號","興泰里4-7","29323131",
"1451","興隆國小2年3班教室","福興路2號","興泰里8-12","興泰里全里","29323131",
"1452","辛亥國小課輔教室一(S23)","辛亥路4段103號","興昌里1-4、11、21","29357282",
"1453","辛亥國小2年2班(N25)","辛亥路4段103號","興昌里9-10、12-15","29357282",
"1454","辛亥國小1年1班教室(N22)","辛亥路4段103號","興昌里16-20、22-25","29357282",
"1455","辛亥國小家長會辦公室(S25)","辛亥路4段103號","興昌里5-8","興昌里全里","29357282",
"1456","永建國小1年仁班教室(110教室)","試院路2號","試院里1-2、4-8","22363855",
"1457","世新管理學院1樓(博洋咖啡屋)","木柵路1段111號","試院里3、24-30","22368225",
"1458","早安綠莊社區活動中心","木柵路1段59巷4號旁","試院里16-23","試院里全里","22369559",
"1459","YMCA青年會1樓","和興路2號","試院里9-15","22362817",
"1460","中山小學2年民主班教室","木柵路1段292號","華興里25-30","29360935",
"1461","中山小學2年倫理班教室","木柵路1段292號","華興里7-8、15、19-20、24","29360935",
"1462","永建國小1年孝班教室（109）","試院路2號","華興里16、18、21-23","22363855",
"1463","永建國小2年仁班教室（105）","試院路2號","華興里9-14、17","22363855",
"1464","永建國小2年忠班教室（103）","試院路2號","華興里1-6","華興里全里","22363855",
"1465","安康社區希望工坊(一)","興隆路4段46巷2號","明義里1-7","29390404-233",
"1466","安康社區希望工坊(二)","興隆路4段46巷4號","明義里8-13","明義里全里","29390404-234",
"1467","安康社區服務站","興隆路4段105巷2號","明義里14-21","29390404-231",
"1468","明道國小美勞教室","木柵路2段138巷61號","明興里1-8","29392821",
"1469","明道國小1、2年信班教室","木柵路2段138巷61號","明興里9-17","29392821",
"1470","明道國小5、6年信班教室","木柵路2段138巷61號","明興里18-24","29392821",
"1471","明道國小感覺統合教室","木柵路2段138巷61號","明興里25-32","明興里全里","29392821",
"1472","木柵國小2年1班教室","木柵路3段191號","木柵里1-7","29391234",
"1473","木柵國小2年2班教室","木柵路3段191號","木柵里8-12","29391234",
"1474","木柵國小2年3班教室","木柵路3段191號","木柵里13-18、25","木柵里全里","29391234",
"1475","木柵國中童軍教室","木柵路3段102巷12號","木柵里26-33","29393031",
"1476","文山特殊教育學校手工藝實習教室","秀明路1段169號","木柵里19-24","86615183",
"1477","臺灣基督長老教會文山教會","開元街25號","木新里1-7","木新里全里","29393480",
"1478","景文高中勤勞樓101教室","保儀路127號","木新里8-15","29390310",
"1479","景文高中勤勞樓102教室","保儀路127號","木新里16-24","29390310",
"1480","景文高中勤勞樓103教室","保儀路127號","木新里25-30","29390310",
"1481","景文高中勤勞樓104教室","保儀路127號","木新里31-35","29390310",
"1482","忠順廟左方室","中崙路13號","順興里1-3、10-11、13","29394852",
"1483","忠順廟右方室","中崙路13號","順興里4-6、12、14","29394852",
"1484","順興里里民活動場所","忠順街2段90巷4號","順興里15、23-24、26","29392289",
"1485","伯大尼兒少家園會議室","保儀路129號","順興里7-8、16-17、25","29396396",
"1486","伯大尼兒少家園穿堂","保儀路129號","順興里9、18-22","順興里全里","29396396",
"1487","社會局老人自費安養中心〈長青樓活動中心-1〉","興隆路四段109巷30弄6號","忠順里2-4、9-11","忠順里全里","29393146",
"1488","社會局老人自費安養中心〈長青樓活動中心-2〉","興隆路四段109巷30弄6號","忠順里12-17","29393146",
"1489","忠順里里民活動場所","興隆路四段145巷30號","忠順里1、5-8","29399569",
"1490","實踐國中902教室","辛亥路7段67號","樟林里1-7","樟林里全里","22362852",
"1491","實踐國中901教室","辛亥路7段67號","樟林里8-13","22362852",
"1492","實踐國中904教室","辛亥路7段67號","樟林里14-19","22362852",
"1493","實踐國中711教室","辛亥路7段67號","樟林里20-25","22362852",
"1494","實踐國中712教室","辛亥路7段67號","樟林里26-31","22362852",
"1495","景美女中信義樓2年和班教室","木新路3段312號","樟新里","1-4、12","29368847",
"1496","景美女中信義樓2年義班","木新路3段312號","樟新里","6-9","29368847",
"1497","景美女中信義樓2年信班教室","木新路3段312號","樟新里","5、10-11、13-14","樟新里全里","29368847","",
"1498","景美女中信義樓2年愛班教室","木新路3段312號","樟新里","15-18","29368847","",
"1499","實踐國小多功能教室(二)","忠順街1段4號","樟文里1、6-7、9、11","29360725","",
"1500","實踐國小6年1班教室","忠順街1段4號","樟文里2-5、10、12","29360725","",
"1501","景美女中信義樓2年平班教室","木新路3段312號","樟文里8、13-15、17、22","29368847","",
"1502","景美女中信義樓2年溫班教室","木新路3段312號","樟文里16、18-21","樟文里全里","29368847","",
"1503","新工處南區工務所","恆光街47號","樟腳里1、3-7","29379440","",
"1504","力行國小1年1班教室","木新路3段155巷7號","樟腳里2、8-9、11","樟腳里全里",""2939327829363995"","",
"1505","力行國小1年2班教室","木新路3段155巷7號","樟腳里10、12-16",""2939327829363995"","",
"1506","力行國小1年4班教室","木新路3段155巷7號","樟樹里1-2、9-10、16","29393278","29363995",
"1507","實踐國小1年4班教室","忠順街1段4號","樟樹里3-8","29360725",
"1508","實踐國小1年2班教室","忠順街1段4號","樟樹里11-15","樟樹里全里","29360725",
"1509","木柵高工學生活動中心(一)","木柵路4段77號","萬芳里1-4、31-32","22300506-602",
"1510","萬芳國小川堂大廳(一)","萬和街1號","萬芳里5-10","22301232-31",
"1511","萬芳國小川堂大廳(二)","萬和街1號","萬芳里11-16","22301232-31",
"1512","萬芳區民活動中心","萬美街1段51號3樓","萬芳里17-23","29365522-210、231",
"1513","社團法人臺北市基督教萬芳浸信會","萬美街1段19巷5之1號","萬芳里24-30","萬芳里全里","22303518",
"1514","萬芳國小活動中心","萬美里8鄰萬和街1號","萬美里1-7","22301232",
"1515","萬芳國小美勞教室(三)","萬美里8鄰萬和街1號","萬美里8-15","22301232",
"1516","萬芳國小1年2班教室","萬美里8鄰萬和街1號","萬美里16-23","萬美里全里","22301232",
"1517","萬芳國小1年1班教室","萬美里8鄰萬和街1號","萬美里24-30","22301232",
"1518","博嘉國小餐廳","木柵路4段159巷14之1號","博嘉里1-6、20","博嘉里全里","22302585","22301524",
"1519","木柵高工活動中心(二)","木柵路4段77號","博嘉里7、17-19、21","22300506","22390605",
"1520","木柵高工圖書館閱覽室","木柵路4段77號","博嘉里8-11","22300506","22390605",
"1521","椰城公園旁空地","和平東路4段101巷4弄9號後方","博嘉里12-16","937073585",
"1522","萬興國小家長會辦公室","秀明路二段114號","萬興里1-7","29381721",
"1523","萬興國小1年1班教室","秀明路二段114號","萬興里8-13、15","萬興里全里","29381721",
"1524","萬興國小1年2班教室","秀明路二段114號","萬興里14、16-19","29381721",
"1525","萬興國小1年3班教室","秀明路二段114號","萬興里20-25","29323131",
"1526","萬興國小1年4班教室","秀明路二段114號","萬興里26-31","29381721",
"1527","政大附中chomsky教室","政大一街353號","政大里1-4、","19-21","82377500",
"1528","政大附中woolf教室","政大一街353號","政大里5-8","82377500",
"1529","政大附中李白教室","政大一街353號","政大里9-13","82377500",
"1530","政大附中蘇東坡教室","政大一街353號","政大里14-18","政大里全里","82377500",
"1531","政大實小1年忠班教室","指南路3段12號","指南里14-17","29393610",
"1532","政大實小1年孝班室教室","指南路3段12號","指南里1-3、11、13、18","指南里全里","29393610",
"1533","指南國小學生活動中心","指南路3段38巷5之2號","指南里4-10、12","29393546",
"1534","東山高中司機休息室","老泉街26巷3號","老泉里1-9","老泉里全里","29396002",
