"投開票所編號",場所名稱,投開票所地址,所屬里別,所屬鄰別
1,德茂社區活動中心,下員坑３３之６號地下１樓,德茂里,全里
2,富基市民活動中心,楓林３７之６號,富基里,全里
3,老梅市民活動中心,老梅路４３號3樓,老梅里,1-8
4,老人休閒活動中心,公地４４號,老梅里,9-19
5,山溪市民活動中心,老崩山６之５號,山溪里,全里
6,石門國中(七年忠班),中央路１之９號,石門里,全里
7,尖鹿市民活動中心,中央路９之３號,尖鹿里,全里
8,妙濟寺,內阿里磅１號,乾華里,全里
9,茂林市民活動中心,茂林社區１之１號,茂林里,全里
10,草里市民活動中心,阿里荖３３之１號３樓,草里里,全里
11,八賢里活動中心,八連溪４１號,八賢里,全里
12,"三芝國小
(1年1班教室)",育英街２２號,埔頭里,1-13
13,"三芝國小
(1年3班教室)",育英街２２號,埔頭里,14-27
14,"三芝國小
(1年5班教室)",育英街２２號,埔頭里,28-42
15,福德宮活動中心,茂興店８７號,古庄里,全里
16,三和社區活動中心,蕃社后３之１號,新庄里,全里
17,三芝國中(703教室),淡金路一段３８號,埔坪里,1-6
18,"三芝國中
(資源教室A)",淡金路一段３８號,埔坪里,7-10
19,三芝國中(901教室),淡金路一段３８號,埔坪里,11-19
20,三芝國中(902教室),淡金路一段３８號,埔坪里,20-35
21,茂長里活動中心,陳厝坑６１之３號,茂長里,全里
22,橫山里活動中心,大坑８６之１號,橫山里,全里
23,錫板智成堂,海尾１７號,錫板里,全里
24,"芝蘭老人文康活動中
心",北勢子４１之１號,後厝里,全里
25,福德里活動中心,埔尾９之１號,福德里,全里
26,圓山里活動中心,木屐寮３２之２號,圓山里,全里
27,"三芝區農會北新庄辦
事處集貨場",楓子林４９之２號,店子里,全里
28,興華國小風雨教室,田心子５號,興華里,全里
29,中和市民活動中心,小中寮１９之２號,中和里,全里
30,屯山國小,淡金路五段１１１號,屯山里,全里
31,正德國中賢孝校區,後洲子１１號,賢孝里,全里
32,興仁國小,興仁路１０１巷１０號,興仁里,全里
33,玄玄廟（原仙媽廟）,安子內１２號旁,蕃薯里,全里
34,忠山市民活動中心,椿子林１８號,忠山里,全里
35,集應廟,下圭柔山３５之３號,義山里,1-13
36,集應廟,下圭柔山３５之３號,義山里,14-19
37,無極天元宮,北新路三段３６號,水源里,1-6
38,無極天元宮,北新路三段３６號,水源里,7-22
39,北新有機農場,演戲埔腳３之２號,忠寮里,全里
40,樹興市民活動中心,糞箕湖２５號,樹興里,全里
41,坪頂市民活動中心,坪頂路７１０巷１號,坪頂里,全里
42,"臺灣長老教會關渡教
會",自強路３０７巷４號,福德里,"1,8,18,19"
43,"中華基督教長老會信
友堂-關渡自強分堂",自強路３０７巷２號,福德里,"2,13,20"
44,竹圍國小自強分校,自強路３５號,福德里,3-5
45,竹圍國小自強分校,自強路３５號,福德里,"6,7,9-12,
14-17"
46,土地公廟旁,民族路１７巷底,竹圍里,"1,2,7,8,13-1"
47,土地公廟旁,民族路１７巷底,竹圍里,3
48,空屋,"民族路２９巷２弄６號（觀海
極品後方）",竹圍里,4-6
49,竹圍慈濟資源回收場,民族路６５巷２號,竹圍里,9-12
50,空屋,民權路１７９巷６號,民權里,"1-6,9-12"
51,關渡站前A區中庭廣場,民權路１７７巷５３號,民權里,"7,8,13-17"
52,民生市民活動中心,民生路２７號１樓(托兒所),民生里,"1,5,10,16-19"
53,民生里土地公廟,"民生路１１３巷３弄３２號對
面",民生里,"2-4,6-9,11-1"
54,民生里休閒區,"民生路１１３巷３弄３２號旁
(民生里土地公廟對面)",民生里,"14,15,20-28"
55,民生市民活動中心,民生路２７號６樓,民生里,29-32
56,竹圍國小,中正東路二段１４５號,八勢里,"1-4,8"
57,竹圍國小,中正東路二段１４５號,八勢里,"5,9,10,12"
58,八勢里活動中心,八勢一街４２巷３號旁,八勢里,"6,7,11,13,14"
59,綠波山莊交誼廳,坪頂路７０巷３７號,竿蓁里,"1,3,15,16"
60,紅樹林護理之家,中正東路一段１１１巷２２號,竿蓁里,"2,4,23,24"
61,竿蓁市民活動中心,中正東路一段３巷６號１樓,竿蓁里,"5-10,12,13"
62,竿蓁市民活動中心,中正東路一段３巷６號２樓,竿蓁里,"11,14,25,26"
63,消防隊活動中心,"中正東路一段１２５號（消防
分隊旁）",竿蓁里,17-22
64,新市國小,中山北路二段２００號,崁頂里,1
65,新市國小,中山北路二段２００號,崁頂里,"2,3,5"
66,新市國小,中山北路二段２００號,崁頂里,4
67,育英國小,埤島１４號,崁頂里,6-15
68,埤島市民活動中心,埤島１４號,埤島里,全里
69,正德國中,北新路１０９號,水碓里,1-8
70,正德國中,北新路１０９號,水碓里,9-14
71,正德國中,北新路１０９號,水碓里,15-20
72,正德國中,北新路１０９號,北新里,1-10
73,正德國中,北新路１０９號,北新里,11-20
74,正德國中,北新路１０９號,正德里,"1,9-14"
75,正德國中,北新路１０９號,正德里,2-8
76,新興國小,新興街１２３號,新興里,"1,4"
77,新興國小,新興街１２３號,新興里,"2,6,8"
78,新興國小,新興街１２３號,新興里,"3,5,7"
79,新興國小,新興街１２３號,新義里,1-7
80,新興國小,新興街１２３號,新義里,8-11
81,新興國小,新興街１２３號,新義里,12-14
82,新興國小,新興街１２３號,新春里,1-3
83,新興國小,新興街１２３號,新春里,"4,5"
84,新興國小,新興街１２３號,新春里,"6-8,11"
85,新興國小,新興街１２３號,新春里,"9,10"
86,新興國小,新興街１２３號,新民里,1-3
87,新興國小,新興街１２３號,新民里,4-8
88,新興國小,新興街１２３號,新民里,9-12
89,新市國小,中山北路二段２００號,北投里,1-5
90,北投里福德宮,北新路２２３號旁,北投里,"6-8,11,21,22"
91,新市國小,中山北路二段２００號,北投里,"9,10,12-17"
92,新市國小,中山北路二段２００號,北投里,18-20
93,鄧公國小,學府路９９號,鄧公里,1-5
94,鄧公國小,學府路９９號,鄧公里,6-11
95,鄧公國小,學府路９９號,鄧公里,12-17
96,鄧公國小,學府路９９號,幸福里,1-6
97,鄧公國小,學府路９９號,幸福里,7-12
98,鄧公國小,學府路９９號,幸福里,13-19
99,鄧公國小,學府路９９號,學府里,1-8
100,鄧公國小,學府路９９號,學府里,9-18
101,中興市民活動中心,水源街一段２９號１樓,中興里,1-7
102,中興市民活動中心,水源街一段２９號２樓,中興里,8-10
103,中興市民活動中心,水源街一段２９號３樓,中興里,11-18
104,長庚市民活動中心,中山路７２巷１弄１０號,長庚里,全里
105,淡水清水巖活動中心,清水街１６０號,清文里,全里
106,觀宗寺,中正路１５號,草東里,全里
107,淡水國小,中山路１６０號,協元里,全里
108,永吉里集會所,清水街２１２號,永吉里,全里
109,福佑宮,中正路２００號,民安里,全里
110,"新北市淡水地政事務
所",中正路２３３號,新生里,全里
111,文化國小,真理街６號,文化里,全里
112,忠義宮蘇府王爺廟,中正路一段３２號,油車里,"1-9,15-17"
113,天生國小,淡海路７２巷２６號,油車里,10-13
114,天生國小,淡海路７２巷２６號,油車里,"14,18-20"
115,保安廟,淡海路１８９巷１０號,沙崙里,1-4
116,保安廟（聚福廳）,淡海路１８９巷２５號,沙崙里,5-8
117,淡海市民活動中心,淡海路１１１號,大庄里,1-6
118,淡海基督教會,沙崙路１８１巷３０號,大庄里,7-9
119,行忠宮,新民街一段８０號,大庄里,10-12
120,空屋,頂寮２街８５號,龍源里,1-9
121,龍米市民活動中心,龍米路一段２２３號,龍源里,"10-15,23-27"
122,聖心小學活動中心,龍米路一段２６１號,龍源里,"16-22,28-30"
123,米倉國小（101）教室,龍米路二段１２９巷１號,米倉里,"1-9,11-13"
124,渡船頭市民活動中心,渡船頭街１１巷８號,米倉里,"10,14-24"
125,"大崁老人文康活動中
心",中山路一段２１號,大崁里,全里
126,大埤頂市民活動中心,中山路一段９５號,埤頭里,1-12
127,"中庄市場綜合大樓3樓
(市民活動中心）",中山路一段１０９號3樓,埤頭里,13-28
128,北極宮,文昌路８９號之２,頂罟里,全里
129,文化活動中心,中山路二段２５１號,舊城里,1-8
130,"八里國小明德樓
(1106)教室",中山路二段３３８號,舊城里,9-14
131,"八里國小明德樓
(1107)教室",中山路二段３３８號,舊城里,15-17
132,"八里國小明德樓
(1108)教室",中山路二段３３８號,舊城里,18-22
133,"八里國小朝陽樓
(4104)教室",中山路二段３３８號,訊塘里,1-9
134,"八里國小朝陽樓
(4105)教室",中山路二段３３８號,訊塘里,10-23
135,"下庄市場綜合大樓4樓
(市民活動中心）",舊城路１９號４樓,荖阡里,全里
136,"長坑活動中心（長坑
國小內）",中華路三段２３６號,長坑里,全里
137,下罟長青活動中心,中山三段１７３號,下罟里,全里
138,醒吾中學,粉寮路一段７５巷８０號,東林里,1-12
139,醒吾中學,粉寮路一段７５巷８０號,東林里,13-18
140,醒吾中學,粉寮路一段７５巷８０號,東林里,19-27
141,醒吾中學,粉寮路一段７５巷８０號,林口里,1-5
142,醒吾中學,粉寮路一段７５巷８０號,林口里,6-13
143,醒吾中學,粉寮路一段７５巷８０號,林口里,14-29
144,林口高中,仁愛路二段１７３號,西林里,1-9
145,林口高中,仁愛路二段１７３號,西林里,10-13
146,林口高中,仁愛路二段１７３號,西林里,14-23
147,林口高中,仁愛路二段１７３號,西林里,24-29
148,林口高中,仁愛路二段１７３號,西林里,30-35
149,林口國小,林口路７６號,菁湖里,1-9
150,林口國小,林口路７６號,菁湖里,10-16
151,林口國小,林口路７６號,菁湖里,17-23
152,佳林國中,中山路２６８號,中湖里,"1-6,8"
153,佳林國中,中山路２６８號,中湖里,"7,9-17"
154,湖北市民活動中心,後湖１７之６號,湖北里,全里
155,頭湖國小,民權路１０１號,湖南里,1-5
156,頭湖國小,民權路１０１號,湖南里,"6-9,30,31"
157,頭湖國小,民權路１０１號,湖南里,"19-22,29"
158,頭湖國小,民權路１０１號,湖南里,23-28
159,林口國中,民治路２５號,湖南里,"10-12,32-34"
160,林口國中,民治路２５號,湖南里,13-18
161,林口國中,民治路２５號,湖南里,36-39
162,林口國中,民治路２５號,湖南里,"35,40-43"
163,南勢國小,南勢街２１５號,南勢里,1-7
164,南勢國小,南勢街２１５號,南勢里,8-14
165,南勢國小,南勢街２１５號,南勢里,15-19
166,南勢國小,南勢街２１５號,南勢里,20-25
167,新北特殊教育學校,文化北路一段４２５號,南勢里,26-30
168,新北特殊教育學校,文化北路一段４２５號,南勢里,"31,32,34,35"
169,新北特殊教育學校,文化北路一段４２５號,南勢里,"33,36-40"
170,林口國中,民治路２５號,仁愛里,1-6
171,林口國中,民治路２５號,仁愛里,7-18
172,林口國中,民治路２５號,仁愛里,19-30
173,麗林國小,公園路４６號,麗林里,1-9
174,麗林國小,公園路４６號,麗林里,10-18
175,麗林國小,公園路４６號,麗林里,19-27
176,麗林國小,公園路４６號,麗林里,28-32
177,麗園國小,忠孝路５９１號,東勢里,1-10
178,麗園國小,忠孝路５９１號,東勢里,11-27
179,麗園國小,忠孝路５９１號,東勢里,28-39
180,麗園國小,忠孝路５９１號,麗園里,1-11
181,麗園國小,忠孝路５９１號,麗園里,12-19
182,頂福里集會所,"頂福２０號之１６（祖師公廟
旁）",頂福里,全里
183,興福國小,下福１０之１號,下福里,全里
184,嘉寶國小,嘉溪雅坑２２號,嘉寶里,全里
185,瑞平國小,後坑３４之１號,瑞平里,全里
186,瑞平國小,後坑３４之１號,太平里,全里
187,更寮國小1年1班教室,四維路２號,興珍里,1-15
188,興珍社區活動中心,四維路２號,興珍里,"16,17,30-39"
189,福興宮,中興路一段１５１巷４號,興珍里,"18-29,40"
190,更新市民活動中心,更洲路４５號,更寮里,全里
191,觀音市民活動中心,凌雲路三段１７之２號,觀音里,全里
192,清水灣大樓會議室,成泰路四段２２巷２號１樓,集福里,2-12
193,薪關渡大樓會議室,成泰路四段２４號之１０,集福里,"1,13-16,23-2"
194,集福市民活動中心,孝義路５５巷１０號,集福里,17-22
195,集福社區活動中心,天乙路３號之１,集賢里,1-10
196,集福社區活動中心,天乙路３號之１,集賢里,11-22
197,"成州國小一年一班教
室(B109)",成泰路三段４９３號,成德里,1-12
198,"成州國小一年三班教
室(B107)",成泰路三段４９３號,成德里,13-23
199,"成州國小一年五班教
室(B105)",成泰路三段４９３號,成州里,9-18
200,"成州國小一年七班教
室(B103)",成泰路三段４９３號,成州里,19-25
201,成州市民活動中心,西雲路２６７號,成州里,"1-8,26,27"
202,成功市民活動中心1樓,西雲路１６３號１樓,成功里,1-13
203,"五股區社教大樓1樓廣
場",西雲路１６５號１樓,成功里,14-25
204,成功市民活動中心2樓,西雲路１６３號２樓,成功里,26-34
205,成泰里守望相助隊,御史路１之５號,成泰里,1-11
206,成泰里守望相助隊,御史路１之５號,成泰里,12-21
207,法國宮庭社區大廳,御成路１４０號,成泰里,22-34
208,空屋,民義路二段５２之２２號,五龍里,全里
209,五福里集會所,五福路２２巷２５號之１,五福里,"11-15,18-23"
210,台北愛家大樓會議室,五福路１４巷底,五福里,"1-10,16,17"
211,"撲滿成家大樓中庭會
議室",五福路３５至５７號中庭,六福里,1-12
212,"撲滿成家大樓中庭會
議室",五福路３５至５７號中庭,六福里,13-23
213,五股區文康中心,民義路一段２１８號,民義里,1-13
214,聖天宮廣場,工商路１２９巷１之１號,民義里,14-23
215,"五股國小科任教室
(三)",成泰路二段４９號,五股里,1-13
216,"五股國小英語教室
(三)",成泰路二段４９號,五股里,14-28
217,德音社區活動中心,蓬萊路１號之５,德音里,1-10
218,裕昌宮,成泰路一段２３５號,德音里,11-21
219,空屋,成泰路一段１８９巷９弄３號,德音里,22-30
220,"德音國小團輔教室
(114)",明德路２號,水碓里,1-8
221,"德音國小群組教室
(115)",明德路２號,水碓里,9-18
222,"德音國小英語教室
(116)",明德路２號,水碓里,19-28
223,"德音國小1樓圓樓(健
康中心旁)",明德路２號,水碓里,29-36
224,"德音國小健康中心
(102)",明德路２號,福德里,1-10
225,"德音國小體育器材室
(101)",明德路２號,福德里,11-19
226,聖源地母宮,成泰路一段７巷１４弄１７號,德泰里,"12-14,16-20"
227,台北星洲社區圖書室,成泰路一段３２巷３２號,德泰里,3-8
228,德泰市民活動中心,成泰路一段８巷４號,德泰里,"1,2,9-11,15,
21,22"
229,貿商社區活動中心,貿商里４５６號,貿商里,1-14
230,貿商社區活動中心,貿商里４５６號,貿商里,15-25
231,"陸光新城A社區活動中
心",六合街５６號１樓,陸一里,1-17
232,"陸光新城A社區活動中
心",六合街５８號１樓,陸一里,18-35
233,大科市民活動中心,大科路４２號,大科里,1-13
234,南亞林口廠福利社,南林路１０１號,大科里,14-16
235,黎明市民活動中心,黎明路２３號,黎明里,"3-7,9-11"
236,泰山國中,泰林路二段４９８號,黎明里,"1,2,8,12-17"
237,泰山國中,泰林路二段４９８號,山腳里,1-9
238,泰山國中,泰林路二段４９８號,山腳里,10-19
239,泰山國小,泰林路二段２５５號,山腳里,"20-30,33"
240,泰山國小,泰林路二段２５５號,山腳里,"31,32,34-45"
241,"楓樹福泰市民活動中
心",楓江路２６巷２６號,福泰里,1-12
242,"楓樹福泰市民活動中
心",楓江路２６巷２６號,福泰里,13-25
243,泰山國小,泰林路二段２５５號,福興里,1-15
244,泰山國小,泰林路二段２５５號,福興里,16-25
245,山腳市民活動中心,福德街１４號,楓樹里,1-8
246,泰山國小,泰林路二段２５５號,楓樹里,9-20
247,"楓樹福泰市民活動中
心2樓",楓江路２６巷２６號２樓,楓樹里,21-28
248,泰山高中,辭修路７號,同榮里,1-9
249,泰山高中,辭修路７號,同榮里,10-22
250,同榮國小,公園路３３號,同榮里,23-30
251,泰山高中,辭修路７號,同興里,1-10
252,泰山高中,辭修路７號,同興里,11-24
253,義學國小,民生路３０號,全興里,"1-5,7"
254,義學國小,民生路３０號,全興里,"6,8,9"
255,義學國小,民生路３０號,全興里,"10-15,17"
256,義學國小,民生路３０號,全興里,"16,18-21"
257,義學國小,民生路３０號,全興里,22-25
258,同榮國小,公園路３３號,義學里,"1-3,5"
259,同榮國小,公園路３３號,義學里,"4,6-14"
260,義學市民活動中心,明志路二段１０６號,義學里,15-25
261,義學國中,民生路３３號,義仁里,1-10
262,義學國中,民生路３３號,義仁里,"11-19,22,24,
25"
263,義仁市民活動中心,明志路二段１７７號,義仁里,"20,21,26"
264,義學國中,民生路３３號,義仁里,"23,27-39"
265,明志國小,新生路２號,明志里,1-7
266,明志國小,新生路２號,明志里,8-15
267,明志市民活動中心,明志路二段４２６號,明志里,16-24
268,明志國小,新生路２號,泰友里,1-9
269,明志國小,新生路２號,泰友里,10-18
270,明志國小,新生路２號,新明里,1-13
271,明志國小,新生路２號,新明里,14-25
272,頂泰山巖交誼中心,應化街３２號,貴子里,1-4
273,"明志科技大學（綜合
大樓1樓）",工專路８４號,貴子里,5-15
274,貴子市民活動中心,工專路２２號,貴子里,16-29
275,明志國小,新生路２號,貴賢里,1-15
276,貴賢市民活動中心,明志路三段１９７號,貴賢里,16-27
277,道明幼兒園,明志路三段２９５號,貴和里,1-23
278,道明幼兒園,明志路三段２９５號,貴和里,24-32
279,貴和市民活動中心,明志路三段３６５號,貴和里,33-42
280,豐年國小(125教室),瓊泰路１１６號,海山里,1-11
281,豐年國小(112教室),瓊泰路１１６號,海山里,12-16
282,豐年國小(114教室),瓊泰路１１６號,海山里,17-19
283,豐年國小(101教室),瓊泰路１１６號,海山里,20-24
284,擇善寺,新莊路５４３巷１１號,全安里,"1-3,5,12,13,
15"
285,覺明寺,豐年街５１巷１７弄１號,全安里,"4,6-11,14"
286,全安市民活動中心2樓,新莊路５２７號,全安里,16-22
287,"新泰市民活動中心正
門交誼廳",建中街１１６巷３弄２號,全泰里,1-6
288,"新泰市民活動中心側
門交誼廳",建中街１１６巷３弄２號,全泰里,7-17
289,"新泰市民活動中心側
門辦公室前",建中街１１６巷３弄２號,全泰里,18-27
290,新泰國小(114教室),公園一路９１號,忠孝里,1-11
291,新泰國小(115教室),公園一路９１號,忠孝里,12-22
292,新泰國小(116教室),公園一路９１號,忠孝里,23-29
293,新莊基督長老教會,武前街２７號,文衡里,1-7
294,"新莊基督長老教會社
區福音中心",武前街２３號,文衡里,8-16
295,"天下一家社區活動中
心",建中街３９號,文聖里,1-15
296,"天下一家社區活動中
心",建中街３９號,文聖里,16-29
297,慈惠堂餐廳,新莊路４１５號之４,興漢里,"1-5,8-15"
298,新莊浸信會,建興街４號,興漢里,16-22
299,鳴遠幼兒園,新興街１號,興漢里,"6,7,23-32"
300,慈祐宮文教大樓,新莊路２１４巷９號,榮和里,"1-11,21,22"
301,新莊區衛生所,中華路一段２號１樓,榮和里,"12-20,23-25"
302,廣福宮(三山國王廟),新莊路１５０號,文德里,全里
303,新莊國小(145教室),中正路８６號,文明里,全里
304,化成市民活動中心,化成路３１４巷２號,化成里,1-6
305,化成市民活動中心,化成路３１４巷２號,化成里,7-15
306,頭前國小(105教室),化成路２３１號,頭前里,1-6
307,頭前國小(106教室),化成路２３１號,頭前里,7-10
308,頭前國小(108教室),化成路２３１號,頭前里,11-14
309,頭前國小(109教室),化成路２３１號,頭前里,15-16
310,民宅,化成路３７３之４號,福基里,1-6
311,民宅,化成路８１４巷２號,福基里,7-9
312,興化國小(106教室),五工二路５０巷２號,福基里,10-17
313,興化國小(107教室),五工二路５０巷２號,福興里,1-4
314,興化國小(108教室),五工二路５０巷２號,福興里,5-7
315,興化國小(109教室),五工二路５０巷２號,福興里,8-12
316,興化國小(110教室),五工二路５０巷２號,福興里,13-17
317,昌平國小(101教室）,昌平街２００號,昌平里,1-7
318,昌平國小(103教室）,昌平街２００號,昌平里,8-15
319,昌平國小(105教室),昌平街２００號,昌平里,16-21
320,頭前國中(312教室),中原路２號,和平里,1-7
321,頭前國中(314教室),中原路２號,和平里,8-15
322,頭前國中(315教室),中原路２號,和平里,16-21
323,昌隆國小(126教室),昌隆街６３號,幸福里,1-10
324,昌隆國小(127教室),昌隆街６３號,幸福里,11-20
325,昌隆國小(128教室),昌隆街６３號,幸福里,21-30
326,昌隆國小(125教室),昌隆街６３號,昌隆里,1-7
327,昌隆國小(124教室),昌隆街６３號,昌隆里,8-12
328,昌隆國小(123教室),昌隆街６３號,昌隆里,13-15
329,昌隆國小(136教室),昌隆街６３號,信義里,1-8
330,昌隆國小(137教室),昌隆街６３號,信義里,9-18
331,昌隆國小(138教室),昌隆街６３號,信義里,19-25
332,昌隆國小(132教室),昌隆街６３號,昌信里,1-9
333,昌隆國小(133教室),昌隆街６３號,昌信里,10-17
334,昌隆國小（134教室),昌隆街６３號,昌明里,1-8
335,昌隆國小(135教室),昌隆街６３號,昌明里,9-18
336,思賢國小(103教室),自立街２２９號,仁義里,1-9
337,思賢國小(104教室),自立街２２９號,仁義里,10-20
338,思賢國小(122教室),自立街２２９號,仁愛里,1-10
339,思賢國小(123教室),自立街２２９號,仁愛里,11-20
340,聯合市民活動中心1樓,自由街１號,自信里,1-6
341,聯合市民活動中心2樓,自由街１號,自信里,7-12
342,思賢國小(118教室),自立街２２９號,自立里,1-4
343,思賢國小(119教室),自立街２２９號,自立里,5-14
344,思賢國小(143教室),自立街２２９號,自立里,15-26
345,思賢國小(114教室),自立街２２９號,自強里,1-8
346,思賢國小(115教室),自立街２２９號,自強里,9-15
347,思賢國小(109教室),自立街２２９號,思源里,1-7
348,思賢國小(110教室),自立街２２９號,思源里,8-14
349,思賢國小(111教室),自立街２２９號,思源里,15-22
350,老人文康活動中心1樓,長青街３０號,思賢里,1-5
351,老人文康活動中心2樓,長青街３０號,思賢里,6-14
352,老人文康活動中心3樓,長青街３０號,思賢里,15-21
353,"新北市立圖書館中港
分館",中港路３５０號,中華里,1-10
354,新北市立新莊幼兒園,中港路３５０號,中華里,11-15
355,"竣業精典二期社區管
理委員會警衛室",中華路一段１３６巷１４號,中美里,"4-6,13-16,24"
356,"中港第一市民活動中
心",中港路１７２號,中美里,"1-3,7-11"
357,"中港第一市民活動中
心",中港路１７２號,中美里,"12,17-23"
358,新莊國小(122教室),中正路８６號,恆安里,1-10
359,新莊國小(123教室),中正路８６號,恆安里,11-19
360,新莊國小(125教室),中正路８６號,恆安里,20-24
361,新莊國小(126教室),中正路８６號,立人里,1-3
362,新莊國小(128教室),中正路８６號,立人里,4-9
363,新泰市民活動中心B1,建中街１１６巷３弄２號,立德里,1-8
364,新泰市民活動中心B1,建中街１１６巷３弄２號,立德里,9-17
365,中港國小(3108教室),中港一街１４２號,中和里,1-10
366,中港國小(3109教室),中港一街１４２號,中和里,11-20
367,中港國小(3110教室),中港一街１４２號,中和里,21-30
368,中港國小(5104教室),中港一街１４２號,中泰里,1-7
369,中港國小(5105教室),中港一街１４２號,中泰里,8-15
370,中港國小(5106教室),中港一街１４２號,中泰里,16-22
371,中港國小(5101教室),中港一街１４２號,中宏里,1-10
372,中港國小(5102教室),中港一街１４２號,中宏里,11-20
373,中港國小(4104教室),中港一街１４２號,中全里,1-11
374,中港國小(4106教室),中港一街１４２號,中全里,12-18
375,中港國小(1101教室),中港一街１４２號,立志里,1-6
376,中港國小(1102教室),中港一街１４２號,立志里,7-10
377,中港國小(1103教室),中港一街１４２號,立志里,11-16
378,中港國小(3111教室),中港一街１４２號,立廷里,1-10
379,中港國小(3112教室),中港一街１４２號,立廷里,"11-15,17,18"
380,中平國中(靜心1-3),中平路３８５號,立廷里,"16,19-22"
381,中平國中(靜心1-4),中平路３８５號,立廷里,23-27
382,中平國中(靜心1-5),中平路３８５號,立廷里,28-32
383,中平國中(靜心1-6),中平路３８５號,立廷里,33-40
384,中港國小(4107教室),中港一街１４２號,立基里,1-7
385,中港國小(4108教室),中港一街１４２號,立基里,8-14
386,中港國小(4109教室),中港一街１４２號,立基里,15-23
387,中港國小(4110教室),中港一街１４２號,立基里,24-32
388,中港國小(4102教室),中港一街１４２號,中誠里,1-7
389,中港國小(4103教室),中港一街１４２號,中誠里,8-15
390,榮富國小(1年11班),中和街１９３號,中港里,1-5
391,榮富國小(1年12班),中和街１９３號,中港里,6-15
392,榮富國小(1年13班),中和街１９３號,中港里,16-20
393,榮富國小(1年14班),中和街１９３號,中港里,21-28
394,榮富國小(1年1班),中和街１９３號,中信里,1-6
395,榮富國小(1年2班),中和街１９３號,中信里,7-15
396,榮富國小(1年3班),中和街１９３號,中信里,16-19
397,榮富國小(1年4班),中和街１９３號,中信里,20-26
398,榮富國小(1年5班),中和街１９３號,中信里,27-34
399,榮富國小(1年6班),中和街１９３號,中平里,1-7
400,榮富國小(1年7班),中和街１９３號,中平里,8-12
401,榮富國小(1年8班),中和街１９３號,中平里,"13-15,17,20"
402,榮富國小(1年9班),中和街１９３號,中平里,"16,18"
403,榮富國小(1年10班),中和街１９３號,中平里,"19,21-23"
404,中信國小(101教室),中信街１６８號,中原里,1-6
405,中信國小(102教室),中信街１６８號,中原里,7-11
406,中信國小(103教室),中信街１６８號,中原里,"12,21,22,28,
29"
407,中信國小(116教室),中信街１６８號,中原里,13-18
408,榮富國小(1年15班),中和街１９３號,中原里,"19,20,23-27"
409,榮富國小(1年16班),中和街１９３號,中原里,30-33
410,天莊社區圖書室,中港路４５４號,中隆里,"1-14,16-19"
411,中信國小(117教室）,中信街１６８號,中隆里,"15,20"
412,中信國小(120教室),中信街１６８號,中隆里,21-27
413,新泰國中(704教室),新泰路３５９號,立功里,1-14
414,新泰國中(821教室),新泰路３５９號,立功里,15-25
415,新泰國中(822教室),新泰路３５９號,立泰里,1-6
416,新泰國中(823教室),新泰路３５９號,立泰里,7-15
417,新泰國中(824教室),新泰路３５９號,立泰里,16-21
418,新泰國小(209教室),公園一路９１號,立言里,"1-10,12"
419,新泰國小(208教室),公園一路９１號,立言里,"11,19,13-17"
420,新泰國小(207教室),公園一路９１號,立言里,"18,20-24"
421,豐年國小(116教室),瓊泰路１１６號,豐年里,"1-4,15"
422,豐年國小(117教室),瓊泰路１１６號,豐年里,"5-8,14"
423,豐年國小(118教室),瓊泰路１１６號,豐年里,"9-13,16"
424,豐年國小(115教室),瓊泰路１１６號,國泰里,全里
425,清潔大樓(清潔隊),瓊林路３４號１樓,泰豐里,"1,3-7"
426,豐年市民活動中心,豐年街５７之５號,泰豐里,"2,8-14"
427,瓊泰市民活動中心1樓,瓊泰路８５號,瓊林里,"1,2"
428,"瓊泰市民活動中心(地
下室)",瓊泰路８５號,瓊林里,3-6
429,新莊仁濟醫院,中環路一段２８號,瓊林里,7-10
430,瓊林市民活動中心,瓊林北路１之１號,瓊林里,11-20
431,福營集會所,福營路２９號,福營里,1-10
432,"新北市立新莊幼兒園
中心分班",福營路２７７號,福營里,11-20
433,國泰國小(101教室),中正路３８６號,營盤里,"1-8,19"
434,民宅,中正路５８６巷２號,營盤里,9-18
435,心慈托兒所,中正路７００之１４號,丹鳳里,1-7
436,慈悲寺,壽山路１６２號,丹鳳里,8-13
437,慈悲寺,壽山路１６２號,丹鳳里,"14-16,24-28"
438,"伊吉邦社區文教區廣
場",新北大道七段３１６號,丹鳳里,17-20
439,"伊吉邦社區文教區廣
場",新北大道七段３１６號,丹鳳里,21-23
440,"牡丹心市民活動中心
(才藝教室)",雙鳳路７５號５樓,合鳳里,1-8
441,"牡丹心市民活動中心
(閱覽室)",雙鳳路７５號５樓,合鳳里,9-16
442,"牡丹心市民活動中心
(交誼廳)",雙鳳路７５號５樓,合鳳里,17-25
443,晨光幼兒園,雙鳳路９０巷３弄５號,祥鳳里,1-8
444,晨光幼兒園,雙鳳路９０巷３弄５號,祥鳳里,9-18
445,丹鳳國小(124教室),新北大道七段４３７號,雙鳳里,1-3
446,丹鳳國小(125教室),新北大道七段４３７號,雙鳳里,4-10
447,丹鳳國小(126教室),新北大道七段４３７號,雙鳳里,11-13
448,丹鳳國小(127教室),新北大道七段４３７號,雙鳳里,14-25
449,丹鳳國小(129教室),新北大道七段４３７號,雙鳳里,"26-28,30"
450,丹鳳國小(130教室),新北大道七段４３７號,雙鳳里,"29,31-36"
451,三和基督長老教會,中正路９２９巷２６號,龍福里,1-8
452,"三和基督長老教會(車
庫)",中正路９２９巷２６號,龍福里,9-13
453,丹鳳高中(901教室),龍安路７２號,龍鳳里,1-6
454,丹鳳高中(905教室),龍安路７２號,龍鳳里,7-13
455,丹鳳高中(801教室),龍安路７２號,龍鳳里,14-22
456,丹鳳高中(804教室),龍安路７２號,龍鳳里,"23-27,30"
457,丹鳳高中(806教室),龍安路７２號,龍鳳里,"28,29"
458,裕民國小(106教室),裕民街１２３號,裕民里,1-7
459,裕民國小(108教室),裕民街１２３號,裕民里,8-15
460,裕民國小(109教室),裕民街１２３號,裕民里,16-23
461,裕民國小(111教室),裕民街１２３號,裕民里,24-32
462,裕民國小(101教室),裕民街１２３號,龍安里,1-9
463,裕民國小(103教室),裕民街１２３號,龍安里,10-15
464,雙富綠廊,福營路３７８號（對面）,富國里,1-7
465,雙富綠廊,福營路３７８號（對面）,富國里,8-14
466,富民集會所,中正路７８７號,富民里,1-12
467,雙富綠廊,福營路３７８號(對面),富民里,13-21
468,"長青文康活動中心(閱
覽室)",後港一路１９號Ｂ１,後德里,1-7
469,"長青文康活動中心(視
聽室)",後港一路１９號Ｂ１,後德里,8-15
470,"福營國中(信1-5資源
教室)",富國路１０５號,萬安里,1-9
471,"福營國中(和1-3特教
教室)",富國路１０５號,萬安里,10-18
472,"後港市民活動中心二
樓會議室",建安街２６巷４號２樓,建福里,1-6
473,"後港市民活動中心二
樓親子圖書館",建安街２６巷４號２樓,建福里,7-13
474,"後港市民活動中心地
下一樓健身房",建安街２６巷４號,後港里,1-8
475,"後港市民活動中心地
下一樓健身房",建安街２６巷４號,後港里,9-17
476,"後港市民活動中心一
樓交誼中心",建安街２６巷４號,後港里,18-24
477,"後港市民活動中心一
樓交誼中心",建安街２６巷４號,後港里,25-31
478,福營國中(健體教室),富國路１０５號,四維里,1-8
479,福營國中(補一教室),富國路１０５號,四維里,9-16
480,福營國中(補二教室),富國路１０５號,四維里,17-22
481,"四維市民活動中心地
下室",四維路１８６巷２號,南港里,1-6
482,"四維市民活動中心地
下室",四維路１８６巷２號,南港里,7-12
483,四維市民活動中心1樓,四維路１８６巷２號,南港里,13-18
484,四維市民活動中心1樓,四維路１８６巷２號,南港里,19-22
485,民安國小(154教室),民安路２６１號,建安里,1-9
486,民安國小(155教室),民安路２６１號,建安里,10-20
487,民安國小(157教室),民安路２６１號,建安里,21-26
488,民安國小(159教室),民安路２６１號,建安里,27-34
489,民安國小(110教室),民安路２６１號,民全里,"1-6,17"
490,民安國小(151教室),民安路２６１號,民全里,7-16
491,民安國小(120教室),民安路２６１號,八德里,1-8
492,民安國小(122教室),民安路２６１號,八德里,9-16
493,光華國小(101教室),龍安路４５２號,成德里,1-8
494,光華國小(102教室),龍安路４５２號,成德里,9-15
495,光華國小(103教室),龍安路４５２號,成德里,16-23
496,民安國小(161教室),民安路２６１號,民安里,1-11
497,民安國小(163教室),民安路２６１號,民安里,"12-15,19-22"
498,光華國小(104教室),龍安路４５２號,民安里,"16-18,23-27"
499,光華國小(105教室),龍安路４５２號,民安里,28-33
500,四海一家文康室,西盛街１８０號,民有里,1-11
501,"中國海B.C棟社區會議
室",西盛街１５３巷６號,民有里,12-20
502,民安國小(152教室),民安路２６１號,民本里,1-9
503,民安國小(153教室),民安路２６１號,民本里,10-19
504,光華國小(114教室),龍安路４５２號,光明里,1-8
505,光華國小(115教室),龍安路４５２號,光明里,9-14
506,光華國小(116教室),龍安路４５２號,光明里,15-21
507,光華國小(八德B11),龍安路４５２號,光正里,1-5
508,光華國小(八德B12),龍安路４５２號,光正里,6-14
509,光華國小(八德B13),龍安路４５２號,光正里,15-22
510,光華國小(八德A11),龍安路４５２號,光榮里,1-5
511,光華國小(八德A12),龍安路４５２號,光榮里,"6-10,12"
512,光華國小(八德A13),龍安路４５２號,光榮里,"11,13-20"
513,光華國小(三民124),龍安路４５２號,光和里,1-9
514,光華國小(三民125),龍安路４５２號,光和里,10-19
515,"民生社會社區（多元
會議室）",民安西路３８２號２樓,光華里,1-9
516,"民生社會社區（視聽
娛樂室）",民安西路３８０號２樓,光華里,10-17
517,"民生社會社區（舞蹈
韻律室）",民安西路３９２號２樓,光華里,18-23
518,"民生社會社區（運動
健身室）",民安西路３９２號２樓,光華里,24-28
519,西盛市民活動中心,民安路３９３號,西盛里,"1-5,19,22"
520,"華新麗華股份有限公
司",新樹路２５６號,西盛里,"7,8,23"
521,享奎股份有限公司,新樹路５２９號,西盛里,"12,13,20,21"
522,中華電線電纜公司,新樹路２９０號,西盛里,"6,24,9-11"
523,民宅(現代東京),新樹路６２９之８號,西盛里,25-29
524,民宅,新樹路６８７巷１３號,西盛里,14-18
525,蘆洲國小,中正路１００號,光華里,1-8
526,蘆洲國小,中正路１００號,光華里,9-15
527,蘆洲國小,中正路１００號,光華里,16-19
528,蘆洲國小,中正路１００號,光明里,"1-6,22,23"
529,蘆洲國小,中正路１００號,光明里,7-14
530,蘆洲國小,中正路１００號,光明里,15-21
531,民宅,和平路１１１巷１６號,中路里,1-10
532,中路市民活動中心,光華路１０７巷１１號,中路里,11-17
533,永安華廈社區,永安南路二段１６巷１８號,永安里,1-7
534,永安華廈社區,永安南路二段１６巷１２號,永安里,8-13
535,永安華廈社區,永安南路二段１６巷１０號,永安里,14-19
536,成功國小,長安街３１１號,九芎里,1-8
537,成功國小,長安街３１１號,九芎里,9-19
538,成功國小,長安街３１１號,九芎里,20-27
539,永安市民活動中心,永安南路二段１３４號,延平里,1-7
540,永安市民活動中心,永安南路二段１３４號,延平里,8-17
541,中路市民活動中心,光華路１０７巷１１號,中華里,1-7
542,中路市民活動中心,光華路１０７巷１１號,中華里,8-14
543,蘆洲國中,中正路２６５號,中原里,1-15
544,蘆洲國中,中正路２６５號,中原里,16-23
545,蘆洲國中,中正路２６５號,中原里,24-29
546,成功國小,長安街３１１號,長安里,1-7
547,成功國小,長安街３１１號,長安里,8-12
548,成功國小,長安街３１１號,長安里,13-19
549,長安市民活動中心,長安街９６號４樓,忠義里,1-7
550,長安市民活動中心,長安街９６號４樓,忠義里,8-14
551,忠義國小,光榮路９９號,正義里,"1,2,4,5"
552,忠義國小,光榮路９９號,正義里,"3,15"
553,忠義國小,光榮路９９號,正義里,6-8
554,忠義國小,光榮路９９號,正義里,9-13
555,忠義國小,光榮路９９號,正義里,"14,16-20"
556,忠義國小,光榮路９９號,正義里,21-25
557,鷺江國中,長樂路２３５號,南港里,"1-6,20"
558,鷺江國中,長樂路２３５號,南港里,7-12
559,鷺江國中,長樂路２３５號,南港里,13-19
560,鷺江國中,長樂路２３５號,永樂里,1-10
561,鷺江國中,長樂路２３５號,永樂里,11-19
562,鷺江國中,長樂路２３５號,永樂里,20-27
563,成功國小,長安街３１１號,成功里,1-4
564,成功國小,長安街３１１號,成功里,5-11
565,成功國小,長安街３１１號,成功里,12-21
566,成功國小,長安街３１１號,成功里,22-29
567,成功國小,長安街３１１號,永康里,1-6
568,成功國小,長安街３１１號,永康里,7-12
569,成功國小,長安街３１１號,永康里,13-18
570,成功國小,長安街３１１號,永康里,19-22
571,成功國小,長安街３１１號,永德里,1-10
572,成功國小,長安街３１１號,永德里,11-20
573,樓厝社區活動中心,中興街７２號,樓厝里,"1,22-24"
574,民宅,民族路２３６巷４９號,樓厝里,"2-9,21"
575,民宅,復興路２３４號,樓厝里,10-20
576,鷺江國小,民族路７號,信義里,1-13
577,鷺江國小,民族路７號,信義里,14-27
578,"重陽市民活動中心(兒
童親子圖書分館)",集賢路２２１巷１１號２樓,玉清里,1-10
579,重陽市民活動中心,集賢路２２１巷１１號,玉清里,11-17
580,重陽市民活動中心,集賢路２２１巷１１號,玉清里,18-21
581,護天宮,復興路２２７巷２６號,復興里,1-7
582,護天宮,復興路２２７巷２６號,復興里,8-13
583,民宅,民族路２１３號,福安里,1-7
584,鷺江社區活動中心,民權路６８巷４號,福安里,8-11
585,鷺江國小,民族路７號,鷺江里,1-7
586,鷺江國小,民族路７號,鷺江里,"8-14,21"
587,鷺江國小,民族路７號,鷺江里,15-20
588,鷺江國小,民族路７號,恆德里,"1-6,10"
589,鷺江國小,民族路７號,恆德里,11-17
590,"永安兒童公園市民活
動中心",永安北路二段４２之６號,恆德里,"7-9,18-21"
591,鷺江國小,民族路７號,溪墘里,1-8
592,鷺江國小,民族路７號,溪墘里,9-15
593,仁復市民活動中心,中山二路３６巷７號,仁復里,全里
594,鷺江國小,民族路７號,仁德里,1-9
595,鷺江國小,民族路７號,仁德里,10-16
596,鷺江國小,民族路７號,仁德里,17-20
597,玉清市民活動中心,集賢路２５５號,仁義里,"1-5,15-18"
598,仁義市民活動中心,"信義路２２２巷３２弄３１之
１號",仁義里,6-14
599,湧蓮寺,得勝街９６號,得勝里,"1-7,9,21"
600,蘆洲監理站,中山二路１６３號,得勝里,"8,10-20"
601,民生市民活動中心,民生街１２９巷１４號,得仁里,1-9
602,民生市民活動中心,民生街１２９巷１６號,得仁里,10-15
603,蘆洲國小,中正路１００號,保和里,1-8
604,蘆洲國小,中正路１００號,保和里,9-15
605,景福宮活動中心,信義路２７巷７號,樹德里,"1,2,9-14"
606,民宅,成功路７２巷１５號,樹德里,3-8
607,蘆洲代天府,信義路３０巷５５號,民和里,"1-4,7-9"
608,蘆洲奉安宮,永安北路一段６６巷２號,民和里,"5,6,10-15"
609,仁愛國小,民族路４８８號,水湳里,1-7
610,仁愛國小,民族路４８８號,水湳里,"9-12,15"
611,仁愛國小,民族路４８８號,水湳里,"13,14,16"
612,仁愛國小,民族路４８８號,水湳里,"17-19,24,25"
613,仁愛國小,民族路４８８號,水湳里,"8,20-23"
614,仁愛國小,民族路４８８號,水河里,1-4
615,仁愛國小,民族路４８８號,水河里,6-9
616,仁愛國小,民族路４８８號,水河里,"5,10,18"
617,仁愛國小,民族路４８８號,水河里,11-15
618,仁愛國小,民族路４８８號,水河里,"16,17"
619,三民高中,三民路９６號,仁愛里,1-5
620,三民高中,三民路９６號,仁愛里,6-11
621,三民高中,三民路９６號,仁愛里,12-19
622,三民高中,三民路９６號,忠孝里,1-4
623,三民高中,三民路９６號,忠孝里,5-12
624,蘆洲國中,中正路２６５號,保佑里,1-8
625,蘆洲國中,中正路２６５號,保佑里,9-18
626,仁愛國小,民族路４８８號,保新里,1-6
627,仁愛國小,民族路４８８號,保新里,7-12
628,"穀保家商（進德樓11
教室）",中正北路５６０巷３８號,大有里,1-9
629,"穀保家商（進德樓11
教室）",中正北路５６０巷３８號,大有里,10-16
630,"穀保家商（進德樓11
教室）",中正北路５６０巷３８號,大有里,17-25
631,二重國小（133教室）,大有街１０號,博愛里,1-7
632,二重國小（135教室）,大有街１０號,博愛里,8-14
633,二重國小（136教室）,大有街１０號,博愛里,15-22
634,二重國小（137教室),大有街１０號,二重里,全里
635,中山橋市民活動中心,光復路二段１７０號,頂崁里,1-14
636,中山橋市民活動中心,光復路二段１７０號,頂崁里,15-28
637,清傳商職（商二忠）,五谷王北街１４１巷１號,谷王里,全里
638,興穀國小（113教室）,五谷王北街４６號,五谷里,1-17
639,興穀國小（117教室）,五谷王北街４６號,五谷里,18-25
640,興德祠,中興北街臨４０之２號,中興里,"1,2,7-10,
21-30"
641,空屋,中興南街３４號,中興里,"3-6,11-20,
31-37"
642,"重新橋第2市民活動中
心",重新路五段２８３號,德厚里,全里
643,"三重高中（綜合大樓
一仁教室）",集美街２１２號,成功里,1-8
644,"三重高中（綜合大樓
一愛教室）",集美街２１２號,成功里,"9-12,18"
645,中興橋市民活動中心,成功路９號之１,成功里,13-17
646,中興橋市民活動中心,成功路９號之１,成功里,19-21
647,集美國小（101教室）,集美街１０號,福祉里,1-8
648,集美國小（103教室）,集美街１０號,福祉里,9-16
649,集美國小（104教室）,集美街１０號,福祉里,17-20
650,"重新橋第1市民活動中
心",重新路四段２５４之１號,福德里,1-10
651,"重新橋第1市民活動中
心",重新路四段２５４之１號,福德里,11-20
652,"三重高中（至聖樓三
體教室）",集美街２１２號,福民里,"1-6,13-15"
653,"三重高中（至聖樓二
體教室）",集美街２１２號,福民里,"7-12,16-19"
654,過圳市民活動中心,過圳街１９號,過田里,1-8
655,過圳市民活動中心,過圳街１９號,過田里,9-14
656,過圳市民活動中心,過圳街１９號,過田里,15-20
657,過圳市民活動中心,過圳街１９號,過田里,21-28
658,明志國中(701教室),中正北路１０７號,錦田里,1-8
659,明志國中(801教室),中正北路１０７號,錦田里,9-15
660,清聖宮,重陽路一段２０巷１０號,重明里,1-10
661,重陽市民活動中心,重陽路一段６０巷１０１號,重明里,11-19
662,興華市民活動中心,中華路５號,光田里,"1-9,16"
663,興華市民活動中心,中華路５號,光田里,"19,20,23-27"
664,護山宮,三陽路１１號,光田里,"10-15,17,18,
21,22"
665,山口廟,中華路２巷３１弄１０號,光陽里,"1,29-33"
666,興華市民活動中心,中華路５號,光陽里,"2-6,8,23-25"
667,重陽市民活動中心,重陽路一段６０巷１０１號,光陽里,"7,9,19-22,26"
668,重陽市民活動中心,重陽路一段６０巷１０１號,光陽里,"10-18,27,28"
669,聯邦市民活動中心,中華路１２５號,田心里,"1-7,12,14,16
26"
670,"私立智仁幼兒園（視
聽室）",洛陽街５３號,田心里,"8-11,13,15,
23,27,28,31"
671,二重國中（712教室）,忠孝路三段８９號,田心里,"17-22,24,25,
29,30,32"
672,福田市民活動中心,三民街２５６號,福田里,1-12
673,福田市民活動中心,三民街２５６號,福田里,13-24
674,三民市民活動中心,忠孝路三段４０巷５１號,田中里,1-9
675,三民市民活動中心,忠孝路三段４０巷５１號,田中里,"10-12,21,24"
676,二重國中（812教室）,忠孝路三段８９號,田中里,"13-20,22"
677,"二重國中（健促教
室）",忠孝路三段８９號,田中里,"23,25-30"
678,私立來來幼兒園,新北大道一段１００巷１５號,田安里,"1-10,25-28"
679,首都巨星大廈會議室,中華路４９號,田安里,"11-15,29-33,
40-42"
680,私立智仁幼兒園,洛陽街５３號,田安里,"16-24,34-39"
681,明志國中（901教室）,中正北路１０７號,三民里,1-6
682,明志國中（903教室）,中正北路１０７號,三民里,7-15
683,"三重高中（至聖樓一
平教室）",集美街２１２號,光明里,"1-9,11,12"
684,"三重高中（至聖樓一
真教室）",集美街２１２號,光明里,"10,15-17"
685,"三重高中（至聖樓一
美教室）",集美街２１２號,光明里,"13,14,18-23,
25,29"
686,"三重高中（至聖樓一
體教室）",集美街２１２號,光明里,"24,26-28,30"
687,昭安宮,集美街２０７巷２９號,光正里,全里
688,三光國小（110教室）,大同南路１５７號,同安里,全里
689,三光國小（111教室）,大同南路１５７號,同慶里,全里
690,菜寮市民活動中心,中寮街５７巷１８號,菜寮里,1-9
691,菜寮市民活動中心,中寮街５７巷１８號,菜寮里,10-19
692,三千宮,光明路１０２號,永春里,全里
693,重新長老教會,中寮街１６巷２３號,中正里,全里
694,菜寮市民活動中心,中寮街５７巷１８號,吉利里,全里
695,車庫,"重新路三段６０巷１０弄２３
號",大同里,全里
696,空屋,中正南路５２巷１７號,中民里,全里
697,空屋,電信街９９號,平和里,全里
698,空屋,大同南路１１７巷６９號,大安里,全里
699,光興國小（114教室）,正義南路６２號,仁德里,1-11
700,光興國小（116教室）,正義南路６２號,仁德里,12-20
701,海清宮,正義南路８９巷２９號,忠孝里,全里
702,光興閱覽室,正義南路６２號之１,仁義里,全里
703,空屋,福裕街４７號,光榮里,全里
704,"光興國小（幼兒園餐
廳）",正義南路６２號,光輝里,全里
705,空屋,文化南路１０巷７號,福星里,全里
706,光興國小（106教室）,正義南路６２號,福利里,1-9
707,光興國小（104教室）,正義南路６２號,福利里,10-16
708,車庫,中央南路４２號,清和里,"1,2,7-15"
709,空屋,福和街２３號,清和里,"3-6,16-20"
710,臺北橋市民活動中心,"重新路一段１之１號對面（臺
北橋下橋孔）",永興里,全里
711,正義國小（102教室）,信義西街３１號,中山里,1-12
712,正義國小（103教室）,信義西街３１號,中山里,13-22
713,正義國小（104教室）,信義西街３１號,大園里,1-11
714,正義國小（105教室）,信義西街３１號,大園里,12-22
715,南聖宮,大仁街２７號,國隆里,1-16
716,南聖宮會議室,大仁街２７號,國隆里,17-26
717,"明志國中(圖書閱覽
室)",中正北路１０７號,重陽里,1-11
718,明志國中(導護室),中正北路１０７號,重陽里,12-25
719,修德國小（101教室）,重陽路三段３號,民生里,"1,2,9,11,12,
20-23"
720,大同市民活動中心,大同北路１８６號,民生里,"3-8,24,27"
721,修德國小（103教室）,重陽路三段３號,民生里,"10,13-19,25,
26,28"
722,重新里活動中心,正義北路２８巷４０號,重新里,全里
723,車庫,正義北路４８巷２６號,正德里,全里
724,正義國小（111教室）,信義西街３１號,正義里,全里
725,車庫,長壽西街７７號,正安里,全里
726,車庫,雙園街５７巷６號,自強里,全里
727,信義長青中心,信義西街１號,文化里,1-14
728,信義長青中心,信義西街１號,文化里,15-28
729,正義國小（113教室）,信義西街３１號,中央里,全里
730,正義市民活動中心,雙園街１號,雙園里,全里
731,慈惠宮會議室,文化北路１７號,錦通里,全里
732,正義國小（114教室）,信義西街３１號,錦安里,1-12
733,正義國小（115教室）,信義西街３１號,錦安里,13-22
734,車庫,長安街４１號,長安里,1-14
735,車庫,長安街３７號,長安里,15-22
736,"重新市場4樓（臺北同
修會）",重新路一段８７號４樓,光華里,全里
737,車庫,長生街６５號,長生里,全里
738,開元市民活動中心,開元街１號,開元里,全里
739,臺北橋市民活動中心,"重新路一段１之１號對面（臺
北橋下橋孔）",大德里,全里
740,福安宮,長元街８４號,長元里,1-7
741,"三重龍門社區（社區
通道）",長安街９８號旁,長元里,8-18
742,開元市民活動中心,開元街１號,長江里,全里
743,"光榮國中（一忠教
室）",介壽路２６號,長泰里,1-7
744,"光榮國中（三忠教
室）",介壽路２６號,長泰里,8-20
745,民宅,河邊北街９６號,長福里,全里
746,"三重國小（3114教
室）",三和路三段１號,介壽里,全里
747,"光榮國小（1年2班教
室）",介壽路３２號,萬壽里,1-11
748,"光榮國小（1年4班教
室）",介壽路３２號,萬壽里,12-20
749,"光榮國小（5年1班教
室）",介壽路３２號,錦江里,1-10
750,"光榮國小（5年3班教
室）",介壽路３２號,錦江里,11-20
751,龍濱市民活動中心,秀江街２８號,龍濱里,1-10
752,龍濱市民活動中心,秀江街２８號,龍濱里,11-20
753,光榮國中（911教室）,介壽路２６號,龍門里,全里
754,光榮國中（812教室）,介壽路２６號,秀江里,全里
755,"三重國小（3110教
室）",三和路三段１號,奕壽里,全里
756,"三重國小（3112教
室）",三和路三段１號,三安里,1-9
757,"三重國小（3113教
室）",三和路三段１號,三安里,10-20
758,六張市民活動中心,六張街６６號,福安里,1-13
759,福安市民活動中心,六張街７３號,福安里,14-25
760,"厚德國小(忠孝樓1樓
A1-3教室)",忠孝路一段７０號,信安里,全里
761,車庫,雙園街５７巷２９號,安慶里,1-8
762,六張市民活動中心,六張街６６號,安慶里,9-16
763,修德國小(105教室),重陽路三段３號,幸福里,"1-6,12-14,
28-30"
764,修德國小(301教室),重陽路三段３號,幸福里,"7,15-17,
31-36"
765,六合市民活動中心,自強路二段５０巷２２號,幸福里,"8-11,18-27"
766,六合市民活動中心,自強路二段５０巷２２號,六合里,1-14
767,六合市民活動中心,自強路二段５０巷２２號,六合里,15-25
768,重陽國小(102教室),中正北路１１３號,六福里,1-7
769,重陽國小(106教室),中正北路１１３號,六福里,8-18
770,重陽國小(114教室),中正北路１１３號,六福里,19-29
771,三德市民活動中心,龍門路２７４巷３６號,順德里,1-11
772,三德市民活動中心,龍門路２７４巷３６號,順德里,12-23
773,三德市民活動中心,龍門路２７４巷３６號,承德里,全里
774,"市立幼兒園崇德分班
(公共空間)",仁孝街６２號,瑞德里,1-10
775,慈雲宮,仁興街４２巷１２號,瑞德里,11-19
776,玄峯慈惠堂,仁愛街７７號,崇德里,"1-7,9-14"
777,"市立幼兒園崇德分班
(大班)",仁孝街６２號,崇德里,"8,15-23"
778,"市立幼兒園崇德分班
(辦公室)",仁孝街６２號,崇德里,24-32
779,市立幼兒園厚德分班,忠孝路一段２１巷７號,厚德里,1-11
780,厚德市民活動中心,三和路三段１７０巷４９號,厚德里,12-22
781,車庫,三和路三段１２５巷３１號旁,維德里,1-10
782,工廠,溪尾街５巷２７號,維德里,11-21
783,德林寺,三和路三段８５號,尚德里,"1-5,16,21-29"
784,"厚德國小(忠孝樓1樓
A1-1教室)",忠孝路一段７０號,尚德里,"6-15,17-20"
785,"市立圖書館三重培德
分館",忠孝路二段３５號,培德里,1-14
786,"市立圖書館三重培德
分館",忠孝路二段３５號,培德里,15-24
787,厚德體操館,自強路二段９３號,立德里,"1-8,11,19-20"
788,和平市民活動中心,自強路二段９０號,立德里,"9,10,12-18,
21,22"
789,永德市民活動中心,自強路三段４３巷２３號,永德里,"1-12,34"
790,後竹圍市民活動中心,自強路三段４２巷１１號,永德里,13-22
791,後竹圍市民活動中心,自強路三段４２巷１１號,永德里,23-33
792,車庫,車路頭街４４巷３２號,永煇里,"1-6,14-16"
793,六玄宮,車路頭街７２巷１８號,永煇里,7-13
794,工廠,力行路一段１７８巷２４號,永發里,"1-8,26"
795,工廠,"中正北路１９３巷２１弄２５
號",永發里,"9-14,27"
796,"太璞宮(仙公廟)圖書
室",中正北路３１７巷１號,永發里,15-25
797,永盛市民活動中心,車路頭街１３３號,永盛里,1-13
798,永盛市民活動中心,車路頭街１３３號,永盛里,14-25
799,三和國中(828教室),三和路四段２１６號,永吉里,1-10
800,三和國中(830教室),三和路四段２１６號,永吉里,11-20
801,永安里民活動中心,車路頭街１０８號,永安里,"1-4,13-15,19
20"
802,義天宮,車路頭街１５０號,永安里,"5-12,16-18"
803,永福國小(A107教室),永福街６６號,永豐里,1-11
804,永豐市民活動中心,永福街１９７巷６之１號,永豐里,12-21
805,永豐市民活動中心,永福街１９７巷６之１號,永豐里,22-32
806,義天宮,車路頭街１５０號,永福里,1-10
807,永福市民活動中心,力行路二段１６２巷５５號,永福里,11-21
808,永福市民活動中心,力行路二段１６２巷５５號,永福里,22-30
809,永福國小(A108教室),永福街６６號,永清里,"1-9,28,30"
810,永福國小(A109教室),永福街６６號,永清里,"10-18,31"
811,永福國小(A103教室),永福街６６號,永清里,"19-27,29,32"
812,永福國小(B102教室),永福街６６號,永順里,1-11
813,永福國小(B105教室),永福街６６號,永順里,12-22
814,永福國小(B106教室),永福街６６號,永順里,23-36
815,聖安宮,仁政街４９號,溪美里,"1-4,17-19"
816,三重社會福利大樓,溪尾街７３號,溪美里,"5,8,9,15,16"
817,聚善祠,仁愛街２６６號,溪美里,"6,7,10,20-22"
818,三重社會福利大樓,溪尾街７３號,溪美里,11-14
819,三和國中(927教室),三和路四段２１６號,福隆里,1-6
820,三和國中(928教室),三和路四段２１６號,福隆里,7-12
821,三和國中(929教室),三和路四段２１６號,福隆里,13-19
822,五常圖書館樓下(1樓,五華街７巷３０號,五常里,"1,5,6,9-13,
24-28"
823,車庫,仁愛街２６９巷３２號,五常里,"2-4,7,14,18,
19,32-34"
824,五常圖書館樓下(1樓,五華街７巷３０號,五常里,"8,15-17,
20-23,29-31"
825,碧華國中(805班教室,自強路五段６６號,五福里,1-11
826,碧華國中(815班教室,自強路五段６６號,五福里,12-17
827,碧華國中(808班教室,自強路五段６６號,仁忠里,1-11
828,碧華國中(907班教室,自強路五段６６號,仁忠里,12-23
829,慈福臨時活動中心,"三和路四段１６７巷１１１號
旁",慈福里,"1-6,16,17"
830,慈福臨時活動中心,三和路四段１６３巷９２號旁,慈福里,7-15
831,慈生市民活動中心,三和路四段１９１巷７８號,慈生里,1-11
832,慈生市民活動中心,三和路四段１９１巷７８號,慈生里,12-20
833,工廠,溪尾街２１８巷７號,慈惠里,1-7
834,車庫,溪尾街２１８巷１６號,慈惠里,8-15
835,慈愛市民活動中心,仁美街１０８巷１３號,慈愛里,1-14
836,慈愛市民活動中心,仁美街１０８巷１３號,慈愛里,15-25
837,慈化市民活動中心,溪尾街327號旁,慈化里,1-9
838,慈化市民活動中心,溪尾街３２７號旁,慈化里,10-17
839,靈聖宮,溪尾街２２７巷６號,慈祐里,1-10
840,慈祐市民活動中心,仁愛街４２５巷９號之１,慈祐里,11-19
841,慈祐市民活動中心,仁愛街４２５巷９號之１,慈祐里,20-26
842,"五華國小(一年一班教
室)",集賢路８９號,富華里,1-12
843,"五華國小(一年三班教
室)",集賢路８９號,富華里,13-24
844,"五華國小(一年五班教
室)",集賢路８９號,富貴里,1-14
845,"五華國小(一年七班教
室)",集賢路８９號,富貴里,15-21
846,五華國小(一年九班),集賢路８９號,富貴里,22-32
847,碧華國小(忠101教室,五華街１６０號,富福里,1-12
848,碧華國小(仁101教室,五華街１６０號,富福里,13-20
849,五華市民活動中心,仁義街２２８巷１２號,五華里,1-5
850,五華市民活動中心,仁義街２２８巷１２號,五華里,6-12
851,五華市民活動中心,仁義街２２８巷１２號,五華里,13-18
852,"水流公廟(碧華公園
內)",仁華街１１８巷９號,碧華里,"1-6,8"
853,"水流公廟(碧華公園
內)",仁華街１１８巷９號,碧華里,"7,10,11"
854,"碧華公園老人會辦公
室",仁華街１１８巷９之８號,碧華里,"9,12-16"
855,三和國中(930教室),三和路四段２１６號,福樂里,1-12
856,三和國中(931教室),三和路四段２１６號,福樂里,13-23
857,"蘆洲永安兒童公園活
動中心(舞蹈武術教
室)",永安北路二段４２之６號,仁華里,"1-7,16,22-24"
858,奉興宮,"永安北路二段２５巷６０號對
面",仁華里,8-15
859,優悅賞公寓大廈,仁安街８９號,仁華里,"17-21,25-27"
860,碧華國中(903班教室,自強路五段６６號,五順里,1-16
861,碧華國中(902班教室,自強路五段６６號,五順里,17-35
862,林園大廈中庭,倉後街１之１３號,留侯里,全里
863,"板橋國小(枋橋樓201
教室)",文化路一段２３號,流芳里,全里
864,板橋慈惠宮(太歲殿),府中路８１號,赤松里,全里
865,"板橋國小(枋橋樓202
教室)",文化路一段２３號,黃石里,全里
866,"板橋國小(枋橋樓203
教室)",文化路一段２３號,挹秀里,1-6
867,"板橋國小(枋橋樓204
教室)",文化路一段２３號,挹秀里,7-13
868,"湳興第一市民活動中
心",南雅西路一段６４號,湳興里,"13,14,16,20,
21"
869,板橋清潔隊-後勤分隊,南雅西路一段１５４號,湳興里,"12,15,17-19,
23-25"
870,湳興社區活動中心,南雅西路一段１５４號,湳興里,6-11
871,彬彬幼兒園,館前西路１６０巷２號,湳興里,"1-5,22"
872,"湳興市場二樓左側(新
興市民活動中心)",中興路６３號２樓,新興里,1-10
873,"湳興市場二樓右側(新
興市民活動中心)",中興路６３號２樓,新興里,11-17
874,上帝宮廟(原托兒所),中正路８０巷１弄７號,社後里,"1-3,5-7"
875,"社後第一市民活動中
心",大仁街３３巷２號,社後里,"4,8-10,20,21
23,24"
876,"社後第一市民活動中
心（會議室）",大仁街３３巷２號,社後里,"11-15,25,26,
28"
877,國光公園活動中心,中正路３７５巷４８號,社後里,"16-19,22,27"
878,國光國小(122教室),中正路３２５巷３０號,香社里,1-7
879,國光國小(123教室),中正路３２５巷３０號,香社里,8-13
880,國光國小(124教室),中正路３２５巷３０號,香社里,14-21
881,國光國小(120教室),中正路３２５巷３０號,香雅里,1-5
882,國光國小(121教室),中正路３２５巷３０號,香雅里,6-11
883,板橋國中(801教室),中正路４３７號,中正里,1-10
884,"板橋國中(特教班一教
室)",中正路４３７號,中正里,11-19
885,板橋國中(714教室),中正路４３７號,中正里,20-27
886,板橋國小(511教室),文化路一段２３號,自強里,"1,14,24-30"
887,板橋國小(512教室),文化路一段２３號,自強里,"3-10,35"
888,板橋國小(513教室),文化路一段２３號,自強里,"11-13,15,16,
31-34"
889,"自強基督教浸禮聖經
會",大智街１３號,自強里,"2,17-23"
890,"自立市民活動中心(右
側)",大智街７７號,自立里,1-9
891,"自立市民活動中心(左
側)",大智街７７號,自立里,10-20
892,大觀書社（文昌祠）,西門街５號,光華里,1-10
893,光華市民活動中心,光華街１號,光華里,11-20
894,"光榮市民活動中心
（左側）",光華街５２號,光榮里,1-9
895,"光榮市民活動中心
（右側）",光華街５２號,光榮里,10-20
896,"國光市民活動中心(左
側)",國光路７６號,國光里,1-7
897,"國光市民活動中心(右
側)",國光路７６號,國光里,8-13
898,"國光市民活動中心(儲
藏室)",國光路７６號,國光里,14-20
899,"港尾市民活動中心(前
段)",中正路３３６之１號,港尾里,1-7
900,"港尾市民活動中心(後
段)",中正路３３６之１號,港尾里,8-15
901,文德國小(124教室),英士路１７９號,新生里,1-8
902,文德國小(123教室),英士路１７９號,新生里,9-16
903,文德國小(122教室),英士路１７９號,新生里,17-24
904,文德國小(136教室),英士路１７９號,金華里,1-7
905,文德國小(135教室),英士路１７９號,金華里,8-15
906,文德國小(134教室),英士路１７９號,金華里,16-23
907,國光國小(125教室),中正路３２５巷３０號,港德里,1-8
908,國光國小(126教室),中正路３２５巷３０號,港德里,9-15
909,國光國小(127教室),中正路３２５巷３０號,港德里,16-22
910,文德國小(133教室),英士路１７９號,港德里,23-29
911,民權市民活動中心,民權路２０２巷９弄３９號,民權里,1-12
912,慈惠幼兒園,民權路２０２巷２２號,民權里,13-24
913,板橋國小(814教室),文化路一段２３號,民安里,12-19
914,民安市民活動中心,民權路２０２巷７弄２８號,民安里,1-11
915,板橋和平堂教堂廣場,民權路２０２巷１７弄７０號,建國里,"4,9,13,17-20
22,28,30,31"
916,民宅,復興街２７號,建國里,"7,8,10-12,
14-16,23,27"
917,私立和平幼兒園,建國街３２號,建國里,"1-3,5,6,21,
24-26,29"
918,接源堂辦公室,光正街５５號,漢生里,1-7
919,接源堂廟前廣場,光正街５２號,漢生里,8-15
920,接源堂辦公處（新）,光正街４４號,漢生里,16-22
921,"公館社區活動中心（
前）",光正街５７號,公舘里,"2,4-7,16,21"
922,"公館社區活動中心（
後）",光正街５７號,公舘里,"1,3,8,9,17-2"
923,文德國小(118教室),英士路１７９號,公舘里,10-15
924,中山國中(112教室),文化路一段１８８巷５６號,新民里,1-9
925,中山國中(110教室),文化路一段１８８巷５６號,新民里,10-17
926,中山國中(108教室),文化路一段１８８巷５６號,新民里,18-26
927,文德國小(117教室),英士路１７９號,幸福里,1-9
928,文德國小(114教室),英士路１７９號,幸福里,10-13
929,文德國小(115教室),英士路１７９號,幸福里,14-19
930,新埔國中(128教室),新海路１８１號,文德里,"1,2,8-12"
931,新埔國中(129教室),新海路１８１號,文德里,3-7
932,"致理技術學院（B12教
室）",文化路一段３１３號,忠誠里,"1,2,4-8"
933,"致理技術學院（B13教
室）",文化路一段３１３號,忠誠里,9-15
934,健華新城活動中心,文化路一段３０９號,忠誠里,3
935,新埔國小(127教室),陽明街２０６號,陽明里,1-10
936,新埔國小(128教室),陽明街２０６號,陽明里,11-17
937,中山國中(107教室),文化路一段１８８巷５６號,百壽里,1-8
938,中山國中(105教室),文化路一段１８８巷５６號,百壽里,9-17
939,中山國中(103教室),文化路一段１８８巷５６號,介壽里,1-10
940,"介壽市民活動中心(1
樓)","民生路二段８９號之５(民生陸
橋下)",介壽里,11-17
941,民宅,自由路２６巷２８號,新埔里,1-6
942,民宅,自由路２６巷２８號,新埔里,7-13
943,華江市民活動中心,"民生路二段５６號之６(民生陸
橋下）",華江里,"1-5,14,21-23"
944,"埤墘社區發展協會社
區照顧關懷據點",莊敬路１７９號(中山公園內),華江里,6-13
945,"埤墘社區發展協會(鶴
齡交誼中心)",莊敬路１７９號(中山公園內),華江里,"15-20,24"
946,合安社,莊敬路１７９號(中山公園內),華江里,25-30
947,江翠國中(119教室),松江街６３號,江翠里,1-8
948,江翠國中(120教室),松江街６３號,江翠里,9-14
949,江翠國中(122教室),松江街６３號,江翠里,15-20
950,江翠國中(127教室),松江街６３號,純翠里,"1-7,14"
951,江翠國中(128教室),松江街６３號,純翠里,8-11
952,江翠國中(129教室),松江街６３號,純翠里,"12,13,15"
953,江翠國小(E103教室),文化路二段４１３號,溪頭里,"1-5,24"
954,溪頭公園(潮和社館),溪頭街臨３５６之１號,溪頭里,"6,7,10,25"
955,江翠國小(E106教室),文化路二段４１３號,溪頭里,"8,9,11-14"
956,江翠國小(E107教室),文化路二段４１３號,溪頭里,15-23
957,江翠國中(130教室),松江街６３號,聯翠里,1-6
958,江翠國中(132教室),松江街６３號,聯翠里,7-17
959,江翠國中(123教室),松江街６３號,文化里,1-8
960,江翠國中(124教室),松江街６３號,文化里,9-17
961,民宅,長江路一段１３０號,宏翠里,"2,5-10,12"
962,民宅,"長江路一段１５６巷９弄１７
號",宏翠里,"1,4,11,13-16"
963,"民宅(巨蛋東京花園社
區中庭)",民生路三段３１５號,宏翠里,3
964,新南宮,"長江路一段１０６巷１３弄３
２號",仁翠里,"1-3,10,13-16"
965,民宅,四維路２９１巷２弄１２號,仁翠里,"4-9,11,12"
966,新埔國中(130教室),新海路１８１號,新翠里,1-9
967,新埔國中(131教室),新海路１８１號,新翠里,10-16
968,新埔國中(132教室),新海路１８１號,新翠里,17-22
969,新埔國中(133教室),新海路１８１號,新翠里,23-29
970,新埔國小(114教室),陽明街２０６號,朝陽里,1-7
971,新埔國小(115教室),陽明街２０６號,朝陽里,8-12
972,新埔國小(116教室),陽明街２０６號,朝陽里,13-16
973,北天宮,裕民街９１號,吉翠里,1-6
974,裕民大樓會議室,裕民街１２０號,吉翠里,12-16
975,慈后宮活動中心,長江路一段１０６巷１０號,吉翠里,7-11
976,"新海福德宮(管理委員
會)",綠堤街３８號,德翠里,"1-6,12-14"
977,新海福德宮,綠堤街３８號,德翠里,"8-11,15-18"
978,"太陽村社區（會議
室）",龍泉街９０巷１號,德翠里,"7,19-22"
979,大貴社區1樓交誼廳,龍泉街１０８巷１３８號,德翠里,23-26
980,"新埔國中(體育館右
前)",新海路１８１號,新海里,1-7
981,"新埔國中(體育館右
後)",新海路１８１號,新海里,8-15
982,"新埔國中(體育館左
中)",新海路１８１號,新海里,16-21
983,新埔國小(129教室),陽明街２０６號,滿翠里,"1-5,19"
984,新埔國小(130教室),陽明街２０６號,滿翠里,"6,12-15,17,2"
985,貴格會新埔教育館,民生路三段２６３巷２弄６號,滿翠里,"7-11,16,18"
986,新埔國小(117教室),陽明街２０６號,明翠里,1-7
987,新埔國小(118教室),陽明街２０６號,明翠里,8-13
988,新埔國小(119教室),陽明街２０６號,明翠里,14-18
989,新埔國小(120教室),陽明街２０６號,明翠里,19-22
990,文聖國小(101教室),文聖街８６號,松翠里,1-9
991,文聖國小(102教室),文聖街８６號,松翠里,10-18
992,江翠國小(A105教室),文化路二段４１３號,柏翠里,1-9
993,江翠國小(E101教室),文化路二段４１３號,柏翠里,10-18
994,文聖國小(103教室),文聖街８６號,龍翠里,1-7
995,文聖國小(104教室),文聖街８６號,龍翠里,8-13
996,文聖國小(105教室),文聖街８６號,龍翠里,14-20
997,文聖國小(106教室),文聖街８６號,松柏里,1-6
998,文聖國小(108教室),文聖街８６號,松柏里,7-12
999,莒光國小(120教室),莒光路１６３號,華翠里,1-10
1000,莒光國小(119教室),莒光路１６３號,華翠里,11-19
1001,莒光國小(110教室),莒光路１６３號,莒光里,1-8
1002,莒光國小(108教室),莒光路１６３號,莒光里,9-17
1003,莒光國小(102教室),莒光路１６３號,忠翠里,"1,2,4-7"
1004,莒光國小(101教室),莒光路１６３號,忠翠里,"3,13-19"
1005,莒光國小(115教室),莒光路１６３號,忠翠里,"8,21,24,26,
27"
1006,"藝文中心自修教室(市
立圖書館)",莊敬路６２號,忠翠里,"20,22,23"
1007,"藝文中心自修教室(市
立圖書館)",莊敬路６２號,忠翠里,"9-12,25,28"
1008,文聖國小(109教室),文聖街８６號,嵐翠里,1-6
1009,文聖國小(110教室),文聖街８６號,嵐翠里,7-12
1010,文聖國小(111教室),文聖街８６號,文聖里,1-8
1011,文聖國小(119教室),文聖街８６號,文聖里,9-17
1012,"文翠市民活動中心(鳳
山寺)",民治街３６之２號,文翠里,10-17
1013,江翠國小(A102教室),文化路二段４１３號,文翠里,"2-4,8,9"
1014,江翠國小(A103教室),文化路二段４１３號,文翠里,"1,5-7,18,19"
1015,"青翠柏翠嵐翠市民活
動中心",文化路二段６５４號之１１,青翠里,1-8
1016,"青翠柏翠嵐翠市民活
動中心",文化路二段６５４號之１１,青翠里,9-15
1017,文聖國小(219教室),文聖街８６號,懷翠里,1-8
1018,文聖國小(221教室),文聖街８６號,懷翠里,9-18
1019,文聖國小(222教室),文聖街８６號,懷翠里,19-26
1020,福翠市民活動中心,萬板路８１２之１號,福翠里,全里
1021,"港嘴地區活動中心大
禮堂(左前)",縣民大道三段２４５號之１,港嘴里,1-7
1022,"港嘴地區活動中心大
禮堂(左後)",縣民大道三段２４５號之１,港嘴里,8-14
1023,"港嘴地區活動中心大
禮堂(右前)",縣民大道三段２４５號之１,港嘴里,15-19
1024,"港嘴地區活動中心大
禮堂(右後)",縣民大道三段２４５號之１,港嘴里,20-25
1025,"埤墘地區五里聯合活
動中心",縣民大道三段３３號之１,埤墘里,"1-5,8"
1026,"埤墘地區五里聯合活
動中心",縣民大道三段３３號之１,埤墘里,"6,7,9-17"
1027,莊敬公園活動中心,民生路二段１２０號,莊敬里,1-7
1028,民宅,縣民大道三段３３巷９弄７號,莊敬里,8-14
1029,"永安公園活動中心(正
門右側)",雙十路一段２５號,永安里,1-8
1030,"永安公園活動中心(正
門左側)",雙十路一段２５號,永安里,9-17
1031,民宅(車庫),翠華街６巷８６號,振興里,"4-7,12,15,16"
1032,"坡仔公廟前老人休閒
中心",中山路二段５０５巷５６號邊,振興里,"1,3,10,13,14
17"
1033,"港嘴地區活動中心藝
文教室（1）",縣民大道三段２４５號之１,振興里,"2,8,9,11"
1034,北天廟,萬安街１２４巷４號,振義里,"5-8,11,15,17"
1035,板橋逢元宮,中山路二段５６５巷２９號,振義里,"2,3,4,9,10,
14,16"
1036,紅雲府,翠華街１２巷１號,振義里,"1,12,13"
1037,"真武廟自強樓右側（
廟前空地）",光復街１９２巷１１號,光復里,1-14
1038,"真武廟自強樓左側（
廟前空地）",光復街１９２巷１１號,光復里,15-25
1039,埔墘市民活動中心,光復街２號,埔墘里,"1-10,16,17"
1040,中山首府後側門,中山路二段３２６號,埔墘里,11-15
1041,光仁中學（國三愛）,中山路二段２５５巷１８號,埔墘里,"18,19(含20鄰
中山路二段40
至411號單號)"
1042,台北慈德宮,中山路二段４４３巷３０號,埔墘里,20-23
1043,光復國中(七年8班),光環路一段７號,富貴里,1-5
1044,光復國中(七年9班),光環路一段７號,富貴里,6-10
1045,光復國中(七年1班),光環路一段７號,長壽里,1-6
1046,光復國中(七年3班),光環路一段７號,長壽里,7-11
1047,"板橋區體育館(民生分
館)",民生路一段３０之１號２樓,福壽里,1-6
1048,福壽市民活動中心,三民路二段居仁巷２弄５０號,福壽里,7-16
1049,光復國中(七年5班),光環路一段７號,居仁里,1-8
1050,光復國中(七年7班),光環路一段７號,居仁里,9-16
1051,"海山高中（忠孝樓70
教室）",漢生東路２１５號,海山里,1-5
1052,"海山高中（忠孝樓70
教室）",漢生東路２１５號,海山里,6-9
1053,"海山高中（仁愛樓70
教室）",漢生東路２１５號,海山里,10-11
1054,"海山高中（仁愛樓70
教室）",漢生東路２１５號,海山里,12-14
1055,正隆廣場,民生路一段３３號,海山里,15-23
1056,"埔墘第二市民活動中
心",中山路二段２５０巷１號,九如里,"1-6,14-16"
1057,埔墘福德宮(康樂台),"中山路二段２５０巷１號(對
面)",九如里,7-13
1058,民宅,"三民路二段正隆巷１２弄２３
號",正泰里,"1-5,14-16"
1059,民宅,三民路二段正泰３巷２３號,正泰里,6-13
1060,埔墘國小(101教室),永豐街４２之８號,玉光里,1-6
1061,"玉光市民活動中心(前
段)",民生路二段臨５６號之３,玉光里,7-13
1062,"玉光市民活動中心(後
段)",民生路二段臨５６號之３,玉光里,14-21
1063,光仁中學(國一忠),中山路二段２５５巷１８號,光仁里,1-7
1064,光仁中學(國一仁),中山路二段２５５巷１８號,光仁里,8-15
1065,"永豐公園活動中心(左
側靠康樂台)",永豐街１２４號,雙玉里,1-10
1066,"永豐公園活動中心(右
側)",永豐街１２４號,雙玉里,11-18
1067,埔墘國小(133教室),永豐街４２之８號,廣新里,1-10
1068,埔墘國小(134教室),永豐街４２之８號,廣新里,11-16
1069,埔墘國小(135教室),永豐街４２之８號,廣新里,17-24
1070,海山國小(125教室),漢生東路２８０號,深丘里,1-4
1071,海山國小(126教室),漢生東路２８０號,深丘里,5-9
1072,海山國小(127教室),漢生東路２８０號,深丘里,10-13
1073,海山國小(128教室),漢生東路２８０號,深丘里,14-20
1074,久揚天廈(會議室),中山路一段２９３之１號,香丘里,1-5
1075,久揚天廈(文藝中心),中山路一段２９３之１號,香丘里,6-10
1076,久揚天廈(中庭),中山路一段２９３之１號,香丘里,11-14
1077,"西安市民活動中心(靠
中山路段)",民生路二段８９之１號,西安里,1-7
1078,"西安市民活動中心(靠
原鐵路段)",民生路二段８９之１號,西安里,8-14
1079,民生公園活動中心,民生路一段３０號,東丘里,1-6
1080,"板橋區體育館(民生分
館 )",民生路一段３０之１號,東丘里,7-12
1081,"板橋區體育館(民生分
館 )",民生路一段３０之１號,東丘里,13-20
1082,民宅(義橋宮),板新路７４號,民生里,"1-5,12"
1083,民宅(聖仁宮),民生路一段１１５號,民生里,"6-11,13,14"
1084,"新北市私立祥寶老人
養護中心",中山路一段２０６巷６號,長安里,"5-9,16"
1085,長安里資源回收站,長安街３３１巷５８號旁,長安里,"4,10-15"
1086,新站巴黎社區,板新路３７至６９號,長安里,"1-3,17-19"
1087,東安里臨時活動中心,長安街３３１巷５弄１２號旁,東安里,"1-5,10"
1088,東安里臨時活動中心,長安街３３１巷５弄１２號旁,東安里,"6-9,11"
1089,金吉第大廈會議室,中山路一段５０巷４０號,福丘里,1-7
1090,新北市稅捐稽徵處,中山路一段１４３號,福丘里,8-14
1091,實踐國小(103教室),實踐路９３巷５１號,福祿里,1-10
1092,實踐國小(110教室),實踐路９３巷５１號,福祿里,11-19
1093,海山國小(108教室),漢生東路２８０號,民族里,1-5
1094,海山國小(109教室),漢生東路２８０號,民族里,6-12
1095,海山國小(110教室),漢生東路２８０號,民族里,13-20
1096,實踐國小(119教室),實踐路９３巷５１號,國泰里,1-9
1097,實踐國小(107教室),實踐路９３巷５１號,國泰里,10-15
1098,後埔國小(122教室),重慶路１５７號,後埔里,1-7
1099,後埔國小(120教室),重慶路１５７號,後埔里,8-17
1100,後埔國小(124教室),重慶路１５７號,福德里,"1-7,26-28"
1101,福泰社區活動中心,忠孝路忠義巷９弄１之１號,福德里,8-15
1102,實踐國小(104教室),實踐路９３巷５１號,福德里,16-25
1103,忠孝國中(103教室),成都街３０號,景星里,1-13
1104,忠孝國中(105教室),成都街３０號,景星里,14-24
1105,忠孝國中(106教室),成都街３０號,福星里,1-9
1106,忠孝國中(107教室),成都街３０號,福星里,10-20
1107,鄉雲市民活動中心,大華街１６８號,鄉雲里,"1-8,11-13,21"
1108,宏法禪寺,大明街１５巷１５號,鄉雲里,"9,10,14-20"
1109,和平公園活動中心,重慶路３５５號,廣德里,"2,4-6,18,23,
24"
1110,"重慶公園活動中心
（右）",重慶路２４５巷３２弄１８號,廣德里,"7-11,25"
1111,"重慶公園活動中心
（中）",重慶路２４５巷３２弄１８號,廣德里,"1,3,19-22"
1112,重慶國中((904教室),國慶路１２０號,廣德里,12-17
1113,重慶國中(902教室),國慶路１２０號,大豐里,"1,6-9,19-22"
1114,大豐市民活動中心,忠孝路４８巷５弄４號,大豐里,"2-5,10,17,18"
1115,重慶國中(923教室),國慶路１２０號,大豐里,11-16
1116,重慶國中(701教室),國慶路１２０號,重慶里,1-8
1117,重慶國中(702教室),國慶路１２０號,重慶里,9-15
1118,重慶國中(704教室),國慶路１２０號,重慶里,16-24
1119,重慶國中(705教室),國慶路１２０號,重慶里,25-30
1120,重慶國中(706教室),國慶路１２０號,重慶里,31-38
1121,重慶國中(824教室),國慶路１２０號,仁愛里,1-6
1122,重慶國中(825教室),國慶路１２０號,仁愛里,7-12
1123,重慶國中(826教室),國慶路１２０號,仁愛里,13-20
1124,重慶國小(103教室),廣和街３１號,和平里,1-10
1125,重慶國小(111教室),廣和街３１號,和平里,11-16
1126,重慶國小(115教室),廣和街３１號,廣福里,"1-5,7"
1127,重慶國小(116教室),廣和街３１號,廣福里,"6,8-12"
1128,重慶國小(112教室),廣和街３１號,五權里,1-7
1129,重慶國小(113教室),廣和街３１號,五權里,8-14
1130,重慶國小(114教室),廣和街３１號,五權里,15-19
1131,南雅公園活動中心,南雅南路二段１之１號,華興里,1-12
1132,南雅公園活動中心,南雅南路二段１之１號,華興里,13-18
1133,"華貴市民活動中心(前
段)",大明街２０巷１９弄１３號,華貴里,1-10
1134,"華貴市民活動中心(後
段)",大明街２０巷１９弄１３號,華貴里,11-19
1135,忠孝國中（109教室）,成都街３０號,華福里,1-5
1136,忠孝國中（118教室）,成都街３０號,華福里,6-13
1137,信義國小（114教室）,四川路二段２４５巷６０號,華德里,1-9
1138,信義國小（115教室）,四川路二段２４５巷６０號,華德里,10-19
1139,信義國小（117教室）,四川路二段２４５巷６０號,華德里,20-26
1140,信義國小（118教室）,四川路二段２４５巷６０號,華德里,27-32
1141,聖成宮活動中心,南雅南路二段４巷２號,華東里,"1-5,19"
1142,"亞東技術學院（誠勤
大樓1F羽球場）",四川路二段５８號,華東里,"6-10,18,
20-24,29-32
(含28鄰南雅南
路二段27至37
號單號)"
1143,華東市民活動中心,四川路二段１３０巷３２號,華東里,"11-17,25-28"
1144,廣厚宮,信義路１６４之２號,信義里,1-7
1145,"信義公園活動中心(左
側)",信義路１５０巷４３之１號,信義里,8-14
1146,"信義公園活動中心(右
側)",信義路１５０巷４３之１號,信義里,15-21
1147,"大觀國小(課後班補校
1)",大觀路一段３０號,浮洲里,1-9
1148,"大觀國小((課後班補
校2)",大觀路一段３０號,浮洲里,10-19
1149,"大觀國小((課後班補
校3)",大觀路一段３０號,浮洲里,20-25
1150,台大幼兒園,僑中一街８０巷７弄１號,華中里,"1-5,8,9"
1151,天藍幼兒園,僑中一街１２４巷３弄１６號,華中里,"6,7,10-14"
1152,華中市民活動中心,僑中一街１０２巷７弄１號,華中里,15-20
1153,民宅,僑中二街１０２巷４４號,僑中里,1-4
1154,民宅,僑中二街１０６巷４號,僑中里,5-10
1155,民宅(浮洲車站對面),僑中二街１５２號,僑中里,11-16
1156,大觀國中(C12教室),僑中一街１號,大觀里,1-7
1157,大觀國中(C13教室),僑中一街１號,大觀里,8-14
1158,"土地公廟前舊活動中
心","大觀路一段３８巷１５６弄３
９號",歡園里,全里
1159,"中山國小(信義樓109
教室)",大觀路二段５９巷３１號,中山里,1-7
1160,"中山國小(信義樓111
教室)",大觀路二段５９巷３１號,中山里,8-14
1161,"中山國小(信義樓110
教室)",大觀路二段５９巷３１號,中山里,15-32
1162,板橋榮家大門口左側,大觀路二段３２號,復興里,2-4
1163,板橋榮家大門口右側,大觀路二段３２號,復興里,"1,5-8"
1164,中山國小(126教室),大觀路二段５９巷３１號,大安里,1-9
1165,中山國小(127教室),大觀路二段５９巷３１號,大安里,10-17
1166,中山國小(128教室),大觀路二段５９巷３１號,大安里,18-24
1167,"三抱竹聯合廣場(左
側)",大觀路二段４３１之１號,福安里,"1-5,14"
1168,"三抱竹聯合廣場(右
側)",大觀路二段４３１之１號,福安里,"6-13,15-17"
1169,"歡仔園活動中心(中
間)",大觀路一段３８巷１之５號,聚安里,1-11
1170,"歡仔園活動中心(旁邊
間)",大觀路一段３８巷１之５號,聚安里,12-16
1171,"歡仔園活動中心(右
側)",大觀路一段３８巷１之５號,聚安里,17-23
1172,"歡仔園活動中心(左
側)",大觀路一段３８巷１之５號,聚安里,24-28
1173,聚安宮,大觀路二段１６２號,龍安里,1-8
1174,聚安宮,大觀路二段１６２號,龍安里,9-20
1175,"沙崙國小(124教室會
議室前段)",篤行路二段１３２號,崑崙里,1-8
1176,"沙崙國小(124教室會
議室後段)",篤行路二段１３２號,崑崙里,9-15
1177,"沙崙國小(125教室家
長會辦公室)",篤行路二段１３２號,崑崙里,16-21
1178,崑崙公園活動中心,大觀路三段２４０號,崑崙里,22-28
1179,崑崙公園活動中心,大觀路三段２４０號,崑崙里,29-36
1180,沙崙國小(116教室),篤行路二段１３２號,成和里,1-8
1181,沙崙國小(118教室),篤行路二段１３２號,成和里,9-16
1182,沙崙國小(119教室),篤行路二段１３２號,成和里,17-22
1183,溪洲國小（101教室）,金門街２８９號,溪洲里,1-9
1184,溪洲國小（102教室）,金門街２８９號,溪洲里,10-14
1185,溪洲國小（103教室）,金門街２８９號,溪洲里,15-21
1186,溪洲國小（104教室）,金門街２８９號,溪福里,"1-7,9"
1187,溪洲國小（105教室）,金門街２８９號,溪福里,"8,10-15"
1188,溪洲國小（107教室）,金門街２８９號,溪福里,16-22
1189,溪洲國小（108教室）,金門街２８９號,溪福里,23-30
1190,溪洲國小（110教室）,金門街２８９號,溪福里,"31-37,39"
1191,"溪洲國小（活動中心
音樂教室一）",金門街２８９號,溪福里,"38,40-44"
1192,北極宮長壽會館,溪崑二街７３巷１號,溪北里,1-8
1193,沙崙國小(社教中心),篤行路二段１３２號,溪北里,9-18
1194,"溪洲國小（活動中心
音樂教室二）",金門街２８９號,堂春里,1-10
1195,溪崑社區活動中心,金門街２５３巷１０弄７號,堂春里,11-19
1196,"中和區公所路面搶修
組",永和路８９巷２號,中原里,"1-4,9-13"
1197,霹靂宮,永和路５１４號地下室,中原里,"5-8,14,18-20"
1198,城龍登科文康中心,永和路１２８巷４１號,中原里,"15-17,21-24"
1199,連和市民活動中心,連城路５４號,連和里,"1,2,16,18-23"
1200,四知新城活動中心,連城路１４８號,連和里,"3-15,17"
1201,美國華城(文康室),連城路８９巷９號,連城里,"1-4,6,8,9,37
42-46"
1202,連城里活動中心,"連城路１７１巷７號(安邦街１
６號)",連城里,"5,7,10-21,
31-36,38"
1203,"美國華城EF棟(會議
室)",連城路８９巷３８號,連城里,"22-33,39-41,
47,48"
1204,聖慈宮,圓通路１５８巷９弄１１號,力行里,"1-6,16-18,32
35-45"
1205,力行里巡守崗亭,圓通路１７６號旁,力行里,"7-15,34"
1206,我的故鄉管委會,圓通路２４０巷５號,力行里,"19-31,33"
1207,崇愛發展中心,圓通路１４３之１號,正行里,1-10
1208,崇愛發展中心,圓通路１４３之１號,正行里,11-19
1209,"天喜花園社區活動中
心",中正路１６７巷２７號,德行里,"1-12,38-41"
1210,"捷運森林社區活動中
心",中正路２１１巷３８號,德行里,"13-21,24-27"
1211,"國泰晶鑽社區活動中
心",圓通路２９７巷９弄８號,德行里,"22,23,
28-37,42"
1212,漳和國中信義樓,廣福路３９號,枋寮里,1-20
1213,漳和國中信義樓,廣福路３９號,枋寮里,21-35
1214,中和國小,中和路１００號,漳和里,1-21
1215,中和國小,中和路１００號,漳和里,22-36
1216,中和國小,中和路１００號,廟美里,1-18
1217,中和國小,中和路１００號,廟美里,19-29
1218,中和國小,中和路１００號,廟美里,30-40
1219,福真里活動中心,"中山路二段３１２巷３３弄２
９號旁",福真里,"1-10,31,32,
34,35,37,38,
42,43"
1220,德明幼兒園,中山路二段３１２巷３弄７號,福真里,"11-30,33,36,
39-41"
1221,一江社區會議室,永和路９巷１號,福善里,"1-7,21-23,
39-42"
1222,福善市民活動中心,福美路３０１巷２３號,福善里,"8-20,38"
1223,福善市民活動中心,福美路３０１巷２５號,福善里,24-37
1224,中和新城管委會,莊敬路４９巷２０弄１２號,福美里,"1,6,7,13-18,
25-29,32"
1225,山北市民活動中心,莊敬路４９巷２９弄２號,福美里,"2-5,20-23,34
35"
1226,山北市民活動中心,莊敬路４９巷２９弄２號,福美里,"8-12,19,24,
30,31,33"
1227,惜福社區中庭（B棟）,永和路８巷７號,福祥里,"1-6,28-32"
1228,美麗時代社區,福祥路６８號,福祥里,"7-12,35-38"
1229,大眾爺廟,福美路２５６巷１８之１號,福祥里,"13-27,33,34"
1230,漳和國中羽球館,廣福路３９號,瓦磘里,1-13
1231,漳和國中羽球館,廣福路３９號,瓦磘里,14-21
1232,漳和國中羽球館,廣福路３９號,瓦磘里,22-29
1233,漳和國中和平樓,廣福路３９號,福和里,1-7
1234,漳和國中和平樓,廣福路３９號,福和里,8-17
1235,漳和國中仁愛樓,廣福路３９號,福和里,18-32
1236,自強游泳池側門,中山路二段６４巷７弄底,佳和里,"1-8,29-40"
1237,自強游泳池正門,中山路二段６４巷９號,佳和里,"9-11,14-17,
24-27"
1238,雙和慈安宮,中山路二段２巷６３號,佳和里,"12,13,18-23,
28"
1239,中和大同圖書閱覽室,圓通路１２１巷５號,新南里,"1,4-10,12,24
25,32"
1240,九玄宮,景平路４９３巷１２弄１６號,新南里,"2,3,33-38"
1241,中和社區管理委員會,景平路６１０巷２號地下室,新南里,"11,13-23,
26-31"
1242,華南名人巷A棟庭院,景平路４３１巷,新南里,39-49
1243,中和國小,中和路１００號,南山里,"1-3,8-11,16,
20-22,28-31"
1244,中和國小,中和路１００號,南山里,"4,12-15,
17-19,23,27"
1245,中和國小,中和路１００號,南山里,"5-7,24-26,
32-38"
1246,騰達汽車有限公司,中山路二段４３９巷１號,平河里,"1-7,17-30,42"
1247,"連戰連勝社區活動中
心",中正路７５１巷３弄４號,平河里,"8-11,36-41,
56-61"
1248,積穗國小,員山路１５４號,平河里,"12-16,31-35,
53-55"
1249,"花園廣場社區媽媽教
室",中正路８３１號,平河里,43-52
1250,心中市大廈大廳,中正路６８１號,平河里,62-67
1251,聖中幼兒園,新生街１６６巷１８號,信和里,"1-5,22-24,
32-35"
1252,勝利幼兒園,新生街１８６巷５弄１３號,信和里,"6-13,25-29"
1253,八府龍鳳宮會議室,員山路１４８巷２３弄１５號,信和里,"14-21,30,31,
36-41"
1254,"中正花園廣場社區會
議室",連城路４６９巷７弄２７號,仁和里,"1-11,16,21,
22,39-42"
1255,安邦幼兒園,連城路４７７巷６弄１號,仁和里,"12-15,17,
26-28,33-36"
1256,元護宮,連城路４６９巷７９弄２號,仁和里,"18-20,23-25,
29-32,37,38"
1257,歡喜城社區活動中心,連城路３６９號,中正里,"1-6,19,20,
25-28,30,33,
34"
1258,"育心寶貝幼兒園(操
場)",連城路３８９巷１１號,中正里,"7-18,21-24,
29,31,32"
1259,和東市民活動中心,連城路２６３巷４號,建和里,"1-9,27"
1260,和東市民活動中心,連城路２６３巷４弄２號,建和里,"10-15,28-31"
1261,民宅,錦和路９３巷３號,建和里,"16-26,32-34"
1262,民宅,連城路３１９巷３弄１０號,中山里,"1,4-9,15,16,
20,21"
1263,民宅,錦和路１９６巷４弄５號,中山里,"2,3,10-14,
17-19,22"
1264,全晟幼兒園,連城路２１９巷９號,碧河里,"1,2,5,6,8,10
11,14-17,26,
27"
1265,碧河宮,連城路２４９巷２號,碧河里,"3,4,7,9,12,
13,18-25"
1266,"新南山語文技藝補習
班",興南路二段８９巷４號１樓,正南里,1-12
1267,凱旋大廈活動中心,華新街１２６號,正南里,"13-20,23"
1268,游氏祠堂,華新街１９２巷６弄９號,正南里,"21,22,24-30"
1269,頂南市民活動中心,興南路二段１５９巷２８號,頂南里,1-13
1270,飛駝社區管理委員會,興南路二段１５９巷２號,頂南里,14-26
1271,"華夏技術學院(教學大
樓)",工專路１１１號,華新里,"1,38-48"
1272,"華夏技術學院(教學大
樓)",工專路１１１號,華新里,"2-4,28-37"
1273,竹林高中,華新街１４３巷１２號,華新里,5-15
1274,竹林高中,華新街１４３巷１２號,華新里,16-27
1275,興南國小,興南路一段１３５巷２４號,東南里,"1-10,12"
1276,興南國小,興南路一段１３５巷２４號,東南里,"11,13-21,23"
1277,興南國小,興南路一段１３５巷２４號,東南里,"22,24-32"
1278,飛駝市民活動中心,忠孝街４８號２樓,華南里,"1,4,6,7,9-12
21,22"
1279,"桔運青山管委會活動
中心",忠孝街２巷１４弄９號,華南里,"2,3,5,8,18-2"
1280,放生寺,忠孝街１０８號,華南里,"13-17,23,24"
1281,興南國小,興南路一段１３５巷２４號,忠孝里,"1-5,22,23"
1282,興南國小,興南路一段１３５巷２４號,忠孝里,24-34
1283,中和國中,興南路二段３巷１７號,忠孝里,"6-13,35-38"
1284,中和國中,興南路二段３巷１７號,忠孝里,"14-21,39"
1285,崇南市民活動中心,景新街４９６巷２６弄２號,崇南里,1-20
1286,"名家花園社區活動中
心","景新街４９６巷３３弄１號地
下室",崇南里,21-41
1287,興南市民活動中心,信義街４１巷１２號,興南里,1-18
1288,興南市民活動中心,信義街４１巷１６號,興南里,19-37
1289,受殿宮,景新街４６７巷３５弄２號,景南里,1-21
1290,三介廟,景新街４６７巷５０弄２０號,景南里,22-34
1291,景新國小,景新街４６７巷３７號,景本里,"1-10,21"
1292,停車場,景新街４３７巷３１號旁,景本里,"11-20,22"
1293,農民活動中心,興南路三段５２巷２之５號,橫路里,全里
1294,內南市民活動中心,興南路二段２４２巷５號,內南里,1-11
1295,大地新象社區中庭,興南路二段１４２巷１０號,內南里,"12-23,39"
1296,福神宮,興南路二段２４２巷３號旁,內南里,24-38
1297,裕和祠土地公廟,南山路３２０巷１０弄６號旁,壽南里,"1-11,21-23"
1298,興南國小,興南路一段１３５巷２４號,壽南里,12-20
1299,歌德花園城活動中心,"興南路二段３４巷５７弄１２
號地下１樓",福南里,1-13
1300,歌德花園城活動中心,"興南路二段３４巷５７弄１２
號地下１樓",福南里,14-29
1301,復興國小,復興路３０１巷６號,外南里,1-10
1302,復興國小,復興路３０１巷６號,外南里,11-20
1303,復興國小,復興路３０１巷６號,外南里,21-31
1304,復興國小,復興路３０１巷６號,中興里,1-11
1305,復興國小,復興路３０１巷６號,中興里,12-19
1306,復興國小,復興路３０１巷６號,中興里,20-28
1307,復興國小,復興路３０１巷６號,中興里,29-38
1308,復興國小,復興路３０１巷６號,吉興里,1-8
1309,復興國小,復興路３０１巷６號,吉興里,9-21
1310,中和區客家文化會館,復興路２８０巷６號,復興里,"1-11,13,14,
22,39-41,54,
55"
1311,中和區客家文化會館,復興路２８０巷６號,復興里,"12,17-19,21,
23-35,42,46,
51,52"
1312,兆元幼兒園,復興路２８０巷４６弄３號,復興里,"15,16,20,
36-38,43-45,
47-50,53"
1313,"和興里巡守隊崗亭前
廣場",板南路１６０號對面,和興里,"1-3,15-18,20
25,26,29"
1314,和興汽車商行,中正路４６號前,和興里,"4-14,19,
21-24,27,28,
30,42"
1315,北聖宮,"復興路２８０巷１８弄１１號
(板南路１５０號對面)",和興里,31-41
1316,巡守隊崗亭,景新街２７３巷３２號旁,景平里,"1-7,28-33"
1317,冠德新世界,景平路１５３號,景平里,"11-27,34-41"
1318,快易居管委會,景平路２９０號,景平里,"8-10,42,43"
1319,"豪門大亨大廈管委會
中庭",興南路一段20號(由34巷進入),景新里,"1-13,24-27"
1320,民宅,"興南路一段56巷32號(景新里辦
公處旁)",景新里,"14-23,28-32"
1321,台電K書中心(走廊),和平街３３號,景福里,"11-20,35-37,
41,43,44"
1322,景福市民活動中心,和平街１６４巷２號,景福里,21-34
1323,景福市民活動中心,和平街１６４巷２號,景福里,"1-10,38-40,4"
1324,明仁大樓社區會議室,明仁街１５號,景安里,"1-4,11,18,27
28"
1325,台貿景安社區管委會,景安路１７７巷１９號地下室,景安里,"5-10,12,13,
29-33"
1326,景新幼兒園,景新街２３１之６號,景安里,"14-16,19-21,
34-39,41,42"
1327,民宅,安平路１０號,景安里,"17,22-26,40,
43,44"
1328,新元幼兒園,景安路８２巷８弄３號,景文里,"1-7,18-20,
22-29"
1329,土地公廟,景平路５０４巷１０號,景文里,"8-17,21"
1330,錦和市民活動中心,圓通路３６９巷２號,錦和里,"1-5,8-11"
1331,錦和國小,圓通路２９２號,錦和里,"6,7,13"
1332,錦和國小,圓通路２９２號,錦和里,"12,14-16"
1333,中和新莊餐廳大樓,圓通路３６５號,錦昌里,全里
1334,灰磘里活動中心,員山路２６號,灰磘里,全里
1335,東德宮,新生街１１２巷２０號,積穗里,"1-4,13-19"
1336,捷年高昇社區圖書室,台新街５至３５號,積穗里,"5-9,12,34-37"
1337,元氣大鎮F棟會議室,中山路三段３７巷２號,積穗里,38-41
1338,元氣大鎮G棟會議室,中山路三段３９號,積穗里,42-45
1339,廣福宮,中山路三段６３巷２７號,積穗里,"10,11,32,33"
1340,江南園林活動中心,中山路二段５２３巷３５號,積穗里,20-31
1341,民宅,民治街１３４巷４號,民享里,1-10
1342,民宅,民享街８９巷４弄２號,民享里,11-20
1343,捷和國際大樓中庭,員山路５０２號,員山里,"1-7,9,10,23,
24,36"
1344,飛躍21科技園區,中山路三段１０２號,員山里,"8,11-21"
1345,"環球購物社教中心(公
園旁)",中山路三段１２０號,員山里,"22,25-35"
1346,嘉穗市民活動中心,民利街８５巷４號,嘉穗里,1-7
1347,積穗國小,員山路１５４號,嘉穗里,8-15
1348,積穗國小,員山路１５４號,文元里,"1-10,14-16"
1349,積穗國小,員山路１５４號,文元里,"11-13,17-20,
25-30"
1350,中和牧心堂,連城路５２３巷１３弄２號,文元里,"21-24,31-35"
1351,積穗國中,民安街６６號,嘉新里,"1-10,19,20"
1352,積穗國中,民安街６６號,嘉新里,"11-18,21,22"
1353,積穗國中,民安街６６號,民安里,"1-7,23-25"
1354,積穗國中,民安街６６號,民安里,"8-15,22"
1355,積穗國中,民安街６６號,民安里,16-21
1356,安穗市民活動中心,員山路２９４巷７號,安穗里,"1-3,10,13,17"
1357,積穗國小,員山路１５４號,安穗里,"4,11,12,15"
1358,積穗國小,員山路１５４號,安穗里,"5-9,14,16"
1359,日新國宅,"中山路三段１８１巷２０至３
０號地下室",瑞穗里,1-9
1360,日新國宅,"中山路三段１８１巷２０至３
０號地下室",瑞穗里,10-18
1361,私立中仁幼兒園,民享街９２巷２３號,明穗里,1-17
1362,明穗市民活動中心,民享街１１４巷９號,明穗里,18-33
1363,明德市民活動中心,"民德路１９７號（明德公園
內）",清穗里,"1-4,12-19"
1364,明德市民活動中心,"民德路１９７號（明德公園
內）",清穗里,"5-11,20-24"
1365,自強國小,莒光路２００號（後門進入）,自強里,1-9
1366,自強國小,莒光路２００號（後門進入）,自強里,10-17
1367,"自強國小附設幼兒園
餐廳",莒光路２００號（後門進入）,自強里,18-25
1368,"德穗國華市民活動中
心",國光街１號,德穗里,"1-7,17-20"
1369,時代幼兒園,莒光路８４巷２２號,德穗里,"8-16,30,31"
1370,尊爵富邑聯誼廳,莒光路８４巷４６號,德穗里,"21-29,32"
1371,民生市民活動中心,民生街２８巷２之１號,民生里,"1-14,23"
1372,民宅,民生街２８巷２號,民生里,"15-22,24-30"
1373,松柏幼兒園,國光街１１２巷４２號,國光里,"1-5,9-16"
1374,天下為公社區會議室,民德路５４號,國光里,"6-8,17-39"
1375,"大順天廈社區活動中
心",民德路３７０號,壽德里,"1-3,5,27-31"
1376,壽德丙區管委會,華順街１３６號,壽德里,"4,6-14"
1377,壽德甲區管委會,壽德街２５號,壽德里,15-26
1378,華福市民活動中心,民德路３１１號,明德里,"1-4,14-17"
1379,華福市民活動中心,民德路３１１號,明德里,5-13
1380,華福市民活動中心,民德路３１１號,明德里,18-28
1381,錦和高中,錦和路１６３號,錦中里,2-6
1382,錦和高中,錦和路１６３號,錦中里,"1,7-14"
1383,錦和國小,圓通路２９２號,錦中里,15-22
1384,"錦和園社區管理委員
會",圓通路３０５巷１８號,錦盛里,"1-10,13"
1385,錦盛市民活動中心,圓通路３３５巷３７弄１２號,錦盛里,"11,12,14-26"
1386,民有市民活動中心,自治街５７號,民有里,1-13
1387,莒東社區長壽俱樂部,民享街３７號,民有里,14-24
1388,富貴賞社區中庭,中正路１２０５號,員富里,"1-4,21,22"
1389,慈安宮,員山路６１１巷１１弄４號,員富里,"5-20,23"
1390,"中和高中至誠樓社團
辦公室",連城路４６０號,嘉慶里,1-10
1391,中和高中,連城路４６０號,嘉慶里,11-16
1392,中和高中,連城路４６０號,嘉慶里,17-24
1393,"名人花園廣場活動中
心",民享街３６巷１號,冠穗里,"1-10,12,13,2"
1394,冠穗市民活動中心,莒光路１２９巷２弄２４號,冠穗里,"11,14-22,24"
1395,鎮南宮,國光街８１號,國華里,"1-8,11"
1396,頂天立地公寓大廈,民德路６９號,國華里,"9,10,12-22"
1397,停車場旁,宜安路32號旁,宜安里,全里
1398,觀音禪院,安樂路２１７巷２２號,安樂里,"1-9,15,19,
21-23,25"
1399,空地,"安平路與中安街口(四號公園角
落)",安樂里,"10-14,16-18,
20,24,26-33"
1400,安和市民活動中心,保健路４４巷２號,安和里,"1-12,26,27"
1401,樂墘宮,安平路９９號,安和里,13-25
1402,甜蕃茄社區中庭,安平路３６巷５３號,安順里,"1-10,13,16,
23,24,32,33"
1403,華泰椰城椰林區中庭,安平路７２號,安順里,"11,12,14,15,
17-22,25-31,
34"
1404,配天宮,保健路２９巷２號,安平里,"1-7,22-26,38"
1405,"協和紀社區大樓森活
館",宜安路１６８巷６號,安平里,"8-15,19,
27-29,32,33,
39"
1406,林氏公廳,中和路３５０巷８弄１之２號,安平里,"16-18,20,21,
30,31,34-37,
40-43"
1407,"中央圖書館台灣分館
B1樂學室",中安街８５號地下室,中安里,1-14
1408,"中央圖書館台灣分館
B1文化走廊",中安街８５號地下室,中安里,15-29
1409,"中央圖書館台灣分館
B1國際會議廳",中安街８５號地下室,中安里,30-40
1410,中華幼兒園,中和路２４４巷１０號,泰安里,"1-5,32,33,
38-42"
1411,雙和幼兒園,保健路４０號,泰安里,"6,13-18,
24-27,31,36"
1412,玉聖宮,保健路１０巷２４號,泰安里,"7-12,19-23,
28-30,34,35,
37"
1413,秀山國小,立人街２號,秀山里,1-10
1414,秀山國小,立人街２號,秀山里,11-21
1415,秀山國小,立人街２號,秀山里,22-31
1416,秀山國小,立人街２號,秀成里,1-16
1417,秀山國小,立人街２號,秀成里,17-31
1418,永愛幼兒園中庭,秀朗路三段１１４號,秀義里,"1-4,13-18"
1419,民宅,秀朗路三段７８巷１弄３號,秀義里,5-12
1420,秀山國小,立人街２號,秀福里,1-11
1421,秀山國小,立人街２號,秀福里,12-22
1422,秀山國小,立人街２號,秀福里,23-36
1423,力霸大廈活動中心,成功路１３１號,秀景里,"1,12,14,25,
29,35-40"
1424,百年好合親子園,秀朗路三段１７５巷１０號,秀景里,"2-7,10,11,
26-28,41,42"
1425,尖山腳市民活動中心,成功路９７巷７號,秀景里,"8,9,13,17-19
24,30-32"
1426,翠隄雙星中庭,成功路９至２３號,秀景里,"15,16,20-23,
33,34,43"
1427,中和基督之家,景平路２７８巷１４弄１６號,秀明里,"1-5,31-35,56"
1428,東帝巿大廈管理室,景平路２００號內,秀明里,"6-8,27-29,
36-55"
1429,秀明公園,大勇街２９巷１號對面,秀明里,"9-26,30"
1430,土地公廟活動中心,秀峰街８５巷３３號,秀峰里,1-13
1431,土地公廟活動中心,秀峰街８５巷３３號,秀峰里,"14-19,21,22,
24-31"
1432,冠德住易中庭,景德街２６號旁,秀峰里,"20,23,32-47"
1433,景新國小(風雨操場),"景平路１１１巷１９號旁(景新
國小後門)",秀士里,"1-4,13-15,
20-22"
1434,景新國小(風雨操場),"景平路１１１巷１９號旁(景新
國小後門)",秀士里,"5-12,16-19"
1435,秀山國小,立人街２號,秀水里,1-9
1436,秀山國小,立人街２號,秀水里,10-19
1437,秀山國小,立人街２號,秀水里,20-28
1438,秀山國小,立人街２號,秀仁里,"1-10,20,21"
1439,秀山國小,立人街２號,秀仁里,"11-19,22,23"
1440,金甌女中101教室,博愛街３６號,光復里,全里
1441,金甌女中102教室,博愛街３６號,網溪里,全里
1442,竹林小學(一甲),竹林路３４號,復興里,"1,2,5-8"
1443,永和幼兒園博愛分班,竹林路３９巷３５號,復興里,"3,4,9-14"
1444,新北市國父紀念館,竹林路２０２號,竹林里,1-14
1445,新北市國父紀念館,竹林路２０２號,竹林里,15-30
1446,網溪國小一年1班,竹林路７９號,桂林里,1-7
1447,網溪國小一年2班,竹林路７９號,桂林里,8-18
1448,網溪國小一年3班,竹林路７９號,上林里,1-10
1449,網溪國小一年4班,竹林路７９號,上林里,11-21
1450,新北市國父紀念館,竹林路２０２號,福林里,1-17
1451,新北市國父紀念館,竹林路２０２號,福林里,18-25
1452,溪洲市民活動中心3樓,勵行街４２之１號,勵行里,全里
1453,溪洲市民活動中心2樓,勵行街４２之１號,中興里,1-9
1454,溪洲市民活動中心2樓,勵行街４２之１號,中興里,10-17
1455,網溪國小一年5班,竹林路７９號,永興里,1-13
1456,網溪國小一年6班,竹林路７９號,永興里,14-26
1457,網溪國小一年7班,竹林路７９號,正興里,1-11
1458,網溪國小二年1班,竹林路７９號,正興里,12-17
1459,豫溪市民活動中心,中正路６３７號,豫溪里,1-9
1460,民宅,中正路６８０巷１５號,豫溪里,10-17
1461,"新北市立圖書館永和
分館",國光路２號,光明里,1-11
1462,"新北市立圖書館永和
分館前",國光路２號,光明里,12-17
1463,福和國中705教室,永利路７１號,福和里,1-9
1464,福和國中704教室,永利路７１號,福和里,10-13
1465,福和國中703教室,永利路７１號,福和里,14-23
1466,復興商工302教室,秀朗路一段２０１號,得和里,1-9
1467,復興商工304教室,秀朗路一段２０１號,得和里,10-17
1468,復興商工701教室,秀朗路一段２０１號,得和里,18-25
1469,育才小學一年智班,福和路１２５巷２０號,永貞里,1-12
1470,育才小學一年藍班,福和路１２５巷２０號,永貞里,13-20
1471,永和國中903教室,國中路１１１號,永福里,1-8
1472,永和國中906教室,國中路１１１號,永福里,9-18
1473,永和國中911教室,國中路１１１號,河濱里,1-10
1474,"河濱第一市民活動中
心",林森路１０巷１８弄６號,河濱里,11-19
1475,永和國中914教室,國中路１１１號,秀和里,1-9
1476,福和國中702教室,永利路７１號,秀和里,10-15
1477,福和國中701教室,永利路７１號,秀和里,16-21
1478,"永和秀朗社區活動中
心",秀朗路二段２４巷１８號,永元里,1-8
1479,得和市民活動中心,秀朗路二段２４巷３５號,永元里,9-16
1480,得和市民活動中心,秀朗路二段２４巷３５號,永元里,17-21
1481,秀朗國小102教室,得和路２０２號,民權里,1-13
1482,秀朗國小103教室,得和路２０２號,民權里,"14-16,21-24"
1483,民權市民活動中心,民權路６０號４樓,民權里,"17-20,25,26"
1484,秀朗國小105教室,得和路２０２號,民族里,1-9
1485,秀朗國小108教室,得和路２０２號,民族里,10-16
1486,秀朗國小109教室,得和路２０２號,民族里,17-22
1487,秀朗市民活動中心,成功路一段２０之１號,秀朗里,1-12
1488,秀朗市民活動中心,成功路一段２０之１號,秀朗里,13-23
1489,秀朗市民活動中心,成功路一段２０之１號,秀成里,1-9
1490,民宅(秀和宮),成功路二段１巷１號,秀成里,10-17
1491,聖安宮,秀朗路二段８２巷５弄１號,秀林里,1-10
1492,濟安宮,永利路１２７號,秀林里,11-20
1493,秀朗國小110教室,得和路２０２號,秀得里,1-10
1494,秀朗國小112教室,得和路２０２號,秀得里,11-20
1495,秀朗國小114教室,得和路２０２號,秀元里,1-10
1496,秀朗國小116教室,得和路２０２號,秀元里,11-20
1497,秀朗國小146教室,得和路２０２號,民生里,1-9
1498,秀朗國小148教室,得和路２０２號,民生里,10-14
1499,秀朗國小151教室,得和路２０２號,民生里,15-22
1500,秀朗國小153教室,得和路２０２號,民本里,1-10
1501,秀朗國小154教室,得和路２０２號,民本里,11-17
1502,秀朗國小120教室,得和路２０２號,民富里,1-8
1503,合安幼兒園,民樂街５９巷１５號,民富里,9-15
1504,朝代大第,成功路二段４７巷１號,民樂里,1-9
1505,朝代大第,成功路二段４７巷１號,民樂里,"10-14,17"
1506,成功大第,成功路二段８１號中庭,民樂里,"15,16,18-22"
1507,秀朗國小142教室,得和路２０２號,民治里,1-12
1508,秀朗國小144教室,得和路２０２號,民治里,13-24
1509,智光商工102教室,中正路１００號,智光里,1-16
1510,智光商工103教室,中正路１００號,智光里,17-32
1511,潭墘市民活動中心,安樂路１０２號,潭安里,"7-10,20"
1512,潭墘市民活動中心,安樂路１０２號,潭安里,"11,15,16"
1513,永和國小112教室,秀朗路一段１２０號,潭安里,1-5
1514,永和國小113教室,秀朗路一段１２０號,潭安里,"6,12-14,17-1"
1515,永和國小英語教室,秀朗路一段１２０號,潭墘里,1-10
1516,永和國小201教室,秀朗路一段１２０號,潭墘里,11-18
1517,永和國小202教室,秀朗路一段１２０號,潭墘里,19-24
1518,永和國小203教室,秀朗路一段１２０號,店街里,1-12
1519,永和國小204教室,秀朗路一段１２０號,店街里,13-19
1520,"大新光明市民活動中
心2樓",大新街４５巷１之１號２樓,大新里,1-8
1521,"大新光明市民活動中
心3樓",大新街４５巷１之１號３樓,大新里,9-16
1522,永和國小601教室,秀朗路一段１２０號,永安里,1-8
1523,永和國小602教室,秀朗路一段１２０號,永安里,9-16
1524,永和國小603教室,秀朗路一段１２０號,永安里,17-24
1525,民宅,安樂路４６９巷１號,永樂里,1-9
1526,永和天主堂,自由街６９號,永樂里,10-16
1527,民宅,永貞路３２０號旁車庫,水源里,1-6
1528,水源市民活動中心,保平路１７７巷６弄２號,水源里,7-14
1529,奧爾仕幼兒園,保平路２０３巷２號,水源里,15-21
1530,民宅,永和路一段４９巷４號,協和里,1-11
1531,東聖宮,保平路５０巷１０弄３號,協和里,12-22
1532,永和雙和教會,中和路３８９巷５號,雙和里,1-7
1533,永和雙和教會,中和路３８９巷５號,雙和里,8-17
1534,嘉樂幼兒園,中和路５０１巷１７號,安和里,"1-5,10,14-15"
1535,"自來水公司北區工程
處停車場",水源街５２號旁停車場,安和里,"6-9,11-13,
16-18"
1536,浸信會中和堂,永和路一段１５３號,前溪里,全里
1537,永平高中704教室,永平路２０５號,和平里,1-8
1538,永平高中705教室,永平路２０５號,和平里,9-18
1539,永平高中706教室,永平路２０５號,和平里,19-24
1540,民宅(聖媽宮),保平路２４６號旁,保平里,1-7
1541,民宅,保平路２１４巷３弄１號,保平里,8-17
1542,民宅,保平路２６８巷５１弄２２號,保平里,18-25
1543,永平高中701教室,永平路２０５號,中溪里,1-6
1544,永平高中702教室,永平路２０５號,中溪里,7-12
1545,永平高中703教室,永平路２０５號,中溪里,13-21
1546,永平高中813教室,永平路２０５號,保安里,1-10
1547,永平國小113教室,保生路２５號,保安里,11-19
1548,永平國小114教室,保生路２５號,保安里,20-28
1549,永平國小115教室,保生路２５號,保安里,29-34
1550,永平國小116教室,保生路２５號,保順里,1-7
1551,永平國小117教室,保生路２５號,保順里,8-15
1552,永平國小118教室,保生路２５號,保順里,16-20
1553,永平國小119教室,保生路２５號,保順里,21-26
1554,永平國小語文教室,保生路２５號,保順里,27-33
1555,永平國小101教室,保生路２５號,保順里,34-36
1556,永平國小102教室,保生路２５號,保順里,"37,38"
1557,保福宮,仁愛路２０２巷３號之１,下溪里,1-8
1558,保福宮前,仁愛路２０２巷３號之１,下溪里,9-15
1559,觀音寺,新生路２７３巷１之１號,大同里,全里
1560,永和幼兒園大同分班,新生路２６號,新生里,全里
1561,永成市民活動中心,環河西路二段５號,永成里,全里
1562,"文化下溪市民活動中
心",保福路三段２之１號,忠義里,全里
1563,頂溪國小118教室,文化路１３３號,仁愛里,1-9
1564,頂溪國小119教室,文化路１３３號,仁愛里,10-17
1565,頂溪國小121教室,文化路１３３號,文化里,1-9
1566,頂溪國小122教室,文化路１３３號,文化里,10-18
1567,永和天恩堂,信義路２３號,信義里,1-7
1568,永和天恩堂,信義路２３號,信義里,8-15
1569,頂溪國小115教室,文化路１３３號,後溪里,全里
1570,頂溪國小123教室,文化路１３３號,上溪里,1-10
1571,頂溪國小124教室,文化路１３３號,上溪里,11-20
1572,忠孝市民活動中心4樓,忠孝街２６巷８號４樓,頂溪里,1-9
1573,南清宮,忠孝街３４巷１０號,頂溪里,10-16
1574,忠孝市民活動中心5樓,忠孝街２６巷８號５樓,河堤里,1-9
1575,忠孝市民活動中心5樓,忠孝街２６巷８號５樓,河堤里,10-19
1576,及人小學A-101教室,文化路１７２號,新廍里,1-9
1577,及人小學A-102教室,文化路１７２號,新廍里,10-18
1578,三多國小,三福街５２號,三興里,1-11
1579,三多國小,三福街５２號,三興里,"12,13,23-28"
1580,民宅,大慶街８６號,三興里,"14-22,29-31"
1581,三多國小,三福街５２號,三福里,1-10
1582,三多國小,三福街５２號,三福里,11-24
1583,三多國小,三福街５２號,三福里,25-32
1584,保安福德宮,保安街三段１巷口,三多里,"1-6,11-14"
1585,三多第2市民活動中心,中正路７１１巷１號,三多里,"7-10,15-21"
1586,迴龍幼兒園,三俊街３５號,三龍里,1-9
1587,迴龍幼兒園,三俊街３５號,三龍里,10-16
1588,三多國中,三多路１０１號,獇寮里,1-9
1589,三多國中,三多路１０１號,獇寮里,10-20
1590,三多國中,三多路１０１號,獇寮里,21-27
1591,武林國小,保安街二段１５１號,光興里,1-6
1592,武林國小,保安街二段１５１號,光興里,"7-11,19-21"
1593,鎮福宮,光興街１４６巷口,光興里,12-18
1594,武林國小,保安街二段１５１號,金寮里,1-8
1595,武林國小,保安街二段１５１號,金寮里,9-17
1596,武林國小,保安街二段１５１號,金寮里,18-24
1597,潭底市民活動中心,保安街一段２８９巷８號,潭底里,"1-10,33"
1598,樹人家商,大安路２１６號,潭底里,"11-17,30,31"
1599,文林國小,千歲街５９號,潭底里,"18-29,32"
1600,文林國小,千歲街５９號,文林里,1-10
1601,文林國小,千歲街５９號,文林里,11-24
1602,文林國小,千歲街５９號,文林里,25-36
1603,保安市民活動中心,保順街８８號１樓,保安里,"23-27,30,31,
34"
1604,保安市民活動中心,保順街８８號１樓,保安里,"1-7,32,33"
1605,鎮南宮,千歲街２號,保安里,8-16
1606,文林國小,千歲街５９號,保安里,"17-22,28,29"
1607,"圳安社區活動中心１
樓",俊英街９８之１號,圳安里,1-8
1608,圳安第二松鶴會館,俊英街２１９之３號,圳安里,9-15
1609,"永竑機械股份有限公
司(原新達機械股份有
限公司)",俊英街２０６號,圳安里,16-23
1610,中正體育活動中心,樹新路２０３之１號,圳福里,"1-9,23"
1611,"圳安松鶴一會(原圳安
社區長壽俱樂部)","中正路２１號之１（中正路橋
下）",圳福里,"10,11,14-17,
26,27"
1612,文林國小,千歲街５９號,圳福里,"12,13,18-22,
24,25"
1613,圳安第二松鶴會館,俊英街２１９之３號,圳民里,1-9
1614,圳安第二松鶴會館,俊英街２１９之３號,圳民里,10-16
1615,圳安第二松鶴會館,俊英街２１９之３號,圳生里,全里
1616,樹人家商,大安路２１６號,樹德里,"11,21-25"
1617,長壽親子公園旁,復興路１３９之１號,樹德里,"10,12-20"
1618,新力幼兒園,復興路５０號,樹德里,1-9
1619,基督教樹林教會,保安街一段３９號,樹福里,"5,11-20"
1620,民宅,中山路一段２巷２號,樹福里,"1-4,6-10"
1621,樹西市民活動中心,復興路２２５巷２號,樹西里,"15,19,20,
22-25,27-29,
32"
1622,樹林國小,育英街１７６號,樹西里,"1-4,6-10"
1623,樹林國小,育英街１７６號,樹西里,"5,11-14,
16-18,21,26,
30,31"
1624,樹林國小,育英街１７６號,樹興里,1-10
1625,樹林國小,育英街１７６號,樹興里,11-18
1626,停七活動中心,復興路２０２號,樹興里,19-27
1627,育林國中,復興路３９５號,樹人里,1-10
1628,樹林國小,育英街１７６號,樹人里,11-21
1629,樹林國小,育英街１７６號,育英里,"2-10,18,20"
1630,企鵝家族幼兒園,文化街２２號,育英里,"1,11-17,19"
1631,文化市民活動中心,文化街１５號,樹南里,"1-6,21-23"
1632,健民協會,復興路３３５巷７號,樹南里,"7-11,24-29"
1633,育林國小,復興路３９５號,樹南里,12-20
1634,坡內市民活動中心,備內街１１７號,坡內里,全里
1635,"樹林區農會所(本會)
停車場",鎮前街７７號,樹東里,全里
1636,樹林義消分隊隊部,鎮前街３１號,樹北里,全里
1637,彭福國小,忠孝街３０號,彭福里,1-10
1638,彭福國小,忠孝街３０號,彭福里,11-23
1639,彭福國小,忠孝街３０號,彭福里,24-33
1640,樹林中學,中華路８號,和平里,1-9
1641,樹林中學,中華路８號,和平里,10-19
1642,樹林中學,中華路８號,和平里,20-28
1643,彭福國小,忠孝街３０號,彭興里,"1-9,23-25"
1644,彭福國小,忠孝街３０號,彭興里,26-34
1645,彭福國小,忠孝街３０號,彭興里,35-41
1646,慈恩宮,太平路２２７號,彭興里,10-22
1647,慈恩宮旁車庫,太平路２２７號,彭厝里,"16-29,31-33"
1648,哈佛幼兒園,太平路２２１號,彭厝里,"12-15,30,34,
36-40"
1649,大同國小,大同街４３號,彭厝里,"1-11,35"
1650,大同國小,大同街４３號,大同里,1-8
1651,大同國小,大同街４３號,大同里,9-18
1652,大同國小,大同街４３號,中華里,1-9
1653,大同國小,大同街４３號,中華里,10-19
1654,大同國小,大同街４３號,太順里,1-9
1655,大同國小,大同街４３號,太順里,10-16
1656,育林國中,復興路３９５號,東昇里,"1-8,17-19"
1657,育林國小,復興路３９５號,東昇里,20-28
1658,大同國小,大同街４３號,東昇里,9-16
1659,大同國小,大同街４３號,東陽里,1-8
1660,大同國小,大同街４３號,東陽里,"10,14-18"
1661,大同國小,大同街４３號,東陽里,"9,22-27,31"
1662,東陽市民活動中心,鎮前街４６７號,東陽里,"11-13,19-21,
28-30"
1663,東山市民活動中心,中山路二段１７３號,東山里,"1-3,6,7,16-1"
1664,山佳國小,中山路三段５號,東山里,"4,5,8-15,20"
1665,山佳國小,中山路三段５號,山佳里,3-10
1666,山佳國小,中山路三段５號,山佳里,11-18
1667,育德國小,佳園路一段３４號,山佳里,"1,2"
1668,育德國小,佳園路一段３４號,山佳里,19-21
1669,育德國小,佳園路一段３４號,中山里,1-9
1670,育德國小,佳園路一段３４號,中山里,10-16
1671,育德國小,佳園路一段３４號,中山里,17-25
1672,育德國小,佳園路一段３４號,樂山里,全里
1673,柑園國小,柑園街一段３５３號,柑園里,"1-7,9-12"
1674,桃子腳國民中小學,學勤路５５５號,柑園里,"8,13-18"
1675,桃子腳國民中小學,學勤路５５５號,柑園里,19-25
1676,桃子腳國民中小學,學勤路５５５號,柑園里,26-31
1677,桃子腳國民中小學,學勤路５５５號,柑園里,32-37
1678,土地公廟旁鐵皮屋,柑園街二段３６３巷口,西園里,全里
1679,桃子腳國民中小學,學勤路５５５號,南園里,1-9
1680,桃子腳國民中小學,學勤路５５５號,南園里,10-15
1681,桃子腳國民中小學,學勤路５５５號,南園里,16-22
1682,桃子腳國民中小學,學勤路５５５號,南園里,23-30
1683,桃子腳國民中小學,學勤路５５５號,南園里,31-38
1684,桃子腳國民中小學,學勤路５５５號,南園里,39-45
1685,桃子腳國民中小學,學勤路５５５號,南園里,46-52
1686,民宅,柑園街一段２３號,東園里,全里
1687,柑園國小,柑園街一段３５３號,北園里,1-6
1688,柑園國小,柑園街一段３５３號,北園里,7-12
1689,建德市民活動中心,中正一路建德巷１１號,建德里,全里
1690,東鶯市民活動中心,文化路２１５號,東鶯里,全里
1691,宏德宮,中正一路３０１巷１號,北鶯里,"1-6,12-20"
1692,宏德宮,中正一路３０１巷１號,北鶯里,7-11
1693,西鶯活動中心１樓,中正一路２０３號,西鶯里,"1-8,16,17"
1694,"新北市立圖書館鶯歌
分館(林長壽圖書館)",中山路１５０號,西鶯里,"9-15,18"
1695,中鶯舊集會所,建國路公有市場旁,中鶯里,全里
1696,鶯歌長老教會,光復街１１號,南鶯里,1-13
1697,建國國小,育英街２號,南鶯里,14-24
1698,建國國小,育英街２號,南鶯里,25-34
1699,建國國小,育英街２號,建國里,"1-10,19,20"
1700,建國國小,育英街２號,建國里,"11-14,21-27"
1701,建國國小,育英街２號,建國里,"15-18,28-34"
1702,二甲市民活動中心,二甲路３６之２號,二甲里,全里
1703,二橋國小,中正三路１０６號,二橋里,"1,2,26"
1704,二橋國小,中正三路１０６號,二橋里,"24,25"
1705,鶯歌高職,中正三路１５４號,二橋里,"3-6,22,23"
1706,二橋市民活動中心,中正三路３３７號,二橋里,7-21
1707,尖山市民活動中心,尖山路１９３號,尖山里,"1-3,11,12"
1708,尖山國中,國中街１號,尖山里,4-8
1709,尖山國中,國中街１號,尖山里,"9,10,13-16"
1710,鶯歌衛生所,文化路３８９號,南靖里,"1-6,12-14"
1711,南靖市民活動中心,文化路３９５號,南靖里,"7,8,15,17-19"
1712,三鶯路福德宮,三鶯路９２號,南靖里,"9-11,16,20"
1713,同慶市民活動中心,尖山埔路１０４號,同慶里,全里
1714,昌福國小,永明街２２號,永昌里,"1-3,20,21"
1715,昌福國小,永明街２２號,永昌里,"4,5,11"
1716,昌福國小,永明街２２號,永昌里,"6-8,22"
1717,鶯歌國中,尖山埔路１０８號,永昌里,"9,10,13"
1718,鶯歌國中,尖山埔路１０８號,永昌里,"12,14-19"
1719,"永吉市民活動中心(吉
德宮)",德昌二街３巷１號之１,永吉里,1-10
1720,永吉老人休閒中心,"鶯桃路２０６巷２４弄３０之
１號",永吉里,"11-15,17-22"
1721,永福宮,鶯桃路２９６巷５５弄,永吉里,"16,23-32"
1722,鳳祥市民活動中心,鶯桃路３８１巷２弄１５號,鳳祥里,1-11
1723,鳳鳴國中,永和街３３號,鳳祥里,12-23
1724,鳳鳴國中,永和街３３號,鳳祥里,24-33
1725,鳳鳴國小,永和街１２０號,鳳鳴里,1-6
1726,鳳鳴市民活動中心,永和街３４巷８號,鳳鳴里,7-18
1727,鳳鳴國中,永和街３３號,鳳鳴里,19-29
1728,鳳福市民活動中心,鳳吉一街１６７之１號,鳳福里,1-7
1729,鳳福市民活動中心,鳳吉一街１６７之１號,鳳福里,"8-12,19-22,
25"
1730,福德祠(長壽俱樂部),福隆一街７９之１號,鳳福里,"13-18,23,24,
26-29"
1731,謝文成宅,大湖路５３０巷３５號,大湖里,"1-4,14-17"
1732,大湖市民活動中心,明圓街４１號,大湖里,"7-13,18"
1733,簡義木宅,大湖路７２８號,大湖里,"5,6,19-24"
1734,"新北市立鶯歌幼兒園
(地下室）",大湖路３３６號,中湖里,"1-7,26,27"
1735,中湖市民活動中心,中湖街２３號,中湖里,8-16
1736,中湖國小,中湖街２５號,中湖里,17-25
1737,三湖宮,三界公坑３號,東湖里,全里
1738,祖田市民活動中心,中央路四段２８３之１號２樓,祖田里,全里
1739,頂新市民活動中心,中央路四段２８３之１號,頂新里,1-5
1740,原住民族活動中心,中央路四段２８３之１號３樓,頂新里,6-10
1741,頂埔國小,中央路四段２０５號,頂福里,"1-8,15"
1742,頂埔國小,中央路四段２０５號,頂福里,"9,10,20-25"
1743,頂福巿民活動中心,中州路２８巷２８號,頂福里,"11-14,16-19"
1744,頂埔市民活動中心1樓,中央路四段５５之１２號１樓,頂埔里,1-10
1745,頂埔巿民活動中心1樓,中央路四段５５之１２號１樓,頂埔里,11-20
1746,頂埔巿民活動中心2樓,中央路四段５５之１２號２樓,頂埔里,21-31
1747,沛陂巿民活動中心1樓,"三民路２３巷８弄９號１樓(沛
陂社區公園內)",沛陂里,"1,2,9,10"
1748,沛陂巿民活動中心2樓,"三民路２３巷８弄９號２樓(沛
陂社區公園內)",沛陂里,"11,12,15-21"
1749,沛陂社區活動中心,福安街１５號,沛陂里,"3-8,13,14"
1750,土城國中,永寧路１８號,永寧里,"1-10,16,17"
1751,土城國中,永寧路１８號,永寧里,11-15
1752,土城國中,永寧路１８號,永寧里,18-27
1753,土城國中,永寧路１８號,永寧里,28-32
1754,土城國中,永寧路１８號,永寧里,33-37
1755,大安集會所,中央路三段１３４號,大安里,"1-6,16-18,25"
1756,"臺北市政府捷運工程
局北區工程處第五土
木工務所","承天路２號(永寧站２號出口前
之工務所)",大安里,"7-10,13,19-2"
1757,"南天母新城社區會議
室",南天母路６７號,大安里,"11,12,14,15,
23,24"
1758,土城國小,興城路１７號,員仁里,"1-6,26-28"
1759,土城國小,興城路１７號,員仁里,"7-14,29"
1760,"員仁社區活動中心(左
側)",中華路二段９０號,員仁里,15-22
1761,"員仁社區活動中心(右
側)",中華路二段９０號,員仁里,"23-25,30-33"
1762,土城國小,興城路１７號,埤塘里,1-7
1763,土城國小,興城路１７號,埤塘里,"8-10,15-17"
1764,土城國小,興城路１７號,埤塘里,11-14
1765,土城國小,興城路１７號,土城里,1-9
1766,土城國小,興城路１７號,土城里,10-19
1767,長風巿民活動中心,順風路２７號,長風里,全里
1768,土城國小,興城路１７號,員信里,1-10
1769,土城國小,興城路１７號,員信里,11-17
1770,土城國小,興城路１７號,員信里,18-25
1771,土城國小,興城路１７號,員林里,1-10
1772,土城國小,興城路１７號,員林里,11-19
1773,土城國小,興城路１７號,員林里,20-28
1774,土城國小,興城路１７號,員林里,29-34
1775,土城國小,興城路１７號,員福里,1-8
1776,土城國小,興城路１７號,員福里,9-15
1777,土城國小,興城路１７號,員福里,16-22
1778,土城國小,興城路１７號,員福里,23-28
1779,樂利國小,裕生路６５號,日和里,1-9
1780,樂利國小,裕生路６５號,日和里,10-16
1781,樂利國小,裕生路６５號,日和里,17-24
1782,樂利國小,裕生路６５號,日和里,25-31
1783,樂利國小,裕生路６５號,日新里,1-10
1784,樂利國小,裕生路６５號,日新里,"11,18-22,
24-27"
1785,日新巿民活動中心,裕生路１００巷５號,日新里,"12-17,23"
1786,莒光四村活動中心,中央路一段１８９巷２號,裕生里,"1-8,15,16"
1787,樂利國小,裕生路６５號,裕生里,"9-14,17-19"
1788,樂利國小,裕生路６５號,裕生里,"23-28,37-39"
1789,樂利國小,裕生路６５號,裕生里,"20-22,29-36"
1790,樂利國小,裕生路６５號,貨饒里,1-8
1791,樂利國小,裕生路６５號,貨饒里,9-15
1792,樂利國小,裕生路６５號,貨饒里,16-22
1793,信義國小,四川路二段２４５巷６０號,瑞興里,1-13
1794,信義國小,四川路二段２４５巷６０號,瑞興里,14-26
1795,信義國小,四川路二段２４５巷６０號,復興里,1-12
1796,信義國小,四川路二段２４５巷６０號,復興里,13-24
1797,信義國小,四川路二段２４５巷６０號,復興里,25-34
1798,廣福國小,學府路一段１２７號,廣福里,"1,2,13,26,
28-32"
1799,廣福國小,學府路一段１２７號,廣福里,"3,4,15-23,25
27"
1800,廣福巿民活動中心,學府路一段９９巷底,廣福里,"5-12,14,24,3"
1801,廣福國小,學府路一段１２７號,學成里,"1,2,13-18"
1802,學成巿民活動中心,學成路９７巷８號,學成里,3-12
1803,廣福國小,學府路一段１２７號,埤林里,1-7
1804,廣福國小,學府路一段１２７號,埤林里,8-15
1805,廣福國小,學府路一段１２７號,埤林里,16-23
1806,廣福國小,學府路一段１２７號,埤林里,24-31
1807,廣福國小,學府路一段１２７號,埤林里,32-38
1808,廣福國小,學府路一段１２７號,廣興里,1-10
1809,廣福國小,學府路一段１２７號,廣興里,11-18
1810,樂利國小,裕生路６５號,樂利里,1-10
1811,樂利國小,裕生路６５號,樂利里,11-22
1812,樂利國小,裕生路６５號,樂利里,23-36
1813,廣福國小,學府路一段１２７號,學府里,"1,2,10,14-22"
1814,新北高工,學府路一段２４１號,學府里,"3-9,11-13"
1815,新北高工,學府路一段２４１號,明德里,1-10
1816,新北高工,學府路一段２４１號,明德里,11-19
1817,新北高工,學府路一段２４１號,明德里,20-30
1818,中正國中,金城路二段２４７號,學士里,"1-6,8,9"
1819,中正國中,金城路二段２４７號,學士里,"7,10-18"
1820,中正國中,金城路二段２４７號,學士里,19-27
1821,中正國中,金城路二段２４７號,柑林里,"1-7,9"
1822,中正國中,金城路二段２４７號,柑林里,"8,10-21"
1823,中正國中,金城路二段２４７號,中正里,1-10
1824,中正巿民活動中心,"裕民路１８５巷３６弄２號對
面",中正里,11-18
1825,"青雲巿民活動中心(左
側)","清水路１４１巷１８號地下１
樓",青雲里,1-10
1826,"青雲巿民活動中心(右
側)","清水路１４１巷１８號地下１
樓",青雲里,11-21
1827,清和巿民活動中心,青雲路３６８號,清和里,"1,2,14-18"
1828,清水中學,明德路一段７２號,清和里,"3-9,12"
1829,清水中學,明德路一段７２號,清和里,"10,11,13,
19-22"
1830,清水中學,明德路一段７２號,清和里,23-28
1831,清化巿民活動中心,青雲路３６８號４樓,清化里,全里
1832,清水國小,金城路二段３５６號,清溪里,1-12
1833,清水國小,金城路二段３５６號,清溪里,"13-15,36-43,
48,49"
1834,"清溪巿民活動中心(左
側)",清水路２４３之１號,清溪里,16-31
1835,"清溪巿民活動中心(右
側)",清水路２４３之１號,清溪里,"32-35,44-47,
50-53"
1836,青山巿民活動中心,明德路一段７４之１號,青山里,"1-7,13"
1837,清水中學,明德路一段７２號,青山里,"8-12,14-18"
1838,清水國小,金城路二段３５６號,清水里,"1-3,17,25,26"
1839,清水國小,金城路二段３５６號,清水里,"4,27-29,31,3"
1840,"清水巿民活動中心(左
側)",清水路２３４巷５號,清水里,"6,10-16"
1841,"清水巿民活動中心(右
側)",清水路２３４巷５號,清水里,"5,7-9,23,24"
1842,清水國小,金城路二段３５６號,清水里,"18-22,30"
1843,清水國小,金城路二段３５６號,永豐里,1-10
1844,清水國小,金城路二段３５６號,永豐里,11-17
1845,清水國小,金城路二段３５６號,永豐里,18-27
1846,清水中學,明德路一段７２號,永富里,"1-9,27"
1847,清水中學,明德路一段７２號,永富里,10-17
1848,清水中學,明德路一段７２號,永富里,18-26
1849,"廷寮社區活動中心(右
側)",永豐路１７１號旁,廷寮里,"1-9,13"
1850,"廷寮社區活動中心(左
側)",永豐路１７１號旁,廷寮里,"10-12,14,15"
1851,廷寮巿民活動中心,永豐路２４０之１號,廷寮里,16-23
1852,清水中學,明德路一段７２號,金城里,1-8
1853,清水中學,明德路一段７２號,金城里,9-17
1854,清水中學,明德路一段７２號,金城里,18-26
1855,"延吉峯廷巿民活動中
心(左側)",延吉街１３７巷１５號,峯廷里,1-6
1856,清水中學,明德路一段７２號,峯廷里,7-12
1857,清水中學,明德路一段７２號,峯廷里,13-17
1858,清水中學,明德路一段７２號,峯廷里,18-22
1859,清水中學,明德路一段７２號,峯廷里,23-31
1860,清水中學,明德路一段７２號,延吉里,1-7
1861,"延吉峯廷巿民活動中
心(右側)",延吉街１３７巷１３號,延吉里,8-13
1862,清水中學,明德路一段７２號,延吉里,14-22
1863,安和國小,延和路２３號,延壽里,"1-6,16"
1864,延壽巿民活動中心,延和路１２５巷２８號２樓,延壽里,7-15
1865,安和國小,延和路２３號,延壽里,17-27
1866,安和國小,延和路２３號,延祿里,1-7
1867,安和國小,延和路２３號,延祿里,8-13
1868,安和國小,延和路２３號,延祿里,14-21
1869,安和國小,延和路２３號,平和里,"1-7,17"
1870,平和巿民活動中心,延和路１０５巷８弄７號,平和里,"8,10-16"
1871,安和國小,延和路２３號,平和里,18-26
1872,安和國小,延和路２３號,平和里,"9,27-34"
1873,安和巿民活動中心,延和路８８巷１０弄３號,安和里,"1,2,10-15,24
28"
1874,安和國小,延和路２３號,安和里,"3-9,16,17"
1875,安和國小,延和路２３號,安和里,"18-23,25-27"
1876,安和國小,延和路２３號,延和里,1-7
1877,安和國小,延和路２３號,延和里,8-14
1878,安和國小,延和路２３號,延和里,15-21
1879,安和國小,延和路２３號,延和里,22-32
1880,三峽興隆宮,民權街５０號,三峽里,全里
1881,三峽祖師廟會議室,長福街１號,秀川里,全里
1882,八張市民活動中心,民族街１２２號,八張里,"5-7,11-16,20"
1883,基督長老教會,民族街１號,八張里,"1-4,8-10,
17-19"
1884,中園國小（C112）,大同路２２２巷２２弄２號,中埔里,"1-7,10,11"
1885,中園國小（C113）,大同路２２２巷２２弄２號,中埔里,"8,9,12-15"
1886,弘道市民活動中心,弘道２５之１號,弘道里,全里
1887,"三峽國小2年1班(中山
郵局對面)",中山路１６號,永舘里,1-7
1888,"三峽國小2年2班(中山
郵局對面)",中山路１６號,永舘里,8-14
1889,"三峽國小1年1班(中山
郵局對面)",中山路１６號,永舘里,15-1９
1890,三峽國中補教教室一,復興路238號,永舘里,"20,21,24"
1891,三峽國中補教教室二,復興路238號,永舘里,"22,23,25"
1892,"三峽國小1年2班(中山
郵局對面)",中山路１６號,鳶山里,1-5
1893,"三峽國小1年3班(中山
郵局對面)",中山路１６號,鳶山里,6-9
1894,"三峽國小1年4班(中山
郵局對面)",中山路１６號,鳶山里,"10-12,14"
1895,"三峽國小幼兒園３０１（
長青市民活動中心對面）",中山路１６號,鳶山里,"13,15-17"
1896,"三峽國小幼兒園５０７（
長青市民活動中心對面）",中山路１６號,鳶山里,"19,20,26-28"
1897,長青市民活動中心,中山路６５號,鳶山里,"18,21-25"
1898,龍埔市民活動中心,三樹路２１４巷９號,龍埔里,1-8
1899,啟育幼兒園,民生街５９號,龍埔里,"9-12,20-22"
1900,啟育幼兒園,民生街５９號,龍埔里,13-19
1901,啟育幼兒園,民生街５９號,龍埔里,23-28
1902,三峽國中903教室,復興路２３８號,龍埔里,29-36
1903,台北大學商學院1F04,大學路１５１號,龍恩里,2-11
1904,台北大學商學院1F05,大學路１５１號,龍恩里,12-22
1905,台北大學商學院1F09,大學路１５１號,龍恩里,23-31
1906,龍埔國小101,大學路６號,龍學里,1-8
1907,龍埔國小103,大學路６號,龍學里,9-15
1908,龍埔國小107,大學路６號,龍學里,"16-20,24"
1909,龍埔國小301,大學路６號,龍學里,"21-23,25-27"
1910,龍埔國小303,大學路６號,龍學里,28-33
1911,龍埔國小英語1,大學路６號,龍學里,34-39
1912,龍埔國小502,大學路６號,龍學里,"40-43,45"
1913,介壽國小1年1班,大同路１號,礁溪里,"1-6,9-14"
1914,安溪國小6年9班,中華路４２號,礁溪里,"7,8,15,17-25"
1915,安溪國小4年8班,中華路４２號,礁溪里,"16,26-37"
1916,安溪國小2年6班,中華路４２號,安溪里,1-10
1917,安溪國小1年5班,中華路４２號,安溪里,11-19
1918,安溪國小1年6班,中華路４２號,安溪里,20-29
1919,安溪國小3年6班,中華路４２號,安溪里,30-38
1920,"安溪、礁溪、介壽、
中正市民活動中心",永安街９巷５號,介壽里,"10,12-15,25,
26"
1921,介壽國小1年級4班,大同路１號,介壽里,"1-9,16"
1922,介壽國小1年級5班,大同路１號,介壽里,"11,17-20"
1923,介壽國小1年級6班,大同路１號,介壽里,"21-24,27,28"
1924,"安溪國中(中宇樓一樓
教室第1間)",大同路１３５號,中正里,1-12
1925,"安溪國中(中宇樓一樓
教室第2間)",大同路１３５號,中正里,13-22
1926,"安溪國中(中宇樓一樓
教室第3間)",大同路１３５號,中正里,23-34
1927,大埔國小一忠,大埔路１３０號,大埔里,1-8
1928,大埔國小二忠,大埔路１３０號,大埔里,9-16
1929,大埔國小三忠,大埔路１３０號,大埔里,17-22
1930,仁愛市民活動中心,嘉添３０號,嘉添里,"1-9,20,21"
1931,醒心公園籃球場,白雞１２７號附近,嘉添里,10-19
1932,添福市民活動中心,添福５７之１號,添福里,全里
1933,"互助橋旁(綠竹鄉餐廳
邊)",圳頭1之1號,金圳里,全里
1934,五寮市民活動中心,五寮８９之９號,五寮里,全里
1935,插角國小,插角３９號,插角里,全里
1936,有木國小,有木１３１號,有木里,全里
1937,"明德高中(擎藝樓一樓
410教室)",中正路二段３９９號,二鬮里,1-10
1938,"明德高中(擎藝樓一樓
611教室)",中正路二段３９９號,二鬮里,11-24
1939,中興市民活動中心,介壽路二段１３６巷６３號,溪南里,全里
1940,林絨(民宅),介壽路三段１８３號,溪北里,"1-4,17-20"
1941,溪北市民活動中心,溪北街８７號,溪北里,5-16
1942,成福國小(視聽教室),溪東路２１３號,溪東里,1-9
1943,溪東市民活動中心,溪東路２１８巷１號,溪東里,10-16
1944,成福市民活動中心,成福路４４號,成福里,全里
1945,竹崙市民活動中心,竹崙路１４６號,竹崙里,2-12
1946,靈隱寺,紫微南路１１號,竹崙里,"1,13-18"
1947,建安國小,建安６７號,安坑里,全里
1948,"新北市立新店幼兒園
新店分班",新店路２０７號,新店里,全里
1949,"瑠公農田水利會新店
紀念大樓",北新路一段４５巷５號,張南里,全里
1950,新店國小,新店路２號,國校里,1-6
1951,新店國小,新店路２號,國校里,7-10
1952,文山國中,文中路３８號,文中里,全里
1953,新店教會,光明街１３８巷８、１０號,廣明里,全里
1954,文明里活動中心,光明街１６８巷５弄２之１號,文明里,"1-7,17"
1955,福德祠(土地公廟),檳榔路３６巷口,文明里,"8-16,18"
1956,五峯國中,中興路一段２５３號,中興里,1-4
1957,五峯國中,中興路一段２５３號,中興里,5-7
1958,五峯國中,中興路一段２５３號,中興里,8-11
1959,五峯國中,中興路一段２５３號,中興里,12-18
1960,天闊社區中庭,環河路３６號,新生里,2-5
1961,名人華廈社區中庭,北新路一段１３５號,新生里,"1,6-12,24,25"
1962,車庫,新生街１３巷５號,新生里,"13-23,26"
1963,五峯國中(2樓教室),中興路一段２５３號,新德里,1-10
1964,五峯國中(2樓教室),中興路一段２５３號,新德里,11-20
1965,北新國小,寶橋路８號,張北里,1-7
1966,北新國小,寶橋路８號,張北里,8-11
1967,北新國小,寶橋路８號,張北里,12-17
1968,北新國小,寶橋路８號,張北里,18-22
1969,北新國小,寶橋路８號,張北里,23-26
1970,五峯國中,中興路一段２５３號,五峯里,1-8
1971,五峯國中,中興路一段２５３號,五峯里,9-14
1972,五峯國中,中興路一段２５３號,五峯里,15-18
1973,五峯國中,中興路一段２５３號,五峯里,19-25
1974,"大千豪景社區活動中
心",新坡一街１８巷４弄２７號底,長春里,"1-4,10,11"
1975,"江坡華城社區活動中
心",新坡一街７０號,長春里,5-9
1976,北新國小,寶橋路８號,新安里,"1-8,11"
1977,北新國小,寶橋路８號,新安里,"9,10,12-15"
1978,北新國小,寶橋路８號,新安里,16-25
1979,北新國小,寶橋路８號,忠誠里,1-9
1980,北新國小,寶橋路８號,忠誠里,10-20
1981,崇光女中(2樓教室),三民路１８號,中正里,1-7
1982,崇光女中(2樓教室),三民路１８號,中正里,8-17
1983,三民活動中心,三民路２０之２號,中正里,19-22
1984,"中正活動中心(中正閱
覽室)",中正路２７５巷１７之１號,中正里,"18,23,24"
1985,中正國小,三民路３６號,中華里,1-7
1986,中正國小,三民路３６號,中華里,8-13
1987,中正國小,三民路３６號,中華里,14-21
1988,佳欣幼兒園,中正路１２８巷９弄１號,仁愛里,1-9
1989,崇光女中(2樓教室),三民路１８號,仁愛里,10-19
1990,新店區建國游泳池,建國路５８號,建國里,"1-9,17"
1991,容石園幼兒園,建安街３１號,建國里,"10-16,18"
1992,中正國小,三民路３６號,百忍里,1-7
1993,中正國小,三民路３６號,百忍里,8-14
1994,咸亨宮,自由街２號,百忍里,15-22
1995,大豐國小,民族路１０８號,百和里,1-12
1996,大豐國小,民族路１０８號,百和里,13-22
1997,新店高中,中央路９３號,福德里,"1-8,10"
1998,新店高中,中央路９３號,福德里,"9,11-20"
1999,中正國小,三民路３６號,百福里,1-15
2000,中正國小,三民路３６號,百福里,16-24
2001,福民活動中心,福園街８之１號,福民里,"1-14,17,18"
2002,新店高中,中央路９３號,福民里,"15,16,19-25"
2003,"中央公有市場1樓川堂
(停車管理處靠四街
側)",中央五街６０號,中山里,"1-8,12-16"
2004,"湯泉美地社區管委會
宴會廳",溪園路３９３號,中山里,"9,10,17-21"
2005,"湯泉櫻花社區B1圖書
室",溪園路５１３號地下室,中山里,"11,22-26"
2006,"新北市立新店幼兒園
和平分班",民生路１４７巷口,和平里,全里
2007,"中央公有市場1樓川堂
(全聯社靠四街側)",中央五街６０號,中央里,"1,2,4,5"
2008,"中央公有市場1樓川堂
(全聯社靠五街側)",中央五街６０號,中央里,"3,6-12"
2009,"中央公有市場1樓川堂
(停車管理處靠五街
側)",中央五街６０號,中央里,13-20
2010,大豐國小,民族路１０８號,國豐里,1-11
2011,大豐國小,民族路１０８號,國豐里,12-22
2012,大豐國小,民族路１０８號,明德里,1-9
2013,大豐國小,民族路１０８號,明德里,10-19
2014,大豐國小,民族路１０８號,明德里,20-27
2015,大豐國小,民族路１０８號,大豐里,"1-5,7-12"
2016,大豐國小,民族路１０８號,大豐里,"6,13-24"
2017,樂童幼兒園,大豐路１６巷９號,大同里,"1-10,13"
2018,樂童幼兒園,大豐路１６巷１１號,大同里,"11,12,14-26"
2019,大豐國小,民族路１０８號,江陵里,1-8
2020,大豐國小,民族路１０８號,江陵里,9-14
2021,大豐國小,民族路１０８號,江陵里,15-23
2022,大豐國小,民族路１０８號,復興里,1-14
2023,莊敬高職,民生路４５號,復興里,15-21
2024,開明高職,寶中路４９號,寶興里,"3-8,18-20,22"
2025,寶興活動中心會議室,寶中路６５巷５９號,寶興里,"1,2,21,24"
2026,寶興活動中心文康室,寶中路６５巷５９號,寶興里,"9-17,23"
2027,"寶橋福壽宮(土地公
廟)",寶橋路２６６號,寶福里,"1,2,6-11"
2028,"隆康科技文教園區1樓
通道(康軒文教對面)","中興路二段２１８巷６號至１
０號",寶福里,"3-5,12-14,18
21"
2029,"寶路生活館社區E棟大
樓通道",中興路二段２０５號,寶福里,15-17
2030,寶福社區活動中心,寶興路６２巷５號地下室,寶福里,"19,20,22-29"
2031,開明高職,寶中路４９號,寶安里,1-16
2032,開明高職,寶中路４９號,寶安里,"17-23,32,
37-39"
2033,車庫,"北新路三段１３８號１樓後方
(大坪林捷運站２號出口旁巷
內)",寶安里,"24-31,33-36"
2034,泰山岩顯應祖師廟,寶慶街３２巷５弄５號,信義里,1-5
2035,信義活動中心,寶慶街１０之１號,信義里,"6-11,13,14,
27,31"
2036,信義活動中心,寶慶街１０之１號,信義里,"12,15-19"
2037,大坪林聯合開發大樓,北新路三段２００號,信義里,"20-26,28-30"
2038,莊敬高職,民生路４５號,忠孝里,1-9
2039,莊敬高職,民生路４５號,忠孝里,10-15
2040,"陽光天使幼兒園安親
班教室",中正路７００巷２６號,大鵬里,1-5
2041,"大鵬華城管委會活動
中心會議室",中正路７００巷２６號２樓,大鵬里,6-10
2042,太平里臨時集會所,碧潭路２７號,太平里,1-10
2043,"太平宮餐廳(原太平托
兒所旁)",太平路４５號旁,太平里,11-20
2044,美城里才藝教室,永業路８１巷３弄５號地下室,美城里,"1-4,12-14"
2045,美之城社區活動中心,永業路８１巷７弄１號地下室,美城里,5-11
2046,頂城活動中心,安康路一段９之２號,頂城里,全里
2047,下城活動中心,安康路一段２８１巷６號,下城里,3
2048,下城活動中心,安康路一段２８１巷６號,下城里,"1,2,4-14"
2049,安康高中,安興路２５號,柴埕里,"1-8,10"
2050,安康高中,安興路２５號,柴埕里,"9,11-19"
2051,安康高中,安興路２５號,柴埕里,"20-26,28"
2052,安康高中,安興路２５號,柴埕里,"27,29-34"
2053,凡賽斯花園社區大廳,安民街２３２之１號,安和里,"1-7,12,26"
2054,"別墅天廈中庭(會議
室)",安和路二段２１９號地下室,安和里,"8-11,13-15"
2055,別墅天廈中庭(通道),安和路二段２１９號地下室,安和里,18-20
2056,大溪地社區集會所,安民街３６５巷１４號地下室,安和里,"16,17,21-25,
27,28"
2057,新和國小,安和路三段１００號,永安里,1-6
2058,新和國小,安和路三段１００號,永安里,7-16
2059,新和國小,安和路三段１００號,永安里,17-25
2060,新和國小,安和路三段１００號,新和里,1-11
2061,新和國小,安和路三段１００號,新和里,12-23
2062,新和國小,安和路三段１００號,永平里,"1-6,10"
2063,新和國小,安和路三段１００號,永平里,"7-9,13,14"
2064,新和國小,安和路三段１００號,永平里,"11,12,15-17"
2065,安坑國小,安忠路３６號,公崙里,1-9
2066,安坑國小,安忠路３６號,公崙里,10-14
2067,安坑國小,安忠路３６號,公崙里,15-19
2068,安坑國小,安忠路３６號,公崙里,20-24
2069,安坑國小,安忠路３６號,公崙里,25-29
2070,安坑國小,安忠路３６號,公崙里,30-37
2071,寶芝林甲社區育樂室,安德街８２巷１０之１號,安昌里,"1-3,17"
2072,浪漫貴族社區,安成街２０號地下室,安昌里,"4-6,8-11"
2073,品值寶鎮社區會議室,安康路二段２０６巷,安昌里,"7,12-16"
2074,安康教會,安康路二段２３４巷１號,德安里,1-7
2075,"新北市青少年圖書館
樓",安康路二段１５１號,德安里,8-17
2076,德安里巡守隊隊部,車子路１號隔壁,德安里,18-28
2077,好好幼兒園地下1樓,達觀路６號,達觀里,1-11
2078,"達觀快樂20社區B1停
車場",達觀路２０號,達觀里,12-21
2079,"黎明清境社區管理中
心",黎明路９號,明城里,1-10
2080,觀天下社區服務中心,黎明路６８號,明城里,11-21
2081,台北小城活動中心,僑信路１９號,小城里,1-7
2082,台北小城服務中心2樓,僑信路６３號２樓,小城里,8-18
2083,"新北市立新店幼兒園
雙城分班","安康路三段１６５巷２弄２９
號",雙城里,1-8
2084,潤濟宮,安康路三段３０６號,雙城里,"9-13,21,22"
2085,喜洋洋社區活動中心,裕合街１號,雙城里,14-20
2086,頂好社區活動中心,安泰路６０巷１之１號,雙城里,23-29
2087,"彩蝶別墅社區管理中
心",安祥路１０２巷口,香坡里,1-9
2088,"伴吾別墅管委會會議
室",安祥路１０６巷１號,香坡里,10-15
2089,"綠野香坡社區活動中
心","安祥路１４７巷７至９號地下
室",香坡里,16-25
2090,"新鎮社區管委會辦公
室",安祥路１１０巷２號地下室,香坡里,"26-36,46"
2091,"綠中海一期社區管理
中心",安祥路６５號,香坡里,37-39
2092,綠灣社區管理中心,安祥路９７巷１號,香坡里,40-45
2093,日興宮(日興閱覽室),安康路三段５３０號,日興里,1-11
2094,"錦秀社區管委會文康
中心",錦秀路２２號地下室,日興里,12-21
2095,"台北新家坡隨園社區
文康中心",安康路二段７３８號Ｂ１,日興里,22-29
2096,玫瑰社區游泳池,富貴街９巷２９號地下室,玫瑰里,"1-5,14-16,
19-21"
2097,玫瑰社區桌球室,富貴街２０巷２號地下室,玫瑰里,"6-13,17,18"
2098,滿堂彩社區活動中心,玫瑰路５８巷１８號地下室,玫瑰里,22-28
2099,賓士社區活動中心,玫瑰路５１巷１４號地下室,吉祥里,"1-5,7"
2100,吉祥活動中心,玫瑰路５１巷２號,吉祥里,8-14
2101,"琴鍵畫樓管委會地下
室",吉祥街２巷地下室,吉祥里,"6,15-24"
2102,車庫,新潭路一段２５號,塗潭里,全里
2103,"石上清泉社區C2A區停
車場",禾豐六路９２號,華城里,1-5
2104,華城特區俱樂部,華城一路１８號,華城里,6-13
2105,南青宮,北宜路一段２８６號,青潭里,1-10
2106,青潭國小,北宜路二段８０號,青潭里,"11,15-19"
2107,青潭國小,北宜路二段８０號,青潭里,"12-14,20-22"
2108,青潭國小,北宜路二段８０號,美潭里,"1-7,9"
2109,青潭國小,北宜路二段８０號,美潭里,"8,10-15"
2110,"大地世紀社區活動中
心",長春路９巷２４之１號,美潭里,16-20
2111,福神宮,北宜路二段１２６號,員潭里,"1-6,13-19"
2112,新巢代社區,北宜路二段５０１號,員潭里,7-12
2113,雙峯國小,北宜路三段６６號,雙坑里,全里
2114,長興宮文康中心,新烏路一段８９號,粗坑里,"1-3,9,10"
2115,聽濤館,花園六路１號,粗坑里,"4-8,11-20"
2116,屈尺國小,屈尺路５５號,屈尺里,1-11
2117,屈尺國小,屈尺路５５號,屈尺里,12-18
2118,龜山國小,新烏路三段９９巷１０號,龜山里,全里
2119,廣興分校,廣興路５７號,廣興里,全里
2120,崇德宮（王爺公廟）,灣潭路１２之２號,直潭里,1-6
2121,直潭國小,直潭路９２號,直潭里,7-22
2122,萬順市民活動中心,北深路三段１０７巷２６號,萬順里,1-10
2123,佳麗寶大樓,北深路三段３４７號,萬順里,11-24
2124,郵政修護所,北深路三段２６４號,萬福里,1-13
2125,水尾福德宮,北深路三段２８０號旁,萬福里,14-30
2126,"土庫第一市民活動中
心(新)",北深路一段８３巷８弄３６號,土庫里,1-18
2127,"土庫第二市民活動中
心(舊)",北深路一段１６４號,土庫里,19-36
2128,深坑國小,文化街４５號,深坑里,1-23
2129,深坑國小,文化街４５號,深坑里,24-41
2130,深坑國中,文化街４１號,埔新里,1-20
2131,深坑國中,文化街４１號,埔新里,21-38
2132,深坑國中,文化街４１號,埔新里,39-57
2133,昇高市民活動中心,旺躭路２５號,昇高里,1-10
2134,雲鄉社區會議室,雲鄉路１號地下1樓,昇高里,11-16
2135,慈聖宮,北深路一段３００號,賴仲里,1-16
2136,"青山雄觀 -北區大樓
(休閒室)",深南路１９０號地下1樓,賴仲里,17-26
2137,阿柔市民活動中心,阿柔洋６６號對面,阿柔里,全里
2138,石碇社區活動中心,石碇西街６１號,石碇里,全里
2139,潭邊市民活動中心,碇坪路一段３９號,潭邊里,全里
2140,烏塗市民活動中心,烏塗窟２３之１號,烏塗里,全里
2141,彭山市民活動中心,崩山３３之１號,彭山里,全里
2142,豐田市民活動中心,磨石坑１０號,豐田里,1-5
2143,民宅,峯頭７號,豐田里,"6,7"
2144,和平國小,靜安路一段５號,隆盛里,全里
2145,"石碇區聯合活動中心
暨綜合大樓",楓子林３２之１號,豐林里,全里
2146,中民市民活動中心,靜安路一段１８３號,中民里,全里
2147,永定國小,靜安路一段２４５號,永定里,全里
2148,光明市民活動中心,光明路１２之１號,光明里,全里
2149,永安里活動中心,北宜路六段直潭巷２５號,永安里,全里
2150,格頭市民活動中心,北宜路五段３號,格頭里,全里
2151,坪林國小,坪林１１４號,坪林里,全里
2152,坪林國中,國中路４號,水德里,全里
2153,協德宮,魚堀４４之１號,大林里,全里
2154,石  倉庫,石２７之１號,石里,全里
2155,鄭文生宅,北宜路七段２３２號,粗窟里,1-7
2156,替代役男宿舍,金瓜寮３號之３,粗窟里,8-11
2157,上德宮,碇坪路三段１１６號,上德里,1-6
2158,上德里新昇倉庫,大粗坑１１之１號,上德里,7-13
2159,坪林國小漁光分班,坪雙路二段２號,漁光里,1-6
2160,"新北市英速魔法學院
闊瀨校區",坪雙路三段２號,漁光里,7-13
2161,堰堤社區籃球場,新烏路五段１０８號旁,忠治里,全里
2162,烏來綜合活動中心,烏來街34號,烏來里,1-10
2163,"烏來社區活動中心(教
會對面)",環山路８２巷５號２樓,烏來里,11-15
2164,孝義里辦公處,阿玉路２０號,孝義里,全里
2165,信賢社區活動中心,信福路４８號,信賢里,全里
2166,福山社區活動中心,李茂岸５１號,福山里,全里
2167,薯榔市民活動中心,靜安路二段６３號,薯榔里,全里
2168,菁桐市民活動中心,菁桐街６５之１號,菁桐里,全里
2169,白石市民活動中心,靜安路二段２４１號,白石里,全里
2170,平溪市民活動中心,公園街１７號,石底里,全里
2171,平溪國小禮堂,平溪街５６號,平溪里,全里
2172,嶺腳市民活動中心,嶺腳寮１４號,嶺腳里,全里
2173,東勢市民活動中心,竿蓁林６２之１號,東勢里,全里
2174,十分市民活動中心,十分街１５９號,十分里,全里
2175,十分國小三年級教室,十分街１５７號,望古里,全里
2176,南山市民活動中心,靜安路三段２３２號,南山里,全里
2177,十分國小四年級教室,十分街１５７號,新寮里,全里
2178,平湖市民活動中心,大湖１０號,平湖里,全里
2179,瑞芳國小,中山路２號,龍潭里,全里
2180,"新北市立圖書館瑞芳
分館",中正路１號,龍興里,1-7
2181,龍興市民活動中心,民權街１０號,龍興里,8-13
2182,民宅,逢甲路９６之１號,龍鎮里,全里
2183,龍安市民活動中心,瑞芳街１１２巷７號１樓,龍安里,全里
2184,瑞芳國小,中山路２號,龍川里,1-5
2185,瑞芳國小,中山路２號,龍川里,6-11
2186,瑞樂社,逢甲路２５０號,龍山里,全里
2187,爪峯市民活動中心,三爪子坑路６６之６號,爪峯里,"1-5,13,14"
2188,爪峯市民活動中心,三爪子坑路２７９之２號,爪峯里,"6-8,12"
2189,瑞芳國中,三爪子坑路１號,爪峯里,9-11
2190,瑞芳國中,三爪子坑路１號,新峰里,1-6
2191,瑞芳國中,三爪子坑路１號,新峰里,7-14
2192,市立幼兒園東和分班,中山路４８之１０號,東和里,1-6
2193,東和市民活動中心,中山路２０號,東和里,7-14
2194,柑坪市民活動中心,明燈路一段８２之１號,柑坪里,全里
2195,弓橋市民活動中心,九芎橋路２３號,弓橋里,全里
2196,猴硐市民活動中心,侯硐路２５號,猴硐里,全里
2197,光復市民活動中心,柴寮路３０９號,光復里,全里
2198,原碩仁國小教室,魚寮路１２５號,碩仁里,全里
2199,吉安宮集會所,瑞竹路９１之１號,吉慶里,1-7
2200,吉安宮集會所,瑞竹路９１之１號,吉慶里,8-18
2201,吉安市民活動中心,大埔路２３巷２０號之１,吉安里,"1-4,6-10"
2202,吉慶國小,大埔路９５號,吉安里,5
2203,吉慶國小,大埔路９５號,吉安里,11-16
2204,上天市民活動中心,大寮路４９巷５之１號,上天里,1-7
2205,市立幼兒園長興分班,粗坑口路１巷２之２號,上天里,8-12
2206,福德宮,魚坑路５８號,傑魚里,1-7
2207,傑魚市民活動中心,"魚坑路２４５巷２之１號２
樓",傑魚里,8-10
2208,基山市民活動中心,輕便路１８８號,基山里,全里
2209,九份國小,崙頂路１４５號,永慶里,全里
2210,長樂市民活動中心,街頂巷５６之１號,崇文里,全里
2211,福住市民活動中心,佛堂巷３６號之１,福住里,全里
2212,頌德市民活動中心,石碑巷５１之１號,頌德里,全里
2213,"瓜山社區老人長壽俱
樂部",金光路８９號,瓜山里,全里
2214,銅山市民活動中心,祈堂路７４號之１,銅山里,全里
2215,新山市民活動中心,金光路２４１之１號,新山里,全里
2216,瓜山國小,五號路３０６號,石山里,全里
2217,濂洞市民活動中心,洞頂路２３５之１號,濂洞里,全里
2218,威遠廟,明里路７之１號,濂新里,全里
2219,南雅里活動中心,南雅路４１之１號,南雅里,全里
2220,空屋,鼻頭路１３１號,鼻頭里,全里
2221,海濱市民活動中心,濱二路６８之１號,海濱里,全里
2222,瑞濱國小,瑞濱路３４號,瑞濱里,"1-3,6-13"
2223,瑞濱國小,瑞濱路３４號,瑞濱里,"4,5"
2224,深澳市民活動中心,深澳路６７之１號,深澳里,全里
2225,三忠廟,長安街１５號,雙溪里,全里
2226,新基市民活動中心,新基北街６４號,新基里,8-14
2227,新基西街活動中心,新基西街１５號,新基里,"1-7,15-17"
2228,三港市民活動中心,三港７號,三港里,全里
2229,牡丹市民活動中心,下坑３６號,牡丹里,"7-22,27-38"
2230,中正市民活動中心,中正路６４號,牡丹里,"1-6,23-26"
2231,牡丹國小,政光３號,三貂里,全里
2232,平林市民活動中心,外平林５２號,平林里,4-12
2233,新北市立雙溪高中,梅竹蹊３號,平林里,"1-3,13,14"
2234,上林國小,內平林６０號,上林里,全里
2235,外柑市民活動中心,外柑腳４９號,外柑里,全里
2236,長源市民活動中心,柑腳１９號,長源里,全里
2237,雙溪國小,東榮街５４號,共和里,1-7
2238,共和市民活動中心,中山路４１巷６號,共和里,8-13
2239,保民殿,魚杭１號,魚行里,1-14
2240,"合壽產業股份有限公
司",坤溪３之５號,魚行里,15-29
2241,泰平市民活動中心,溪尾寮４６號,泰平里,1-15
2242,聖寶宮,烏山40號,泰平里,16-20
2243,貢寮市民活動中心,長泰路１８之２號,貢寮里,全里
2244,龍吉市民活動中心,嵩陽街４１號,龍崗里,全里
2245,貢寮國小吉林校區,內寮街５５號,吉林里,全里
2246,"雙玉第一市民活動中
心",德心街１１之１號,雙玉里,1-12
2247,雙玉里集會所,田寮洋街４４號,雙玉里,13-23
2248,利洋宮,福興街２５號,福連里,1-9
2249,馬崗市民活動中心,馬崗街３１之６號,福連里,10-16
2250,福隆國小,東興街３５號,福隆里,"1-7,18-22"
2251,福隆青少年活動中心,福隆街６０號,福隆里,8-17
2252,龍門市民活動中心,龍門街６０之１號,龍門里,全里
2253,澳底國小,延平街１０號,真理里,1-9
2254,澳底國小,延平街１０號,真理里,10-22
2255,仁和宮,仁和路９號,仁里里,"1-7,14-16"
2256,"仁里第一市民活動中
心",仁義街８號,仁里里,8-13
2257,五美市民活動中心,丹裡街１６之１２號,美豐里,1-11
2258,福安廟,雞母嶺街７號,美豐里,12-21
2259,和美市民活動中心,和美街３５之２號,和美里,1-12
2260,和美國小,龍洞街１之９號,和美里,13-21
2261,金山國小,中山路２３４號,和平里,全里
2262,金山區中山堂,溫泉路２巷９號,大同里,全里
2263,豐漁社區活動中心,民生路１９０號,豐漁里,全里
2264,磺港承天宮,磺港路１６１號,磺港里,全里
2265,金山國小,中山路２３４號,美田里,1-15
2266,金山高中,文化二路２號,美田里,16-25
2267,金美國小,忠孝一路１１１號,金美里,1-15
2268,金美國小,忠孝一路１１１號,金美里,16-24
2269,金美國小,忠孝一路１１１號,金美里,25-35
2270,金山區立圖書館,龜子山８號,五湖里,1-6
2271,五南社區活動中心,南勢２７號,五湖里,7-17
2272,三和國小,六股林口３８號,重和里,全里
2273,三和國小兩湖分校,倒照湖１號,兩湖里,全里
2274,六股市民活動中心,頂六股３號,六股里,全里
2275,六三社區活動中心,三界壇１０１之１號,三界里,全里
2276,清泉社區活動中心,清水路４９號,清泉里,全里
2277,西湖里倉庫,西勢湖９號,西湖里,全里
2278,萬壽社區活動中心,海興路６９之１號,萬壽里,全里
2279,永民社區活動中心,跳石１７號,永興里,全里
2280,萬里國小,瑪鋉路１８號,萬里里,"1-6,23"
2281,萬里國小,瑪鋉路１８號,萬里里,24-33
2282,萬里區老人會,瑪鋉路２６１號,萬里里,"7-22,34,35"
2283,中華商業海事學校,瑪鋉路１５號,北基里,1-12
2284,中華商業海事學校,瑪鋉路１５號,北基里,13-23
2285,龜吼里市民活動中心,玉田４５之３號,龜吼里,"1-3,9"
2286,龜吼里保民宮,皷亭１４號,龜吼里,"4-8,10-20"
2287,野柳國小,港東１６７號,野柳里,1-9
2288,野柳市民活動中心,港東新邨１之６號,野柳里,10-19
2289,大鵬國小,萬里加投１４號,大鵬里,1-8
2290,加投社區活動中心,萬里加投１５３之１號,大鵬里,9-24
2291,大鵬國小,萬里加投１４號,磺潭里,全里
2292,雙興里市民活動中心,二坪１之１號,雙興里,全里
2293,大坪國小溪底分校,富士坪２號,溪底里,全里
2294,崁脚市民活動中心,崁脚５５之１號,崁脚里,全里
2295,中幅社區活動中心,中福１１２之１號,中幅里,全里
2296,仁德市民活動中心,和平街６巷１弄１號,仁德里,全里
2297,汐止區老人活動中心,公園路２號,義民里,全里
2298,汐止國民中學,大同路二段３９４號,禮門里,全里
2299,汐止國民小學,大同路二段３１３號,智慧里,1-14
2300,汐止國民小學,大同路二段３１３號,智慧里,15-24
2301,汐止國民小學,大同路二段３１３號,大同里,1-14
2302,汐止國民小學,大同路二段３１３號,大同里,15-23
2303,"信望、義民市民活動
中心",公園路６號,信望里,全里
2304,虎形山福德宮,招商街１號,新昌里,"1-5,7,8,33-3"
2305,新昌市民活動中心,仁愛路３１８號,新昌里,"6,21,23-32"
2306,秀峰高級中學,忠孝東路２０１號,新昌里,"9-20,22"
2307,秀峰國民小學,仁愛路９０號,福安里,"1-5,7-9"
2308,秀峰國民小學,仁愛路９０號,福安里,"6,10-12"
2309,秀峰國民小學,仁愛路９０號,福安里,13-16
2310,秀峰高級中學,忠孝東路２０１號,秀峰里,1-3
2311,秀峰高級中學,忠孝東路２０１號,秀峰里,"4,10,11,15-2"
2312,秀峰國民小學,仁愛路９０號,秀峰里,"5-9,12-14"
2313,秀峰國民小學,仁愛路９０號,秀山里,1-11
2314,秀峰國民小學,仁愛路９０號,秀山里,12-26
2315,復興市民活動中心,復興路２號前,復興里,"1-7,9,15"
2316,陽光四季社區中庭,龍安路３６號,復興里,"10,19-24"
2317,陽光四季社區中庭,龍安路３６號,復興里,"8,11-14,16-1"
2318,青山國中小,莊敬街３３號,自強里,1-8
2319,青山國中小,莊敬街３３號,自強里,9-18
2320,青山國中小,莊敬街３３號,自強里,19-25
2321,文化市民活動中心,汐碇路１４巷２弄１１號之２,文化里,1-13
2322,福興宮(地下室),汐碇路１４巷２弄１１號之１,文化里,14-21
2323,白雲市民活動中心,水源路二段１１２號,白雲里,1-16
2324,白雲市民活動中心,水源路二段１１２號,白雲里,17-26
2325,崇德國民小學,茄苳路１５８號,茄苳里,1-8
2326,崇德國民小學,茄苳路１５８號,茄苳里,9-15
2327,崇德國民小學,茄苳路１５８號,茄苳里,16-27
2328,崇德國民小學,茄苳路１５８號,崇德里,1-12
2329,崇德國民小學,茄苳路１５８號,崇德里,13-25
2330,江山萬里社區會議室,"新台五路二段１７０至２１８
號",崇德里,26-29
2331,建成市場,建成路３７巷６號,城中里,1-13
2332,建成市場,建成路３７巷６號,城中里,14-28
2333,摩登家庭社區,忠孝東路４２4至４２８號,橋東里,1-9
2334,華慶幼兒園,忠孝東路４４７、４４９號,橋東里,10-20
2335,青年守則商場,建成路５８號前,建成里,1-9
2336,青年守則商場,建成路５６巷９號前,建成里,10-18
2337,"貨櫃聯絡道橋下籃球
場",鄉長路一段４５巷旁,建成里,19-23
2338,長安市民活動中心,長興街一段５０號,長安里,全里
2339,保長國民小學,大同路三段５５３號,保安里,全里
2340,東山國民小學,汐平路二段７６號,東山里,全里
2341,保長市民活動中心,保長路５１巷１１號,保長里,11-21
2342,長安慈惠堂,長興街二段５０巷５０號,保長里,"1-10,22"
2343,摩天鎮社區聯誼室,大同路三段６１７號,保新里,3-9
2344,保長坑橋頭福德宮,大同路三段４２４號,保新里,"1,2,10-13"
2345,鄉長市民活動中心,鄉友街１０號,鄉長里,全里
2346,江北里老人休閒中心,長江街７１號對面,江北里,"1-5,28-30"
2347,江北市民活動中心,汐萬路一段８１號,江北里,"6-14,24-27"
2348,福正宮(土地公廟),汐萬路一段３１２號,江北里,15-23
2349,北港國民小學,汐萬路二段２７９號,拱北里,1-8
2350,北港國民小學,汐萬路二段２７９號,拱北里,"9,11-17"
2351,"雙璽帝堡大廈管理委
員會","汐萬路二段２２８巷３１弄１
號",拱北里,"10,18-31"
2352,烘內市民活動中心,汐萬路三段２５２巷２７號,烘內里,全里
2353,福興宮自強育樂中心,八連路一段２５３號,八連里,全里
2354,"國家公園別墅活動中
心",長青路１３４號,長青里,全里
2355,金龍國民小學,明峰街２０１號,北峰里,1-15
2356,金龍國民小學,明峰街２０１號,北峰里,16-26
2357,金龍國民小學,明峰街２０１號,金龍里,1-13
2358,金龍國民小學,明峰街２０１號,金龍里,"14-23,37"
2359,金龍市民活動中心,湖前街３１巷２弄２號,金龍里,24-36
2360,樟樹市民活動中心,大同路一段３３９號之２,樟樹里,全里
2361,和德宮會議廳,樟樹一路１２９巷３４弄６號,忠孝里,"10,12,14,16,
24-27"
2362,忠孝市民活動中心,工建路６２號,忠孝里,"13,15,19,
28-34"
2363,樟樹國民中學,樟樹二路１３５號,忠孝里,"2-9,11,17"
2364,樟樹國民中學,樟樹二路１３５號,忠孝里,"1,18,20-23,
35-38"
2365,樟樹國民小學,樟樹一路１４１巷２號,厚德里,1-12
2366,樟樹國民小學,樟樹一路１４１巷２號,厚德里,13-19
2367,樟樹國民小學,樟樹一路１４１巷２號,厚德里,"20-25,29"
2368,樟樹國民小學,樟樹一路１４１巷２號,厚德里,"26-28,30"
2369,樟樹國民中學,樟樹二路１３５號,山光里,"1,2,5"
2370,樟樹國民中學,樟樹二路１３５號,山光里,"3,4,6-14"
2371,北峰國民小學,環河街１號,中興里,1-9
2372,北峰國民小學,環河街１號,中興里,10-14
2373,北峰國民小學,環河街１號,中興里,15-24
2374,北峰國民小學,環河街１號,中興里,25-32
2375,北峰國民小學,環河街１號,福德里,1-10
2376,北峰國民小學,環河街１號,福德里,11-18
2377,興福市民活動中心,福德一路１４１巷５２號,興福里,1-9
2378,朝熙大樓,福德路３８號,興福里,10-20
2379,"康福市民活動中心(2
樓)",福德三路９號,康福里,1-16
2380,"康福市民活動中心(1
樓)",福德三路９號,康福里,"23,24"
2381,長堤社區管理中心,福德一路１０９之２號,康福里,17-22
2382,湖光市民活動中心,康寧街５２０之１號,湖光里,"1-8,10"
2383,湖光餐廳旁停車場,康寧街６８０號之２旁,湖光里,"9,11-22"
2384,日月光社區活動中心,康寧街７５１巷１３號地下1樓,湖光里,23-30
2385,水蓮山莊A3棟旁空地,湖前街１１０巷９７弄３號,湖蓮里,1-6
2386,"水蓮山莊服務中心前
空地",湖前街１１０巷９７弄２４號,湖蓮里,7-12
2387,聯合幼兒園,翠峰街２巷２號,湖興里,"1-10,12-14"
2388,"伯爵五代社區活動中
心",伯爵街３５巷口,湖興里,"11,15-22"
2389,博市社區活動中心,伯爵街９６巷底,湖興里,"29,30,35-38"
2390,"伯爵夫人社區管理中
心",伯爵街５７巷口,湖興里,"23-28,31-34"
2391,三和舊市場空地,"康寧街６１巷２３號前（康寧
街６３號旁）",北山里,"1,2,4,5,7,13"
2392,大湖國家管理委員會,"康寧街１４１巷２０弄１之８
號",北山里,"3,6,8-12"
2393,北山市民活動中心,明峰街２９８巷３弄旁,北山里,16-22
2394,"紫明代天府建凌宮(五
府千歲)",明峰街２８８號,北山里,"14,15,23-25"
2395,瓏山林社區,忠三街２６巷３３號,忠山里,13-22
2396,忠山市民活動中心,忠三街８號,忠山里,1-12
2397,環河市民活動中心,南陽街１２３號之１,環河里,全里
2398,"橫科市民活動中心(2
樓)",橫科路１１９號,橫科里,1-20
2399,"橫科市民活動中心(1
樓)",橫科路１１９號,橫科里,21-42
2400,白雲國民小學,民權街二段９０號,福山里,1-10
2401,白雲國民小學,民權街二段９０號,福山里,11-18
2402,名人社區管理委員會,宜興街５０巷１號２樓,宜興里,1-13
2403,宜興福德宮,林森街７０號,宜興里,14-25
2404,"宜興、東勢市民活動
中心",東勢街１５號之１,東勢里,"1-6,17,18"
2405,北后雲天宮,東勢街７６巷２６號,東勢里,"7-9,12,16"
2406,"研究苑別墅社區管理
委員會管理中心",東勢街２０１巷１２９弄２號,東勢里,"10,11,13-15,
19-21"
