臺中市大甲區第0001投開票所,文昌國小(一)臺中市大甲區孔門里５鄰育德路１１３號朝陽里全里
臺中市大甲區第0002投開票所,文昌國小(二)臺中市大甲區孔門里５鄰育德路１１３號大甲里全里
臺中市大甲區第0003投開票所,順天國小(一),臺中市大甲區新美里１８鄰經國路１６８,號,順天里1﹣12
臺中市大甲區第0004投開票所,順天國小(二),臺中市大甲區新美里１８鄰經國路１６８,號,順天里13﹣19
臺中市大甲區第0005投開票所,大甲文昌祠管理所臺中市大甲區孔門里５鄰文武路１１６號孔門里全里
臺中市大甲區第0006投開票所,文昌國小(三)臺中市大甲區孔門里５鄰育德路１１３號平安里1﹣6
臺中市大甲區第0007投開票所,文昌國小(四)臺中市大甲區孔門里５鄰育德路１１３號平安里7﹣13
臺中市大甲區第0008投開票所,順天國中(一),臺中市大甲區庄美里１２鄰大安港路６７,號,庄美里1﹣7
臺中市大甲區第0009投開票所,順天國中(二),臺中市大甲區庄美里１２鄰大安港路６７,號,庄美里8﹣15
臺中市大甲區第0010投開票所,順天國小(三),臺中市大甲區新美里１８鄰經國路１６８,號,新美里1﹣9
臺中市大甲區第0011投開票所,順天國小(四),臺中市大甲區新美里１８鄰經國路１６８,號,新美里10﹣16
臺中市大甲區第0012投開票所,順天國小(五),臺中市大甲區新美里１８鄰經國路１６８,號,新美里17﹣22
臺中市大甲區第0013投開票所,大甲國小(一),臺中市大甲區文武里２０鄰育德路２３３,號,岷山里1﹣6
臺中市大甲區第0014投開票所,大甲國小(二),臺中市大甲區文武里２０鄰育德路２３３,號,岷山里7﹣12
臺中市大甲區第0015投開票所,東陽國小(一),臺中市大甲區中山里１０鄰甲東路５２０,號,中山里1﹣8
臺中市大甲區第0016投開票所,東陽國小(二),臺中市大甲區中山里１０鄰甲東路５２０,號,中山里9﹣17
臺中市大甲區第0017投開票所,東陽國小(三),臺中市大甲區中山里１０鄰甲東路５２０,號,中山里18﹣23
臺中市大甲區第0018投開票所,大甲高中(一),臺中市大甲區南陽里１１鄰中山路１段７,２０號,南陽里全里
臺中市大甲區第0019投開票所,大甲高中(二),臺中市大甲區南陽里１１鄰中山路１段７,２０號,薰風里全里
臺中市大甲區第0020投開票所,新義和里社區活動中,心(一),臺中市大甲區義和里１２鄰經國路２１巷,９號,義和里1﹣8
臺中市大甲區第0021投開票所,新義和里社區活動中,心(二),臺中市大甲區義和里１２鄰經國路２１巷,９號,義和里9﹣15
臺中市大甲區第0022投開票所,武陵社區活動中心臺中市大甲區武陵里９鄰文曲路８１號武陵里全里
臺中市大甲區第0023投開票所,文曲社區活動中心,(新),臺中市大甲區文曲里５鄰東安路４９７巷,１８號,文曲里全里
臺中市大甲區第0024投開票所,大甲體育場休息室,(一),臺中市大甲區武曲里１０鄰大安港路２號武曲里1﹣6
臺中市大甲區第0025投開票所,大甲體育場休息室,(二),臺中市大甲區武曲里１０鄰大安港路２號武曲里7﹣11
臺中市大甲區第0026投開票所,大甲國中(一)臺中市大甲區文武里８鄰育英路１８６號文武里1﹣5
臺中市大甲區第0027投開票所,大甲國中(二)臺中市大甲區文武里８鄰育英路１８６號文武里6﹣16
臺中市大甲區第0028投開票所,大甲國中(三)臺中市大甲區文武里８鄰育英路１８６號文武里17﹣23
臺中市大甲區第0029投開票所,大甲國中(四)臺中市大甲區文武里８鄰育英路１８６號文武里24﹣27
臺中市大甲區第0030投開票所,大甲國中(五)臺中市大甲區文武里８鄰育英路１８６號奉化里1,2,10,11
臺中市大甲區第0031投開票所,奉化社區活動中心,臺中市大甲區奉化里５鄰賢仁路６８－１,６號,奉化里3﹣9
臺中市大甲區第0032投開票所,德化國小(一)臺中市大甲區德化里１鄰和平路２９０號德化里1﹣6
臺中市大甲區第0033投開票所,德化國小(二)臺中市大甲區德化里１鄰和平路２９０號德化里7﹣11
臺中市大甲區第0034投開票所,江南社區活動中心,臺中市大甲區江南里７鄰東西六路１１１,號,江南里全里
臺中市大甲區第0035投開票所,紫竹寺,臺中市大甲區頂店里４鄰中山路１段１１,５８巷４６號,頂店里1﹣7
臺中市大甲區第0036投開票所,新頂店社區活動中心,臺中市大甲區頂店里１４鄰彈正路５１巷,１號之１０,頂店里8﹣15
臺中市大甲區第0037投開票所,頂店社區活動中心,臺中市大甲區頂店里１３鄰彈正路３７號,之１,頂店里16﹣22
臺中市大甲區第0038投開票所,太白社區活動中心,臺中市大甲區太白里１鄰通天路１１０號,之２,太白里全里
臺中市大甲區第0039投開票所,日南國中(一),臺中市大甲區孟春里１鄰中山路２段６９,之１１號,孟春里1﹣6
臺中市大甲區第0040投開票所,日南國中(二),臺中市大甲區孟春里１鄰中山路２段６９,之１１號,孟春里7﹣11
臺中市大甲區第0041投開票所,日南國中(三),臺中市大甲區孟春里１鄰中山路２段６９,之１１號,孟春里12﹣16
臺中市大甲區第0042投開票所,幸福社區活動中心,臺中市大甲區幸福里６鄰東明路１２７號,之１,幸福里5﹣8,10﹣12
臺中市大甲區第0043投開票所,日南國小(一),臺中市大甲區幸福里６鄰中山路２段５６,８號,幸福里1﹣4,9,13
臺中市大甲區第0044投開票所,日南國小(二),臺中市大甲區幸福里６鄰中山路２段５６,８號,日南里1﹣4
臺中市大甲區第0045投開票所,華龍國小(一)臺中市大甲區日南里５鄰工２路１號日南里5﹣8
臺中市大甲區第0046投開票所,華龍國小(二)臺中市大甲區日南里５鄰工２路１號日南里9﹣13
臺中市大甲區第0047投開票所,華龍國小(三)臺中市大甲區日南里５鄰工２路１號日南里14﹣19
臺中市大甲區第0048投開票所,龍泉社區長壽會館臺中市大甲區龍泉里８鄰渭水路２０號龍泉里1﹣5
臺中市大甲區第0049投開票所,大甲幼兒園,臺中市大甲區龍泉里８鄰渭水路２２號之,２,龍泉里6﹣10
臺中市大甲區第0050投開票所,西岐國小(一)臺中市大甲區西岐里６鄰順帆路９６號西岐里1﹣5,11
臺中市大甲區第0051投開票所,西岐國小(二)臺中市大甲區西岐里６鄰順帆路９６號西岐里6﹣10
臺中市大甲區第0052投開票所,銅安社區活動中心,臺中市大甲區銅安里１鄰長壽路７９之６,號,銅安里全里
臺中市大甲區第0053投開票所,福德社區活動中心臺中市大甲區福德里３鄰順帆路１９４號福德里全里
臺中市大甲區第0054投開票所,建興社區長壽會館,臺中市大甲區建興里４鄰如意路２５之１,０號,建興里全里
臺中市大安區第0055投開票所,南埔社區活動中心臺中市大安區南埔里８鄰南廟路５３號南埔里全里
臺中市大安區第0056投開票所,鎮南社區活動中心臺中市大安區南庄里７鄰南海路２４號南庄里全里
臺中市大安區第0057投開票所,大安國小體育館(一),臺中市大安區中庄里１２鄰中山南路２９,６號,中庄里1﹣7
臺中市大安區第0058投開票所,大安國小體育館(二),臺中市大安區中庄里１２鄰中山南路２９,６號,中庄里8﹣14
臺中市大安區第0059投開票所,東安社區活動中心臺中市大安區東安里４鄰福東一路９５號東安里全里
臺中市大安區第0060投開票所,福興社區活動中心臺中市大安區福興里４鄰興安路２１２號福興里全里
臺中市大安區第0061投開票所,龜売社區溪洲活動中,心,臺中市大安區龜売里４鄰溪洲路７０號龜売里1﹣5
臺中市大安區第0062投開票所,龜売社區新活動中心,臺中市大安區龜売里１１鄰中山南路６０,３號,龜売里6﹣12
臺中市大安區第0063投開票所,頂安社區活動中心,臺中市大安區頂安里６鄰東西一路７０巷,３６號,頂安里全里
臺中市大安區第0064投開票所,永安社區活動中心,臺中市大安區永安里５鄰東西三路２６３,號,永安里1﹣7
臺中市大安區第0065投開票所,臺中區漁會大安辦事,處,臺中市大安區永安里１０鄰五甲南路１２,１號,永安里8﹣10
臺中市大安區第0066投開票所,福德社區活動中心,臺中市大安區福住里１鄰東西五路二段１,２０號,福住里全里
臺中市大安區第0067投開票所,海墘國小活動中心,臺中市大安區海墘里３鄰大安港路１１０,０號,海墘里全里
臺中市大安區第0068投開票所,楊柳社區活動中心,臺中市大安區西安里３鄰東西七路二段１,０５巷３６號,西安里1﹣3
臺中市大安區第0069投開票所,西安社區活動中心臺中市大安區西安里６鄰南北八路５２號西安里4﹣8
臺中市大安區第0070投開票所,松雅社區活動中心臺中市大安區松雅里６鄰松一街１號松雅里全里
臺中市外埔區第0071投開票所,永豐里活動中心臺中市外埔區永豐里７鄰六分路９０號永豐里全里
臺中市外埔區第0072投開票所,外埔台福基督教會,臺中市外埔區六分里４鄰六分路七支巷２,９號,六分里1,2,3,12﹣14
臺中市外埔區第0073投開票所,六分社區活動中心,臺中市外埔區六分里５鄰六分路中興巷１,７號,六分里4﹣11
臺中市外埔區第0074投開票所,外埔國小臺中市外埔區大同里３鄰甲后路４３６號大同里1,2,5,6,20,26﹣29
臺中市外埔區第0075投開票所,外埔區農民研習中心臺中市外埔區大同里３鄰甲后路４９７號大同里7﹣15,30
臺中市外埔區第0076投開票所,外埔區老人文康中心臺中市外埔區大同里３鄰甲后路４９９號大同里3,4,16﹣19,21﹣25
臺中市外埔區第0077投開票所,大東社區活動中心臺中市外埔區大東里８鄰大馬路３７３號大東里1﹣11,14,15
臺中市外埔區第0078投開票所,外埔區公墓管理中心,臺中市外埔區大東里１０鄰甲后路６６５,號,大東里13,26﹣32
臺中市外埔區第0079投開票所,徐陳桂花宅(倉庫),臺中市外埔區大東里１８鄰甲后路新城４,巷３５號,大東里12,19,24,25,33﹣35
臺中市外埔區第0080投開票所,陳秀順宅(倉庫),臺中市外埔區大東里２２鄰甲后路８８６,號,大東里16﹣18,20﹣23
臺中市外埔區第0081投開票所,三崁社區活動中心臺中市外埔區三崁里７鄰五穀路１９號三崁里全里
臺中市外埔區第0082投開票所,水美社區活動中心臺中市外埔區水美里６鄰水美路１２９號水美里9,17﹣19
臺中市外埔區第0083投開票所,水美國小(一),臺中市外埔區水美里１５鄰二崁路３９０,巷６３號,水美里1﹣8,10﹣12
臺中市外埔區第0084投開票所,水美國小(二),臺中市外埔區水美里１５鄰二崁路３９０,巷６３號,水美里13﹣16,20﹣22
臺中市外埔區第0085投開票所,鐵山國小(一),臺中市外埔區鐵山里１１鄰長生路５７６,號,鐵山里1﹣10
臺中市外埔區第0086投開票所,鐵山國小(二),臺中市外埔區鐵山里１１鄰長生路５７６,號,鐵山里11﹣18
臺中市外埔區第0087投開票所,中山里活動中心臺中市外埔區中山里４鄰大馬路１９６號中山里全里
臺中市外埔區第0088投開票所,馬鳴社區活動中心臺中市外埔區馬鳴里１１鄰大馬路２號馬鳴里全里
臺中市外埔區第0089投開票所,土城社區活動中心,臺中市外埔區土城里１１鄰土城路１１８,號,土城里全里
臺中市外埔區第0090投開票所,廍子社區活動中心臺中市外埔區廍子里５鄰土城路３４６號廍子里全里
臺中市清水區第0091投開票所,台中市立清水幼兒園,鰲峰分班,臺中市清水區鰲峰里１７鄰大街路１３８,之５號,鰲峰里全里
臺中市清水區第0092投開票所,靈泉社區活動中心臺中市清水區靈泉里４鄰清水街２號靈泉里全里
臺中市清水區第0093投開票所,清水高中(一)臺中市清水區清水里９鄰中山路９０號清水里1﹣13
臺中市清水區第0094投開票所,清水高中(二)臺中市清水區清水里９鄰中山路９０號清水里14﹣22
臺中市清水區第0095投開票所,覺元禪寺,臺中市清水區文昌里１２鄰中山路２９３,號,文昌里全里
臺中市清水區第0096投開票所,清水國小(一),臺中市清水區南寧里２５鄰光華路１２５,號,南寧里1﹣17
臺中市清水區第0097投開票所,清水國小(二),臺中市清水區南寧里２５鄰光華路１２５,號,南寧里18﹣29
臺中市清水區第0098投開票所,西寧社區活動中心,臺中市清水區西寧里１４鄰五權東路４５,號,西寧里全里
臺中市清水區第0099投開票所,北寧社區活動中心臺中市清水區北寧里６鄰董公街３６號北寧里全里
臺中市清水區第0100投開票所,南海岩觀音媽壇臺中市清水區中興里９鄰新興路８７號中興里全里
臺中市清水區第0101投開票所,西社里活動中心臺中市清水區西社里１鄰三民路路橋下西社里1﹣14
臺中市清水區第0102投開票所,建國國小臺中市清水區西社里１９鄰建國路１０號西社里15﹣34
臺中市清水區第0103投開票所,清水國小(三),臺中市清水區南寧里２５鄰光華路１２５,號,南社里1,7,21﹣24
臺中市清水區第0104投開票所,南社社區活動中心,臺中市清水區南社里２６鄰中華路１７１,號,南社里8,9,25﹣27,37
臺中市清水區第0105投開票所,壽德宮臺中市清水區南社里９鄰南社路１６４號南社里2﹣6,10
臺中市清水區第0106投開票所,和平新城臺中市清水區南社里１３鄰鎮政路２９號南社里11﹣13,17﹣20
臺中市清水區第0107投開票所,台中市立清水幼兒園臺中市清水區南社里２６鄰鎮政路１２號南社里14﹣16,28,29
臺中市清水區第0108投開票所,晶晶幼兒園臺中市清水區南社里３２鄰信義路３號南社里30﹣36
臺中市清水區第0109投開票所,四塊厝社區活動中心,(右),臺中市清水區臨江里４鄰高美路４２０號裕嘉里全里
臺中市清水區第0110投開票所,四塊厝社區活動中心,(左),臺中市清水區臨江里４鄰高美路４２０號臨江里全里
臺中市清水區第0111投開票所,秀水社區活動中心,臺中市清水區秀水里８鄰海濱路１８９號,前,秀水里1﹣11
臺中市清水區第0112投開票所,守望相助隊辦公室,臺中市清水區秀水里８鄰海濱路１８９號,前,秀水里12﹣15,23,24
臺中市清水區第0113投開票所,楊初興宗廟,臺中市清水區秀水里１７鄰忠貞路６１號,旁,秀水里16﹣22
臺中市清水區第0114投開票所,大秀國小(一)臺中市清水區武鹿里８鄰五權路３３６號武鹿里1﹣7
臺中市清水區第0115投開票所,大秀國小(二)臺中市清水區武鹿里８鄰五權路３３６號武鹿里8﹣14
臺中市清水區第0116投開票所,大秀國小(三)臺中市清水區武鹿里８鄰五權路３３６號武鹿里15﹣19
臺中市清水區第0117投開票所,海濱社區活動中心,臺中市清水區海濱里１鄰海濱路３８８之,５號西北側,海濱里1﹣8
臺中市清水區第0118投開票所,海濱社區托兒所,臺中市清水區海濱里８鄰海濱路３８８之,５號西北側,海濱里9﹣15
臺中市清水區第0119投開票所,槺榔國小(一),臺中市清水區槺榔里８鄰中央路２３之１,２號,槺榔里1﹣7
臺中市清水區第0120投開票所,槺榔國小(二),臺中市清水區槺榔里８鄰中央路２３之１,２號,槺榔里8﹣17
臺中市清水區第0121投開票所,槺榔國小(三),臺中市清水區槺榔里８鄰中央路２３之１,２號,槺榔里18﹣26
臺中市清水區第0122投開票所,果貿陽明新村B區社,區活動室(三),臺中市清水區中社里３１鄰建國路１２６,號１樓,中社里1﹣14,20,21,30﹣33,37,38
臺中市清水區第0123投開票所,果貿陽明新村C區社,區活動中心,臺中市清水區中社里２９鄰建國路１０６,號１樓之２,中社里22﹣29
臺中市清水區第0124投開票所,清海國中,臺中市清水區武鹿里５鄰中央路５１－６,０號,中社里15﹣19,39﹣42
臺中市清水區第0125投開票所,高西漁民活動中心臺中市清水區高西里１鄰高美路７５２號高西里全里
臺中市清水區第0126投開票所,高南社區活動中心,臺中市清水區高南里１鄰高美路５３５號,旁,高南里全里
臺中市清水區第0127投開票所,高東社區活動中心,臺中市清水區高東里６鄰溪頭路８０之１,號,高東里全里
臺中市清水區第0128投開票所,高北社區活動中心,臺中市清水區高北里２鄰海口北路１５０,巷３５號旁,高北里全里
臺中市清水區第0129投開票所,高美社區活動中心臺中市清水區高美里６鄰護岸路３７號旁高美里全里
臺中市清水區第0130投開票所,三田國小(一)臺中市清水區田寮里５鄰三田路４號國姓里1﹣5,14﹣17
臺中市清水區第0131投開票所,國姓社區活動中心,臺中市清水區國姓里９鄰三美路１２０號,旁,國姓里6﹣13
臺中市清水區第0132投開票所,菁埔社區長壽俱樂部,臺中市清水區菁埔里９鄰中央北路２之１,號旁,菁埔里1﹣9,17,18
臺中市清水區第0133投開票所,甲南國小臺中市清水區菁埔里１５鄰臨海路２６號菁埔里10﹣16,19
臺中市清水區第0134投開票所,清水區第二公墓管理,中心,臺中市清水區頂湳里１０鄰頂湳路１０１,號,頂湳里1﹣11
臺中市清水區第0135投開票所,頂湳社區活動中心,臺中市清水區頂湳里１３鄰客庄路６２巷,４之１號,頂湳里12﹣18
臺中市清水區第0136投開票所,三田國小(二)臺中市清水區田寮里５鄰三田路４號田寮里1﹣8
臺中市清水區第0137投開票所,三田國小(三)臺中市清水區田寮里５鄰三田路４號田寮里9﹣17
臺中市清水區第0138投開票所,保安宮,臺中市清水區橋頭里１０鄰橋江北街一段,６０巷３６號旁,橋頭里1﹣10
臺中市清水區第0139投開票所,橋頭社區守望相助隊,隊部,臺中市清水區橋頭里１１鄰橋江北街一段,９０號,橋頭里11﹣18
臺中市清水區第0140投開票所,西寧國小,臺中市清水區西寧里１２鄰五權東路５０,號,橋頭里19﹣25,31
臺中市清水區第0141投開票所,清水區橋頭社區活動,中心,臺中市清水區橋頭里１３鄰橋江南街６８,號,橋頭里26﹣30,35
臺中市清水區第0142投開票所,安興宮辦公室,臺中市清水區橋頭里１０鄰橋江北街一段,６６之６號,橋頭里32﹣34,36﹣38
臺中市清水區第0143投開票所,鎮安宮,臺中市清水區下湳里１０鄰中山路５２９,號,下湳里1﹣3,6﹣10,14,19
臺中市清水區第0144投開票所,保安尊王廟,臺中市清水區下湳里１２鄰中山路４６８,之１號,下湳里4,5,11﹣13,15,16
臺中市清水區第0145投開票所,朝興宮,臺中市清水區下湳里１８鄰中山路４３６,號,下湳里17,18,20﹣28
臺中市清水區第0146投開票所,東山社區活動中心,臺中市清水區東山里１１鄰神清路１之２,號,東山里全里
臺中市清水區第0147投開票所,吳厝社區活動中心,臺中市清水區吳厝里３鄰東山路２０之６,號,吳厝里全里
臺中市清水區第0148投開票所,楊厝社區活動中心臺中市清水區楊厝里１鄰頂三庄路５５號楊厝里全里
臺中市清水區第0149投開票所,新海風社區活動中心,臺中市清水區海風里３鄰海風二街３２６,巷２６號,海風里全里
臺中市梧棲區第0150投開票所,頂寮社區活動中心,(市鎮活動中心),臺中市梧棲區頂寮里６鄰八德東路１００,號,頂寮里1﹣13,17,21﹣24,30
臺中市梧棲區第0151投開票所,中港慈惠堂,臺中市梧棲區頂寮里２８鄰四維東路８０,號,頂寮里14﹣16,18﹣20,25﹣29
臺中市梧棲區第0152投開票所,下寮社區活動中心,臺中市梧棲區下寮里１５鄰梧北路１１７,號,下寮里1﹣21
臺中市梧棲區第0153投開票所,感化宮(永興祠),臺中市梧棲區下寮里１５鄰梧北路１１５,號,下寮里22﹣29
臺中市梧棲區第0154投開票所,中正社區活動中心,臺中市梧棲區中正里４鄰臨港路３段２４,６號,中正里1﹣18
臺中市梧棲區第0155投開票所,梧棲區圖書館臺中市梧棲區中正里３３鄰雲集街７２號中正里19﹣26,28,33,34
臺中市梧棲區第0156投開票所,梧棲國中臺中市梧棲區文化里１２鄰民生街１２號中正里27,29﹣32,35﹣39
臺中市梧棲區第0157投開票所,中和社區活動中心臺中市梧棲區中和里１４鄰民權街２２號中和里全里
臺中市梧棲區第0158投開票所,梧棲國小(一)臺中市梧棲區安仁里２鄰民生街４５號文化里全里
臺中市梧棲區第0159投開票所,梧棲國小(二)臺中市梧棲區安仁里２鄰民生街４５號安仁里全里
臺中市梧棲區第0160投開票所,定安宮,臺中市梧棲區草湳里１鄰梧南路１３３之,５號,草湳里1﹣5,14,15,18,27﹣30
臺中市梧棲區第0161投開票所,市立梧棲幼兒園,臺中市梧棲區草湳里１６鄰建國北街２８,７巷９９號,草湳里16,17,31﹣43
臺中市梧棲區第0162投開票所,梧南國小臺中市梧棲區草湳里７鄰梧南路５０號草湳里6﹣13,19,20,44﹣47
臺中市梧棲區第0163投開票所,草湳兒童活動中心,(草湳社區長壽俱樂,部),臺中市梧棲區草湳里２５鄰自強２街６１,號,草湳里21﹣26,48﹣56
臺中市梧棲區第0164投開票所,南簡社區活動中心,(一),臺中市梧棲區南簡里１４鄰中央路２段５,０４號,南簡里1﹣13
臺中市梧棲區第0165投開票所,南簡社區活動中心,(二),臺中市梧棲區南簡里１４鄰中央路２段５,０４號,南簡里14﹣20
臺中市梧棲區第0166投開票所,南簡社區長壽俱樂部,臺中市梧棲區南簡里１５鄰中央路２段３,２０號,南簡里21﹣26
臺中市梧棲區第0167投開票所,中正國小(一),臺中市梧棲區福德里１６鄰中央路２段１,７號,福德里1﹣13
臺中市梧棲區第0168投開票所,中正國小(二),臺中市梧棲區福德里１６鄰中央路２段１,７號,福德里14﹣25
臺中市梧棲區第0169投開票所,中正國小(三),臺中市梧棲區福德里１６鄰中央路２段１,７號,福德里26﹣31
臺中市梧棲區第0170投開票所,福德祠,臺中市梧棲區大庄里４鄰臺灣大道八段８,３０號,大庄里1﹣4,18,23﹣25,29,30,42
臺中市梧棲區第0171投開票所,順興宮,臺中市梧棲區大庄里３鄰臺灣大道八段９,０８號,大庄里35﹣40,44﹣48
臺中市梧棲區第0172投開票所,浩天宮北邊側室,臺中市梧棲區大村里２鄰中央路１段７８,４號,大庄里5,9﹣17,31﹣33
臺中市梧棲區第0173投開票所,浩天宮(後側原大庄,托兒所),臺中市梧棲區大村里２鄰中央路１段７８,４號,大庄里19﹣22
臺中市梧棲區第0174投開票所,大庄社區活動中心,臺中市梧棲區大庄里３４鄰文華街１６８,巷１號,大庄里6﹣8,26﹣28,34,41,43
臺中市梧棲區第0175投開票所,大村社區活動中心,(浩天宮南邊側室),臺中市梧棲區大村里２鄰中央路１段７８,４號,大村里2﹣10,30﹣34,41
臺中市梧棲區第0176投開票所,中港高中,臺中市梧棲區大村里２７鄰文昌路４００,號,大村里1,12﹣15,26,27,37,40
臺中市梧棲區第0177投開票所,大德國小,臺中市梧棲區大村里３９鄰文昌路３４３,號,大村里11,25,28,29,38,39
臺中市梧棲區第0178投開票所,中港國小,臺中市梧棲區大村里１８鄰文明街１００,號,大村里16﹣24,35,36
臺中市梧棲區第0179投開票所,海興社區活動中心,臺中市梧棲區興農里６鄰中央路１段５２,７號,興農里1﹣11,20
臺中市梧棲區第0180投開票所,興農社區活動中心,臺中市梧棲區興農里１７鄰中央路１段３,２０之１號,興農里12﹣19,21
臺中市梧棲區第0181投開票所,永寧國小(一),臺中市梧棲區永寧里１９鄰中央路１段１,６０號,永寧里1﹣10,17,18
臺中市梧棲區第0182投開票所,永寧國小(二),臺中市梧棲區永寧里１９鄰中央路１段１,６０號,永寧里11﹣16,19﹣21
臺中市梧棲區第0183投開票所,永興社區活動中心,〈原址〉,臺中市梧棲區永安里３鄰永興路１段５４,５巷１０８號,永安里1﹣7,15
臺中市梧棲區第0184投開票所,永元宮,臺中市梧棲區永安里８鄰中央路１段９９,之６號旁,永安里8﹣14
臺中市沙鹿區第0185投開票所,居仁社區活動中心臺中市沙鹿區居仁里２鄰新生街８號居仁里全里
臺中市沙鹿區第0186投開票所,保安宮(三山國王)臺中市沙鹿區沙鹿里１鄰四平街１７９號洛泉里1﹣10,16,17
臺中市沙鹿區第0187投開票所,洛泉社區活動中心,臺中市沙鹿區洛泉里２２鄰日新街３３之,１號,洛泉里11﹣15,18﹣22
臺中市沙鹿區第0188投開票所,沙鹿里民眾活動中心,(原中山堂),臺中市沙鹿區沙鹿里１２鄰中正街３４號沙鹿里全里
臺中市沙鹿區第0189投開票所,沙美社區活動中心臺中市沙鹿區美仁里１１鄰中正街１號美仁里全里
臺中市沙鹿區第0190投開票所,陳俊夫宅旁(金福興,辦公廳)(一),臺中市沙鹿區興仁里１２鄰興安路１７號興仁里1﹣9,19,20
臺中市沙鹿區第0191投開票所,陳俊夫宅旁(金福興,辦公廳)(二),臺中市沙鹿區興仁里１２鄰興安路１７號興仁里10﹣18,21
臺中市沙鹿區第0192投開票所,永安宮臺中市沙鹿區興安里８鄰斗潭路３７０號興安里1﹣10,13
臺中市沙鹿區第0193投開票所,福伯宮管理委員會,臺中市沙鹿區興安里５鄰斗潭路５００巷,３４號,興安里11,12,14﹣19
臺中市沙鹿區第0194投開票所,沙鹿幼兒園(原示範,班),臺中市沙鹿區斗抵里４鄰斗潭路文光巷１,４號,斗抵里1﹣8
臺中市沙鹿區第0195投開票所,斗抵社區活動中心臺中市沙鹿區斗抵里４鄰斗潭路１９７號斗抵里16﹣20,22,24,28
臺中市沙鹿區第0196投開票所,浩安宮旁,臺中市沙鹿區斗抵里１０鄰太平路４５巷,１５號旁,斗抵里9﹣15,21,23,25﹣27
臺中市沙鹿區第0197投開票所,鹿峰里老人會館,臺中市沙鹿區鹿峰里２７鄰星河路４１０,號,鹿峰里1﹣11
臺中市沙鹿區第0198投開票所,鹿峰國小,臺中市沙鹿區鹿峰里２７鄰星河路２０９,號,鹿峰里12,13,22﹣27
臺中市沙鹿區第0199投開票所,義聖宮臺中市沙鹿區鹿峰里１５鄰長春路１號鹿峰里14﹣21,28
臺中市沙鹿區第0200投開票所,護安宮(南)臺中市沙鹿區鹿寮里８鄰金星１巷６３號鹿寮里1﹣11
臺中市沙鹿區第0201投開票所,護安宮(北)臺中市沙鹿區鹿寮里８鄰金星１巷６３號鹿寮里12﹣14,28,31,37,38
臺中市沙鹿區第0202投開票所,鹿寮社區活動中心,臺中市沙鹿區鹿寮里１４鄰福鹿街１００,號,鹿寮里15,16,25﹣27,30
臺中市沙鹿區第0203投開票所,鹿寮國中(二年11班),臺中市沙鹿區鹿寮里２１鄰光華路３８５,號,鹿寮里17﹣19,22﹣24,29,32
臺中市沙鹿區第0204投開票所,老人文康中心(鹿鳴,公園內),臺中市沙鹿區鹿寮里３５鄰賢義街１６２,號,鹿寮里20,21,33﹣36,39
臺中市沙鹿區第0205投開票所,竹林國小,臺中市沙鹿區竹林里１６鄰中棲路３０１,號,竹林里2﹣4,16﹣19
臺中市沙鹿區第0206投開票所,竹林保安宮右廂房,臺中市沙鹿區竹林里６鄰中山路７６巷１,３號之１,竹林里1,5,9,10,22,24,33
臺中市沙鹿區第0207投開票所,沙鹿幼兒園竹林班,臺中市沙鹿區竹林里２０鄰中山路７６巷,１３號,竹林里6﹣8,20﹣21,34
臺中市沙鹿區第0208投開票所,竹林社區活動中心,臺中市沙鹿區竹林里３２鄰中山路紅竹巷,２－９號,竹林里11﹣15,23,31,32
臺中市沙鹿區第0209投開票所,鹿寮國中(活動中心,音樂教室),臺中市沙鹿區鹿寮里２１鄰光華路３８５,號,竹林里25,27,30,35
臺中市沙鹿區第0210投開票所,鹿寮國中(活動中心,美術教室),臺中市沙鹿區鹿寮里２１鄰光華路３８６,號,竹林里26,28,29
臺中市沙鹿區第0211投開票所,犁分社區長壽俱樂部,臺中市沙鹿區犁分里３鄰七賢南路２９巷,１０之１號,犁分里全里
臺中市沙鹿區第0212投開票所,福興社區活動中心,(青山公園內),臺中市沙鹿區福興里１３鄰鎮南路２段２,９９巷３６號,福興里1﹣3,13,16﹣18
臺中市沙鹿區第0213投開票所,福興宮倉庫(舊社區,活動中心),臺中市沙鹿區福興里５鄰鎮南路福嘉巷９,號,福興里4﹣12,14,15
臺中市沙鹿區第0214投開票所,北勢社區活動中心,臺中市沙鹿區北勢里２３鄰中棲路東明巷,７５號,北勢里9,21﹣24,26﹣29
臺中市沙鹿區第0215投開票所,北勢國中(一),臺中市沙鹿區北勢里１８鄰英才路１５０,號,北勢里1,2,11,18﹣20,25
臺中市沙鹿區第0216投開票所,北勢國中(二),臺中市沙鹿區北勢里１８鄰英才路１５０,號,北勢里3﹣8,10,12﹣17,30
臺中市沙鹿區第0217投開票所,蘇王爺廟,臺中市沙鹿區晉江里９鄰東晉東路１００,號旁,晉江里全里
臺中市沙鹿區第0218投開票所,六路老人會館臺中市沙鹿區六路里４鄰南陽路５５號六路里1,3﹣8
臺中市沙鹿區第0219投開票所,沙鹿幼兒園六路班,臺中市沙鹿區六路里２鄰北勢東路２６７,號,六路里2,12,13,15,16
臺中市沙鹿區第0220投開票所,北勢國小臺中市沙鹿區六路里９鄰南陽路３７６號六路里9﹣11,14
臺中市沙鹿區第0221投開票所,舊南勢社區托兒所臺中市沙鹿區南勢里２鄰南陽路４５６號南勢里1﹣5
臺中市沙鹿區第0222投開票所,南勢社區活動中心臺中市沙鹿區南勢里２鄰南陽路４５８號南勢里6﹣10
臺中市沙鹿區第0223投開票所,慶安宮活動中心,臺中市沙鹿區埔子里９鄰正英二街６５號,旁,埔子里1,3,4,7﹣10
臺中市沙鹿區第0224投開票所,沙鹿幼兒園埔子班,(明秀公園內),臺中市沙鹿區埔子里５鄰正義路２１８號埔子里2,17﹣18
臺中市沙鹿區第0225投開票所,慶安宮臺中市沙鹿區埔子里６鄰鎮慶街１１０號埔子里5,6,11﹣16
臺中市沙鹿區第0226投開票所,三鹿公園活動中心臺中市沙鹿區三鹿里９鄰自強路２９３號三鹿里1﹣9,11
臺中市沙鹿區第0227投開票所,保安宮倉庫,臺中市沙鹿區三鹿里１２鄰保順路１７０,號對面,三鹿里12﹣16,18
臺中市沙鹿區第0228投開票所,永天宮,臺中市沙鹿區三鹿里９鄰自強路２９１巷,１１５號,三鹿里10,17
臺中市沙鹿區第0229投開票所,公明社區活動中心,臺中市沙鹿區公明里４鄰中清路信義巷６,之１７號,公明里1﹣5,9﹣12,20,24
臺中市沙鹿區第0230投開票所,沙鹿幼兒園樂群班,臺中市沙鹿區公明里１９鄰樂群新莊１２,４號,公明里13﹣19
臺中市沙鹿區第0231投開票所,公明國小臺中市沙鹿區公明里８鄰忠貞路２１３號公明里6﹣8,21﹣23,25
臺中市沙鹿區第0232投開票所,清泉社區活動中心,臺中市沙鹿區清泉里３鄰東海路２７之４,號,清泉里1﹣7,11,14
臺中市沙鹿區第0233投開票所,清泉里保安宮,臺中市沙鹿區清泉里３鄰東海路２８之４,號,清泉里8﹣10,12,13,15﹣18
臺中市沙鹿區第0234投開票所,公舘國小,臺中市沙鹿區西勢里２鄰中清路８５－６,號,西勢里1﹣11
臺中市沙鹿區第0235投開票所,西勢社區活動中心,臺中市沙鹿區西勢里１２鄰中清路６９之,１號,西勢里12﹣18
臺中市龍井區第0236投開票所,竹坑里活動中心,臺中市龍井區竹坑里７鄰竹師路１段１６,４巷２號,竹坑里1,2,4﹣6,11﹣15
臺中市龍井區第0237投開票所,朝奉宮,臺中市龍井區竹坑里８鄰竹師路１段７８,號,竹坑里3,7﹣10
臺中市龍井區第0238投開票所,龍東社區活動中心臺中市龍井區龍東里１鄰茄投路５號附近龍東里1﹣6,15,16
臺中市龍井區第0239投開票所,奉天宮臺中市龍井區龍東里８鄰茄投路７８號龍東里7﹣14,17
臺中市龍井區第0240投開票所,龍西社區活動中心,臺中市龍井區龍西里３鄰茄投路１４７號,旁,龍西里全里
臺中市龍井區第0241投開票所,田中社區辦公室臺中市龍井區田中里４鄰龍北路１５５號田中里1﹣6,12,13
臺中市龍井區第0242投開票所,田中社區活動中心臺中市龍井區田中里４鄰龍北路１８０號田中里7﹣11,14
臺中市龍井區第0243投開票所,福田社區活動中心,臺中市龍井區福田里３鄰茄投路福頭崙巷,１３號,福田里全里
臺中市龍井區第0244投開票所,麗水里活動中心,臺中市龍井區麗水里１１鄰龍港路３４９,巷２號,麗水里2,5﹣11,14
臺中市龍井區第0245投開票所,龍港國小,臺中市龍井區麗水里３鄰三港路水裡港巷,１號,麗水里1,3,4,12,13
臺中市龍井區第0246投開票所,紀氏祠堂(紀氏公厝),臺中市龍井區龍津里４鄰中央路１段２９,巷３１弄１６號,龍津里1﹣4,16,17,23﹣25
臺中市龍井區第0247投開票所,龍津國小(一),臺中市龍井區龍津里９鄰中央路１段１６,５巷５０號,龍津里5﹣7,9,11,22
臺中市龍井區第0248投開票所,龍津國小(二),臺中市龍井區龍津里９鄰中央路１段１６,５巷５０號,龍津里8,10,18﹣20
臺中市龍井區第0249投開票所,奉天宮活動中心,臺中市龍井區龍津里１４鄰蚵寮路１９１,巷１６號旁,龍津里12﹣15,21
臺中市龍井區第0250投開票所,三德里守望相助隊部臺中市龍井區三德里１０鄰中厝路１２號三德里3﹣10,15,16
臺中市龍井區第0251投開票所,天波府,臺中市龍井區三德里１２鄰中厝路１０７,巷５號,三德里1,2,11﹣14
臺中市龍井區第0252投開票所,忠和社區活動中心,臺中市龍井區忠和里７鄰中央路３段１６,５巷３０號旁,忠和里3﹣7,17
臺中市龍井區第0253投開票所,龍海國小(一),臺中市龍井區忠和里９鄰中央路３段２０,６號,忠和里1,2,8﹣11
臺中市龍井區第0254投開票所,龍海國小(二),臺中市龍井區忠和里９鄰中央路３段２０,６號,忠和里12﹣16,18,19
臺中市龍井區第0255投開票所,龍山國小(一),臺中市龍井區山腳里７鄰中山１路１段６,號,山腳里1﹣5,17
臺中市龍井區第0256投開票所,龍山國小(二),臺中市龍井區山腳里７鄰中山１路１段６,號,山腳里6﹣8,16,18﹣21
臺中市龍井區第0257投開票所,山腳社區老人會館,臺中市龍井區山腳里１１鄰中山２路１段,東巷１３５號,山腳里9﹣15,22,23
臺中市龍井區第0258投開票所,龍泉國小(一),臺中市龍井區龍泉里１７鄰龍新路１６２,號,龍泉里1﹣7
臺中市龍井區第0259投開票所,龍泉國小(二),臺中市龍井區龍泉里１７鄰龍新路１６２,號,龍泉里8﹣10,13﹣15
臺中市龍井區第0260投開票所,龍泉國小(三),臺中市龍井區龍泉里１７鄰龍新路１６２,號,龍泉里16﹣21
臺中市龍井區第0261投開票所,聖泉宮,臺中市龍井區龍泉里１２鄰水裡社街１段,３１９號,龍泉里11,12
臺中市龍井區第0262投開票所,花錦忠宅旁倉庫,臺中市龍井區龍泉里１２鄰水裡社街１段,３７８號,龍泉里22
臺中市龍井區第0263投開票所,龍崗社區活動中心臺中市龍井區龍崗里４鄰福恩街１５８號龍崗里1﹣8,14
臺中市龍井區第0264投開票所,永和宮,臺中市龍井區龍崗里６鄰竹師路２段６８,號,龍崗里9﹣13
臺中市龍井區第0265投開票所,龍峰國小(一),臺中市龍井區新庄里２３鄰中沙路新庄仔,巷２號,新庄里1﹣7
臺中市龍井區第0266投開票所,龍峰國小(二),臺中市龍井區新庄里２３鄰中沙路新庄仔,巷２號,新庄里8﹣14
臺中市龍井區第0267投開票所,龍峰國小(三),臺中市龍井區新庄里２３鄰中沙路新庄仔,巷２號,新庄里15﹣20
臺中市龍井區第0268投開票所,龍峰國小(四),臺中市龍井區新庄里２３鄰中沙路新庄仔,巷２號,新庄里21﹣24
臺中市龍井區第0269投開票所,南寮社區活動中心,臺中市龍井區南寮里５鄰中沙路南寮巷９,０號,南寮里全里
臺中市龍井區第0270投開票所,東海里活動中心,臺中市龍井區東海里１０鄰藝術街１１５,號,東海里4,5,10,20,23
臺中市龍井區第0271投開票所,科比意廣場,臺中市龍井區東海里２３鄰藝術街６０號,前面廣場,東海里6﹣9,21
臺中市龍井區第0272投開票所,娃娃國幼兒園,臺中市龍井區東海里１４鄰東海街１６４,號,東海里13,14,22
臺中市龍井區第0273投開票所,圓圈灣褔德祠(土地,公廟)(一),臺中市龍井區東海里１７鄰遊園北路３６,５號,東海里1,12,15﹣17
臺中市龍井區第0274投開票所,圓圈灣褔德祠(土地,公廟)(二),臺中市龍井區東海里１７鄰遊園北路３６,５號,東海里2,3,11,18,19
臺中市龍井區第0275投開票所,紅博士幼兒園(一),臺中市龍井區新東里１８鄰遊園南路１０,１巷１０５號,新東里1﹣4,7,8
臺中市龍井區第0276投開票所,紅博士幼兒園(二),臺中市龍井區新東里１８鄰遊園南路１０,１巷１０５號,新東里10,12,17﹣19
臺中市龍井區第0277投開票所,萬善祠,臺中市龍井區新東里６鄰新興路７巷２８,之１號,新東里5,6,9,11,13﹣15
臺中市龍井區第0278投開票所,新東社區活動中心,臺中市龍井區新東里６鄰新興路７巷２８,之１號,新東里16,20﹣25
臺中市大肚區第0279投開票所,王田社區活動中心,臺中市大肚區王田里１０鄰興和路３１４,號,王田里1﹣12
臺中市大肚區第0280投開票所,追分國小(一),臺中市大肚區福山里１鄰沙田路１段３６,４號,王田里13﹣21
臺中市大肚區第0281投開票所,追分國小(二),臺中市大肚區福山里１鄰沙田路１段３６,４號,王田里22﹣29
臺中市大肚區第0282投開票所,中和社區活動中心臺中市大肚區中和里３鄰南榮路２９９號中和里全里
臺中市大肚區第0283投開票所,福安宮(一),臺中市大肚區福山里９鄰沙田路１段５１,２巷４４之２號,福山里1﹣5
臺中市大肚區第0284投開票所,福安宮(二),臺中市大肚區福山里９鄰沙田路１段５１,２巷４４之２號,福山里6﹣14
臺中市大肚區第0285投開票所,福山社區活動中心,臺中市大肚區福山里１０鄰沙田路１段５,１２巷３１號,福山里15﹣21
臺中市大肚區第0286投開票所,營埔社區活動中心臺中市大肚區營埔里６鄰營埔二街４８號營埔里全里
臺中市大肚區第0287投開票所,福和宮,臺中市大肚區社腳里２鄰沙田路１段７１,０巷１２號,社腳里1﹣5,16﹣20
臺中市大肚區第0288投開票所,大忠國小,臺中市大肚區社腳里９鄰沙田路１段８５,４巷２４號,社腳里6﹣15
臺中市大肚區第0289投開票所,(舊)新興社區活動中,心,臺中市大肚區新興里９鄰新興街１８巷１,８號,新興里1﹣9
臺中市大肚區第0290投開票所,(新)新興社區活動中,心,臺中市大肚區新興里９鄰沙田路２段１３,２巷４３弄３７號,新興里10﹣16
臺中市大肚區第0291投開票所,大道國中體育館臺中市大肚區大東里１鄰仁德路６０號大東里22﹣29
臺中市大肚區第0292投開票所,大東社區活動中心,臺中市大肚區大東里２１鄰沙田路２段５,６２巷１０８之５號,大東里1﹣21
臺中市大肚區第0293投開票所,合興宮臺中市大肚區大肚里１０鄰平和街５７號大肚里1﹣6,9﹣13
臺中市大肚區第0294投開票所,大肚社區活動中心,臺中市大肚區大肚里８鄰沙田路２段６４,６號,大肚里7﹣8,14﹣20
臺中市大肚區第0295投開票所,永和社區活動中心,臺中市大肚區永和里２鄰永和街１１之１,號,永和里全里
臺中市大肚區第0296投開票所,磺溪社區活動中心臺中市大肚區磺溪里９鄰文昌１街５５號磺溪里全里
臺中市大肚區第0297投開票所,永順社區活動中心,臺中市大肚區永順里１２鄰文昌路２段６,４３號,永順里全里
臺中市大肚區第0298投開票所,成功社區活動中心,臺中市大肚區成功里４鄰文昌路３段３０,１號,成功里全里
臺中市大肚區第0299投開票所,山陽社區活動中心,臺中市大肚區山陽里１０鄰沙田路３段８,８８巷９之１號,山陽里全里
臺中市大肚區第0300投開票所,萬興社區活動中心,臺中市大肚區頂街里１７鄰沙田路３段２,４４巷９號,頂街里9,14﹣25
臺中市大肚區第0301投開票所,大肚國小臺中市大肚區頂街里１０鄰華山路７７號頂街里1﹣8,10﹣13
臺中市大肚區第0302投開票所,向前教會,臺中市大肚區頂街里４１鄰大明３街１５,２號,頂街里26﹣35
臺中市大肚區第0303投開票所,日光郡老人活動中心,臺中市大肚區頂街里４３鄰大德６街３０,號,頂街里36﹣43
臺中市大肚區第0304投開票所,瑞安宮,臺中市大肚區瑞井里４鄰瑞井路５２巷７,之１號,瑞井里1﹣7
臺中市大肚區第0305投開票所,瑞井國小,臺中市大肚區瑞井里１３鄰華山路６８０,號,瑞井里11﹣14,17﹣21
臺中市大肚區第0306投開票所,瑞井社區活動中心,臺中市大肚區瑞井里３鄰瑞井路６２巷１,４之１號,瑞井里8﹣10,15﹣16,22﹣24
臺中市大肚區第0307投開票所,蔗廍社區活動中心,臺中市大肚區蔗廍里１０鄰中沙路１－２,號,蔗廍里1﹣11
臺中市大肚區第0308投開票所,瑞峰國小(一)臺中市大肚區蔗廍里１６鄰太平路１號蔗廍里12﹣17
臺中市大肚區第0309投開票所,瑞峰國小(二)臺中市大肚區蔗廍里１６鄰太平路１號蔗廍里18﹣24
臺中市大肚區第0310投開票所,翠竹寺,臺中市大肚區自強里９鄰遊園路二段２９,２號,自強里1﹣10
臺中市大肚區第0311投開票所,自強社區活動中心,臺中市大肚區自強里２３鄰中沙路１６４,巷５弄１０４號,自強里11﹣25
臺中市烏日區第0312投開票所,烏日國小(一)臺中市烏日區中山路２段１９６號烏日里1﹣9
臺中市烏日區第0313投開票所,烏日國小(二),臺中市烏日區烏日里１６鄰中山路２段１,９６號,烏日里10﹣19
臺中市烏日區第0314投開票所,烏日國小(三),臺中市烏日區烏日里１６鄰中山路２段１,９６號,烏日里20﹣23
臺中市烏日區第0315投開票所,烏日國小(四),臺中市烏日區烏日里１６鄰中山路２段１,９６號,烏日里24﹣39
臺中市烏日區第0316投開票所,烏日社區活動中心,臺中市烏日區烏日里４２鄰光日路２２８,號,烏日里40﹣45
臺中市烏日區第0317投開票所,湖日社區活動中心,臺中市烏日區湖日里７鄰公園路７３６巷,１０２號,湖日里1﹣15
臺中市烏日區第0318投開票所,烏日國中臺中市烏日區湖日里８鄰新興路４５７號湖日里16﹣23
臺中市烏日區第0319投開票所,朝天宮,臺中市烏日區三和里１０鄰中山路３段青,仔巷１２４號,三和里1﹣11
臺中市烏日區第0320投開票所,三和社區活動中心,臺中市烏日區三和里１２鄰中山路３段４,０３巷６弄３３號,三和里12﹣14
臺中市烏日區第0321投開票所,成功社區活動中心,臺中市烏日區三和里１７鄰學田路便行巷,２７０之１２號,三和里15﹣32
臺中市烏日區第0322投開票所,榮泉社區活動中心,臺中市烏日區榮泉里４鄰榮泉路３９巷７,８號,榮泉里1﹣10,16﹣17
臺中市烏日區第0323投開票所,旭光國小,臺中市烏日區榮泉里１８鄰成功西路１３,號,榮泉里11﹣15,18﹣23
臺中市烏日區第0324投開票所,學田社區老人活動中,心,臺中市烏日區學田里４鄰學田路５３７巷,２０號,學田里1﹣5
臺中市烏日區第0325投開票所,學田社區活動中心,(舊),臺中市烏日區學田里４鄰學田路５３７巷,２０號,學田里6﹣12
臺中市烏日區第0326投開票所,九德國小(一),臺中市烏日區九德里１１鄰長春街３００,號,九德里1﹣3,7,12
臺中市烏日區第0327投開票所,九德國小(二),臺中市烏日區九德里１１鄰長春街３００,號,九德里4﹣6
臺中市烏日區第0328投開票所,九德國小(三!),臺中市烏日區九德里１１鄰長春街３００,號,九德里8﹣10
臺中市烏日區第0329投開票所,九德國小(四),臺中市烏日區九德里１１鄰長春街３００,號,九德里13﹣14
臺中市烏日區第0330投開票所,九德國小(五),臺中市烏日區九德里１１鄰長春街３００,號,九德里11,15﹣18
臺中市烏日區第0331投開票所,九德國小(六),臺中市烏日區九德里１１鄰長春街３００,號,九德里19﹣23
臺中市烏日區第0332投開票所,九德社區活動中心,臺中市烏日區九德里１７鄰興祥街１１９,號,九德里24﹣27
臺中市烏日區第0333投開票所,仁德社區活動中心臺中市烏日區仁德里５鄰信義街１１６號仁德里3﹣6,17
臺中市烏日區第0334投開票所,僑仁國小(一),臺中市烏日區仁德里７鄰中山路１段３４,１號,仁德里1﹣2,7﹣11
臺中市烏日區第0335投開票所,僑仁國小(二),臺中市烏日區仁德里７鄰中山路１段３４,１號,仁德里12﹣14
臺中市烏日區第0336投開票所,僑仁國小(三),臺中市烏日區仁德里７鄰中山路１段３４,１號,仁德里15﹣16,18
臺中市烏日區第0337投開票所,前竹社區活動中心,臺中市烏日區前竹里１０鄰中山路１段協,心巷５７號,前竹里3,5﹣11
臺中市烏日區第0338投開票所,台中天后宮,臺中市烏日區前竹里２鄰光明路勤農巷７,號,前竹里1﹣2,4,12﹣13
臺中市烏日區第0339投開票所,五光社區老人活動中,心,臺中市烏日區五光里３鄰五光路１０７號五光里全里
臺中市烏日區第0340投開票所,光明社區活動中心,臺中市烏日區光明里６鄰五光路復光４巷,８９號,光明里1﹣8,14﹣15
臺中市烏日區第0341投開票所,永興宮旁,臺中市烏日區光明里９鄰五光路復光２巷,７１號,光明里9﹣13
臺中市烏日區第0342投開票所,東園國小,臺中市烏日區東園里６鄰溪南路１段２３,８巷１９８號,東園里全里
臺中市烏日區第0343投開票所,南興宮,臺中市烏日區溪埧里４鄰溪南路１段６８,０巷７５號,溪埧里1﹣4
臺中市烏日區第0344投開票所,溪埧社區活動中心,臺中市烏日區溪埧里７鄰溪南路１段６８,０巷１１０號,溪埧里5﹣8,11﹣12
臺中市烏日區第0345投開票所,東勢園福德祠,臺中市烏日區溪埧里１０鄰溪南路１段３,４６號,溪埧里9﹣10
臺中市烏日區第0346投開票所,螺潭社區活動中心,臺中市烏日區螺潭里８鄰溪南路２段２５,７巷２８號,螺潭里全里
臺中市烏日區第0347投開票所,北里社區活動中心,臺中市烏日區北里里９鄰溪南路２段６９,６巷１５號,北里里全里
臺中市烏日區第0348投開票所,南里社區活動中心,臺中市烏日區南里里２鄰溪南路３段１６,６巷１號,南里里全里
臺中市烏日區第0349投開票所,溪尾里活動中心,臺中市烏日區溪尾里７鄰慶光路３０之５,號,溪尾里全里
臺中市后里區第0350投開票所,廣福社區活動中心臺中市后里區廣福里６鄰內東路９９號廣福里1﹣8,11
臺中市后里區第0351投開票所,廣福七星活動中心,臺中市后里區廣福里１３鄰寺山路３８巷,６０號,廣福里9,10,12﹣16
臺中市后里區第0352投開票所,仁里社區活動中心臺中市后里區仁里里４鄰圳寮路５５號仁里里全里
臺中市后里區第0353投開票所,后里國小(一),臺中市后里區義里里１２鄰甲后路１１０,號,義里里1﹣13
臺中市后里區第0354投開票所,后里國小(二),臺中市后里區義里里１２鄰甲后路１１０,號,義里里14﹣21
臺中市后里區第0355投開票所,后里國小(三),臺中市后里區義里里１２鄰甲后路１１０,號,義德里1﹣10
臺中市后里區第0356投開票所,后里國小(四),臺中市后里區義里里１２鄰甲后路１１０,號,義德里11﹣17
臺中市后里區第0357投開票所,天主堂臺中市后里區后里里４鄰三豐路３５１號后里里1,2,11,13,17﹣20
臺中市后里區第0358投開票所,后里社區活動中心,臺中市后里區后里里７鄰甲后路４７３巷,４０號,后里里3﹣8,14,15
臺中市后里區第0359投開票所,忠厚社區活動中心,(臺中市立后里幼兒,園忠厚分班),臺中市后里區厚里里７鄰甲后路４９０巷,３號,后里里9,10,12,16,21,22
臺中市后里區第0360投開票所,內埔國小(一)臺中市后里區墩東里１４鄰文化路３０號厚里里1﹣3
臺中市后里區第0361投開票所,厚里社區活動中心,臺中市后里區厚里里８鄰九甲一路２５９,號,厚里里4﹣10
臺中市后里區第0362投開票所,懷德堂,臺中市后里區墩東里１９鄰文明路３１巷,４４號,墩東里1﹣3,15,19,23﹣25
臺中市后里區第0363投開票所,內埔國小(二)臺中市后里區墩東里１４鄰文化路３０號墩東里4,16﹣18,20,21,26,27
臺中市后里區第0364投開票所,墩東社區活動中心臺中市后里區墩東里５鄰平安路１３０號墩東里5﹣14,22
臺中市后里區第0365投開票所,墩西里活動中心(調,解會旁),臺中市后里區墩西里３鄰福音路８９號墩西里1﹣6
臺中市后里區第0366投開票所,鎮安宮會議室臺中市后里區墩西里３鄰三光路４２號墩西里7﹣13
臺中市后里區第0367投開票所,七星國小臺中市后里區墩南里１鄰南村路３８９號墩南里1﹣3,5,6,10,14
臺中市后里區第0368投開票所,墩南社區活動中心臺中市后里區墩南里４鄰南村路１３４號墩南里4,7﹣9,11﹣13
臺中市后里區第0369投開票所,墩北社區活動中心,臺中市后里區墩北里１６鄰三光路１３９,號,墩北里1﹣8
臺中市后里區第0370投開票所,墩北集會所(原墩北,社區托兒所),臺中市后里區墩北里１２鄰文化路５４號墩北里9﹣17
臺中市后里區第0371投開票所,中和里長壽俱樂部臺中市后里區中和里８鄰中正路１３８號中和里1﹣7
臺中市后里區第0372投開票所,中和社區活動中心臺中市后里區中和里８鄰中正路１３８號中和里8﹣13
臺中市后里區第0373投開票所,舊社社區活動中心臺中市后里區舊社里５鄰舊社路９３號舊社里全里
臺中市后里區第0374投開票所,聯合社區活動中心臺中市后里區聯合里８鄰水門路５９號聯合里全里
臺中市后里區第0375投開票所,太平社區活動中心臺中市后里區太平里５鄰公舘路２１號太平里1﹣6
臺中市后里區第0376投開票所,育英國小臺中市后里區太平里９鄰四月路２３號太平里7﹣11
臺中市后里區第0377投開票所,眉山社區活動中心臺中市后里區眉山里８鄰甲后路９４０號眉山里1﹣7,16,17
臺中市后里區第0378投開票所,月眉國小臺中市后里區眉山里８鄰甲后路９４０號眉山里8﹣15
臺中市后里區第0379投開票所,月眉社區活動中心,臺中市后里區月眉里５鄰雲頭路公會巷９,號,月眉里全里
臺中市后里區第0380投開票所,公館集會所(原公館,社區托兒所),臺中市后里區公館里３鄰三豐路３８６號公館里3,10﹣15
臺中市后里區第0381投開票所,公館社區活動中心,臺中市后里區公館里３鄰三豐路３９６之,２８號,公館里1,2,4﹣9
臺中市后里區第0382投開票所,泰安社區活動中心,臺中市后里區泰安里７鄰福興路６７之１,號,泰安里全里
臺中市豐原區第0383投開票所,豐原國小（一）,臺中市豐原區豐榮里１２鄰新生北路１５,５號,豐原里1﹣12
臺中市豐原區第0384投開票所,豐原國小（二）,臺中市豐原區豐榮里１２鄰新生北路１５,５號,豐原里13﹣22
臺中市豐原區第0385投開票所,豐原國小（三）,臺中市豐原區豐榮里１２鄰新生北路１５,５號,豐榮里全里
臺中市豐原區第0386投開票所,豐原國小（四）,臺中市豐原區豐榮里１２鄰新生北路１５,５號,頂街里全里
臺中市豐原區第0387投開票所,中山里福德祠臺中市豐原區中山里１０鄰信義街７３號中山里全里
臺中市豐原區第0388投開票所,妙音禪寺臺中市豐原區下街里４鄰忠孝街１１４號下街里全里
臺中市豐原區第0389投開票所,南陽國小（一）臺中市豐原區中陽里５鄰南陽路４４０號中陽里1﹣8
臺中市豐原區第0390投開票所,南陽國小（二）臺中市豐原區中陽里５鄰南陽路４４０號中陽里9﹣14,20
臺中市豐原區第0391投開票所,中陽里活動中心臺中市豐原區中陽里８鄰惠陽街１１６號中陽里15﹣19,21﹣26
臺中市豐原區第0392投開票所,大湳里活動中心（,一）,臺中市豐原區大湳里２０鄰圓環北路一段,１５１號,大湳里1﹣18
臺中市豐原區第0393投開票所,大湳里活動中心（,二）,臺中市豐原區大湳里２０鄰圓環北路一段,１５１號,大湳里19﹣26
臺中市豐原區第0394投開票所,北湳里活動中心臺中市豐原區北湳里１１鄰三環路７２號北湳里1﹣13
臺中市豐原區第0395投開票所,葫蘆墩文物館,臺中市豐原區北湳里１４鄰圓環北路二段,６５號,北湳里14﹣24
臺中市豐原區第0396投開票所,東湳里活動中心,臺中市豐原區東湳里６鄰三豐路７４２巷,１４６弄１４號,東湳里1﹣3,7,19﹣24
臺中市豐原區第0397投開票所,慈興宮,臺中市豐原區東湳里１５鄰三豐路６１６,號,東湳里13﹣18,26﹣30
臺中市豐原區第0398投開票所,北天宮前集會所,臺中市豐原區東湳里６鄰三豐路７４２巷,１４６弄１６號,東湳里4﹣6,8﹣12,25
臺中市豐原區第0399投開票所,西湳里活動中心,臺中市豐原區西湳里１０鄰三豐路７９９,巷１３３弄８號,西湳里9﹣12
臺中市豐原區第0400投開票所,北龍宮,臺中市豐原區西湳里１０鄰三豐路７９９,巷１３３弄１１號,西湳里13﹣16,22﹣24
臺中市豐原區第0401投開票所,豐原國中（一）臺中市豐原區西湳里１鄰三豐路４６７號西湳里1,3,17,21
臺中市豐原區第0402投開票所,豐原國中（二）臺中市豐原區西湳里１鄰三豐路４６７號西湳里2,4,8,18,20
臺中市豐原區第0403投開票所,葫蘆墩國小,臺中市豐原區西湳里５鄰葫蘆墩一街２５,０號,西湳里5﹣7,19
臺中市豐原區第0404投開票所,富春國小,臺中市豐原區豐西里１０鄰中山路４５５,號,豐西里全里
臺中市豐原區第0405投開票所,(舊)圳寮社區活動中,心,臺中市豐原區圳寮里１５鄰豐洲路１號圳寮里全里
臺中市豐原區第0406投開票所,(新)豐圳里活動中心,（一）,臺中市豐原區豐圳里１９鄰成功路５２０,號,豐圳里1﹣15
臺中市豐原區第0407投開票所,(新)豐圳里活動中心,（二）,臺中市豐原區豐圳里１９鄰成功路５２０,號,豐圳里16﹣30
臺中市豐原區第0408投開票所,富春里橫街尾福德祠,臺中市豐原區富春里３鄰富春街２４之１,號,富春里全里
臺中市豐原區第0409投開票所,公有第一零售市場3,樓,臺中市豐原區葫蘆里１１鄰市前街８８號,３樓,葫蘆里全里
臺中市豐原區第0410投開票所,西安里活動中心,臺中市豐原區西安里２鄰西安街７２之２,號,西安里1﹣8,30
臺中市豐原區第0411投開票所,瑞穗國小（一）臺中市豐原區西安里２鄰西安街７２號西安里9﹣17,28,29
臺中市豐原區第0412投開票所,瑞穗國小（二）臺中市豐原區西安里２鄰西安街７２號西安里18﹣27
臺中市豐原區第0413投開票所,豐原高商（三）臺中市豐原區西勢里７鄰圓環南路５０號西勢里1﹣10
臺中市豐原區第0414投開票所,豐原高商（四）臺中市豐原區西勢里７鄰圓環南路５０號西勢里11﹣19
臺中市豐原區第0415投開票所,中興里活動中心（,一）,臺中市豐原區中興里１６鄰三村路９８之,１號,中興里1﹣10,12,14
臺中市豐原區第0416投開票所,中興里活動中心（,二）,臺中市豐原區中興里１６鄰三村路９８之,１號,中興里11,13,15﹣23
臺中市豐原區第0417投開票所,社皮里舊集會所臺中市豐原區社皮里７鄰社皮路３號社皮里1,3﹣9,11,17,52
臺中市豐原區第0418投開票所,社皮里德惠宮,臺中市豐原區社皮里３５鄰社皮路１２３,巷３號,社皮里2,10,12,15,18,21﹣23,53
臺中市豐原區第0419投開票所,社皮里德惠宮來賓接,待室,臺中市豐原區社皮里３５鄰社皮路１２３,巷３號,社皮里24﹣26,28﹣30,35﹣37,39,44
臺中市豐原區第0420投開票所,豐原幼兒園社皮分班,臺中市豐原區社皮里３５鄰社皮路１２３,巷５弄２號,社皮里38,41﹣43,45﹣51
臺中市豐原區第0421投開票所,重劃區鄰里公園管理,室,臺中市豐原區社皮里１６鄰社興五街２號社皮里,13,14,16,19,20,27,31﹣,34,40
臺中市豐原區第0422投開票所,合作國小（一）,臺中市豐原區三村里１１鄰西勢路４１０,號,三村里8﹣10,12﹣15,23,24
臺中市豐原區第0423投開票所,合作國小（二）,臺中市豐原區三村里１１鄰西勢路４１０,號,三村里16,18﹣22,25
臺中市豐原區第0424投開票所,三村里活動中心（,一）,臺中市豐原區三村里１１鄰豐原大道一段,６０９號,三村里4﹣7,17
臺中市豐原區第0425投開票所,三村里活動中心（,二）,臺中市豐原區三村里１１鄰豐原大道一段,６０９號,三村里1﹣3,11
臺中市豐原區第0426投開票所,豐原高商（一）臺中市豐原區西勢里７鄰圓環南路５０號東勢里全里
臺中市豐原區第0427投開票所,豐原高商（二）臺中市豐原區西勢里７鄰圓環南路５０號民生里全里
臺中市豐原區第0428投開票所,(新)田心里活動中心,（一）,臺中市豐原區田心里４鄰市政路１號田心里1,2,4,5,23,25,27
臺中市豐原區第0429投開票所,(新)田心里活動中心,（二）,臺中市豐原區田心里４鄰市政路１號田心里3,6﹣12,21,22,24
臺中市豐原區第0430投開票所,豐原藝文館臺中市豐原區田心里４鄰育仁路８１號田心里13﹣20,26
臺中市豐原區第0431投開票所,民宜幼兒園,臺中市豐原區豐田里１鄰豐原大道二段１,８９號,豐田里1﹣4,7,8,18
臺中市豐原區第0432投開票所,(舊)豐田里民眾活動,中心,臺中市豐原區田心里２８鄰田心路二段２,７２巷１號,豐田里9,12,13,16,17,21,28,34
臺中市豐原區第0433投開票所,豐田國小（一）,臺中市豐原區豐田里１３鄰田心路二段２,９０號,豐田里5,6,11,19,20,23
臺中市豐原區第0434投開票所,豐田國小（二）,臺中市豐原區豐田里１３鄰田心路二段２,９０號,豐田里14,15,29﹣33
臺中市豐原區第0435投開票所,豐田里活動中心,臺中市豐原區田心里２５鄰永康路３４６,巷３３號,豐田里10,22,24﹣27,35
臺中市豐原區第0436投開票所,鎌村里活動中心（,一）,臺中市豐原區鎌村里１０鄰鎌村路４６５,巷５８號,鎌村里7,8,12﹣15
臺中市豐原區第0437投開票所,鎌村里活動中心（,二）,臺中市豐原區鎌村里１０鄰鎌村路４６５,巷５８號,鎌村里9,10,16﹣20
臺中市豐原區第0438投開票所,鎌村葡萄產銷班集會,所,臺中市豐原區鎌村里５鄰鎌村路１０７巷,７１號,鎌村里1﹣6,11
臺中市豐原區第0439投開票所,陽明里辦公處臺中市豐原區陽明里５鄰陽明街７７號陽明里1﹣11,24
臺中市豐原區第0440投開票所,陽明里活動中心臺中市豐原區陽明里５鄰陽明街７７號陽明里12﹣23
臺中市豐原區第0441投開票所,南陽里活動中心1樓,（一）,臺中市豐原區南陽里４鄰永康路１８１巷,６號１樓,南陽里5﹣11,23,25
臺中市豐原區第0442投開票所,南陽里活動中心1樓,（二）,臺中市豐原區南陽里４鄰永康路１８１巷,６號１樓,南陽里12﹣15,27,28
臺中市豐原區第0443投開票所,南陽里活動中心2樓,（一）,臺中市豐原區南陽里４鄰永康路１８１巷,６號２樓,南陽里24,26
臺中市豐原區第0444投開票所,南陽里活動中心2樓,（二）,臺中市豐原區南陽里４鄰永康路１８１巷,６號２樓,南陽里1﹣4,16,17
臺中市豐原區第0445投開票所,南陽里活動中心地下,室,臺中市豐原區南陽里４鄰永康路１８１巷,６號地下１樓,南陽里18﹣22
臺中市豐原區第0446投開票所,豐東國中（一）臺中市豐原區北陽里８鄰豐東路７５號北陽里1﹣6,8
臺中市豐原區第0447投開票所,豐東國中（二）臺中市豐原區北陽里８鄰豐東路７５號北陽里9,10
臺中市豐原區第0448投開票所,豐東國中（三）臺中市豐原區北陽里８鄰豐東路７５號北陽里13﹣15,23
臺中市豐原區第0449投開票所,(新)北陽里活動中心,臺中市豐原區北陽里７鄰豐東路１１８巷,１８號,北陽里11,16,24
臺中市豐原區第0450投開票所,廣福宮臺中市豐原區北陽里７鄰南陽路１６０號北陽里7,17,25
臺中市豐原區第0451投開票所,豐原幼兒園北陽分班,臺中市豐原區北陽里１７鄰南陽路１５８,巷２號,北陽里12,18,26
臺中市豐原區第0452投開票所,福陽國小,臺中市豐原區北陽里２０鄰南陽路綠山巷,８３號,北陽里19﹣22
臺中市豐原區第0453投開票所,東陽里活動中心臺中市豐原區東陽里３鄰東陽路３０６號東陽里全里
臺中市豐原區第0454投開票所,豐村國小,臺中市豐原區南村里１７鄰水源路３４１,號,南村里1﹣3,6,11,12,16,17
臺中市豐原區第0455投開票所,南村里活動中心,臺中市豐原區南村里５鄰圓環東路９１８,號,南村里4,5,13,14
臺中市豐原區第0456投開票所,臺中農田水利會八寶,工作站,臺中市豐原區南村里１０鄰直興街１１９,號,南村里7﹣10,15,18,19
臺中市豐原區第0457投開票所,豐陽國中臺中市豐原區南田里５鄰朝陽路３３號南田里1﹣8,18﹣21
臺中市豐原區第0458投開票所,豐原幼兒園南田分班,臺中市豐原區南田里２１鄰水源路１９２,巷８０之１號,南田里9﹣17
臺中市豐原區第0459投開票所,豐原區圖書館南嵩分,館,臺中市豐原區南嵩里４鄰水源路１７巷２,號,南嵩里1﹣7,13,20
臺中市豐原區第0460投開票所,南嵩里活動中心,臺中市豐原區南嵩里５鄰水源路９巷１３,３號,南嵩里8﹣12,14﹣19
臺中市豐原區第0461投開票所,翁明里活動中心,臺中市豐原區翁明里１０鄰東仁街１２５,號,翁明里全里
臺中市豐原區第0462投開票所,翁子國小,臺中市豐原區翁子里５鄰豐勢路二段２９,０巷３號,翁子里1﹣12
臺中市豐原區第0463投開票所,翁子里活動中心,臺中市豐原區翁子里５鄰豐勢路二段２９,０巷１２號,翁子里13﹣25
臺中市豐原區第0464投開票所,翁社里活動中心臺中市豐原區翁社里９鄰豐年路１５８號翁社里1﹣9
臺中市豐原區第0465投開票所,豐原幼兒園本園(翁,社),臺中市豐原區翁社里１２鄰豐年路１５１,號,翁社里10﹣18
臺中市豐原區第0466投開票所,朴子里活動中心,臺中市豐原區朴子里５鄰豐勢路二段５３,５巷１１９號,朴子里4﹣8,13,14
臺中市豐原區第0467投開票所,萬順宮活動中心臺中市豐原區朴子里１鄰萬順三街２０號朴子里1﹣3,11,12
臺中市豐原區第0468投開票所,豐原幼兒園朴子分班,臺中市豐原區朴子里５鄰豐勢路二段５３,５巷１２８號,朴子里9,10,15﹣17
臺中市神岡區第0469投開票所,神岡國小(一)臺中市神岡區神岡里２鄰神圳路１號神岡里1﹣9
臺中市神岡區第0470投開票所,神岡國小(二)臺中市神岡區神岡里２鄰神圳路１號神岡里10﹣21
臺中市神岡區第0471投開票所,庄前里民眾活動中心,(一),臺中市神岡區庄前里８鄰神林路３５號庄前里1﹣6
臺中市神岡區第0472投開票所,庄前里民眾活動中心,(二),臺中市神岡區庄前里８鄰神林路３５號庄前里7﹣10
臺中市神岡區第0473投開票所,北庄社區活動中心,(一),臺中市神岡區北庄里１５鄰中山路１２４,４號,北庄里1﹣9
臺中市神岡區第0474投開票所,北庄社區活動中心,(二),臺中市神岡區北庄里１５鄰中山路１２４,４號,北庄里10﹣18
臺中市神岡區第0475投開票所,庄後社區活動中心,(一),臺中市神岡區庄後里１０鄰厚生路１１８,之１０號,庄後里1﹣7
臺中市神岡區第0476投開票所,庄後社區活動中心,(二),臺中市神岡區庄後里１０鄰厚生路１１８,之１０號,庄後里8﹣14
臺中市神岡區第0477投開票所,圳前社區活動中心,(一),臺中市神岡區圳前里８鄰三民路３４９號圳前里1﹣8
臺中市神岡區第0478投開票所,圳前社區活動中心,(二),臺中市神岡區圳前里８鄰三民路３４９號圳前里9﹣17
臺中市神岡區第0479投開票所,圳堵國小(一)臺中市神岡區圳堵里５鄰三民路６３９號圳堵里1﹣9
臺中市神岡區第0480投開票所,圳堵國小(二)臺中市神岡區圳堵里５鄰三民路６３９號圳堵里10﹣16
臺中市神岡區第0481投開票所,新庄社區活動中心,臺中市神岡區新庄里１５鄰和睦路３６０,號,新庄里1﹣8
臺中市神岡區第0482投開票所,神岡區新庄幼兒園,(一),臺中市神岡區新庄里１５鄰和睦路１段３,５８巷２０號,新庄里9﹣16
臺中市神岡區第0483投開票所,神岡區新庄幼兒園,(二),臺中市神岡區新庄里１５鄰和睦路１段３,５８巷２０號,新庄里17﹣22
臺中市神岡區第0484投開票所,山皮寶山宮臺中市神岡區山皮里６鄰光復路２１２號山皮里全里
臺中市神岡區第0485投開票所,社口國小(一),臺中市神岡區社南里２０鄰社南街１３６,號,社口里1﹣6
臺中市神岡區第0486投開票所,社口國小(二),臺中市神岡區社南里２０鄰社南街１３６,號,社口里7﹣11
臺中市神岡區第0487投開票所,社口國小(三),臺中市神岡區社南里２０鄰社南街１３６,號,社口里12﹣16
臺中市神岡區第0488投開票所,社口國小(四),臺中市神岡區社南里２０鄰社南街１３６,號,社口里17﹣24
臺中市神岡區第0489投開票所,社口國小(五),臺中市神岡區社南里２０鄰社南街１３６,號,社口里25﹣29
臺中市神岡區第0490投開票所,神岡國中(一)臺中市神岡區社南里８鄰中山路６２７號社南里1﹣3
臺中市神岡區第0491投開票所,神岡國中(二)臺中市神岡區社南里８鄰中山路６２７號社南里4﹣10
臺中市神岡區第0492投開票所,神岡國中(三)臺中市神岡區社南里８鄰中山路６２７號社南里11﹣15
臺中市神岡區第0493投開票所,神岡國中(四)臺中市神岡區社南里８鄰中山路６２７號社南里16﹣20
臺中市神岡區第0494投開票所,三角社區活動中心,(一),臺中市神岡區三角里１２鄰三社路１９５,號,三角里1﹣11
臺中市神岡區第0495投開票所,三角社區活動中心,(二),臺中市神岡區三角里１２鄰三社路１９５,號,三角里12﹣19
臺中市神岡區第0496投開票所,岸裡國小(一)臺中市神岡區岸裡里３鄰中山路５２號大社里1﹣11
臺中市神岡區第0497投開票所,岸裡國小(二)臺中市神岡區岸裡里３鄰中山路５２號大社里12﹣16
臺中市神岡區第0498投開票所,岸裡國小(三)臺中市神岡區岸裡里３鄰中山路５２號大社里17﹣21
臺中市神岡區第0499投開票所,岸裡國小(四)臺中市神岡區岸裡里３鄰中山路５２號岸裡里1﹣7
臺中市神岡區第0500投開票所,岸裡國小(五)臺中市神岡區岸裡里３鄰中山路５２號岸裡里8﹣15
臺中市神岡區第0501投開票所,豐洲國小(一),臺中市神岡區豐洲里１５鄰豐洲路４８２,號,豐洲里1﹣7
臺中市神岡區第0502投開票所,豐洲國小(二),臺中市神岡區豐洲里１５鄰豐洲路４８２,號,豐洲里8﹣13
臺中市神岡區第0503投開票所,豐洲國小(三),臺中市神岡區豐洲里１５鄰豐洲路４８２,號,豐洲里14﹣19
臺中市神岡區第0504投開票所,豐洲國小(四),臺中市神岡區豐洲里１５鄰豐洲路４８２,號,豐洲里20﹣25
臺中市神岡區第0505投開票所,豐洲國小(五),臺中市神岡區豐洲里１５鄰豐洲路４８２,號,豐洲里26﹣32
臺中市神岡區第0506投開票所,豐洲國小(六),臺中市神岡區豐洲里１５鄰豐洲路４８２,號,豐洲里33﹣37
臺中市神岡區第0507投開票所,神洲社區活動中心,(一),臺中市神岡區神洲里８鄰豐洲路９１６巷,３８弄９６號,神洲里1﹣6
臺中市神岡區第0508投開票所,神洲社區活動中心,(二),臺中市神岡區神洲里８鄰豐洲路９１６巷,３８弄９６號,神洲里7﹣12
臺中市神岡區第0509投開票所,溪洲社區活動中心,(一),臺中市神岡區溪洲里５鄰豐洲路１０７６,號,溪洲里1﹣6
臺中市神岡區第0510投開票所,溪洲社區活動中心,(二),臺中市神岡區溪洲里５鄰豐洲路１０７６,號,溪洲里7﹣12
臺中市大雅區第0511投開票所,大雅國中(一),臺中市大雅區大雅里２０鄰學府路２８０,號,上雅里1﹣8
臺中市大雅區第0512投開票所,大雅國中(二),臺中市大雅區大雅里２０鄰學府路２８０,號,上雅里9﹣15
臺中市大雅區第0513投開票所,大雅國中(三),臺中市大雅區大雅里２０鄰學府路２８０,號,上雅里16﹣24
臺中市大雅區第0514投開票所,大雅國小(一),臺中市大雅區二和里１０鄰學府路２３０,號,大雅里1﹣7
臺中市大雅區第0515投開票所,大雅國小(二),臺中市大雅區二和里１０鄰學府路２３０,號,大雅里8﹣16
臺中市大雅區第0516投開票所,大雅國小(三),臺中市大雅區二和里１０鄰學府路２３０,號,大雅里17﹣27
臺中市大雅區第0517投開票所,文雅國小(一),臺中市大雅區文雅里１２鄰中山北路２３,５號,文雅里1﹣9
臺中市大雅區第0518投開票所,文雅國小(二),臺中市大雅區文雅里１２鄰中山北路２３,５號,文雅里10﹣18
臺中市大雅區第0519投開票所,文雅國小(三),臺中市大雅區文雅里１２鄰鄰中山北路２,３５號,文雅里19﹣25
臺中市大雅區第0520投開票所,三和里集會所(建興,宮樓下),臺中市大雅區三和里２鄰建興路１９２巷,１號,三和里1﹣6,24﹣27
臺中市大雅區第0521投開票所,敬軍新村活動中心,臺中市大雅區三和里１３鄰港尾路１１０,號,三和里7﹣13
臺中市大雅區第0522投開票所,三和國小(一)臺中市大雅區三和里１鄰春亭二街１號三和里14﹣23
臺中市大雅區第0523投開票所,大雅國小(四),臺中市大雅區二和里１０鄰學府路２３０,號,二和里1﹣8
臺中市大雅區第0524投開票所,大雅國小(五),臺中市大雅區二和里１０鄰學府路２３０,號,二和里9﹣15
臺中市大雅區第0525投開票所,大雅國小(六),臺中市大雅區二和里１０鄰學府路２３０,號,二和里16﹣23
臺中市大雅區第0526投開票所,大華國中(一),臺中市大雅區四德里１０鄰雅環路一段２,號,四德里1﹣8
臺中市大雅區第0527投開票所,大華國中(二),臺中市大雅區四德里１０鄰雅環路一段２,號,四德里9﹣16
臺中市大雅區第0528投開票所,大華國中(三),臺中市大雅區四德里１０鄰雅環路一段２,號,四德里17﹣24
臺中市大雅區第0529投開票所,三和國小(二)臺中市大雅區三和里１鄰春亭二街１號西寶里1﹣9
臺中市大雅區第0530投開票所,三和國小(三)臺中市大雅區三和里１鄰春亭二街１號西寶里10﹣14
臺中市大雅區第0531投開票所,三和國小(四)臺中市大雅區三和里１鄰春亭二街１號西寶里15﹣21
臺中市大雅區第0532投開票所,上楓國小(一),臺中市大雅區上楓里１９鄰楓林街２３２,號,上楓里1﹣9
臺中市大雅區第0533投開票所,上楓國小(二),臺中市大雅區上楓里１９鄰楓林街２３２,號,上楓里10﹣18
臺中市大雅區第0534投開票所,天壽宮活動中心,臺中市大雅區上楓里２４鄰民生路三段４,１５巷１２號,上楓里19﹣25
臺中市大雅區第0535投開票所,(新)大楓社區活動中,心,臺中市大雅區上楓里２２鄰雅楓街１０６,號,大楓里1﹣7
臺中市大雅區第0536投開票所,(新)上楓社區活動中,心,臺中市大雅區上楓里２２鄰雅楓街１０８,號,大楓里8﹣12
臺中市大雅區第0537投開票所,(舊)上楓社區活動中,心,臺中市大雅區大楓里１５鄰德勝路３２３,號,大楓里13﹣20
臺中市大雅區第0538投開票所,中國城景上景大樓大,廳,臺中市大雅區雅楓里９鄰神林南路１１５,巷７１號,雅楓里1﹣9
臺中市大雅區第0539投開票所,停四停車場管理室,臺中市大雅區雅楓里１１鄰神林南路１４,６巷７號,雅楓里10﹣19
臺中市大雅區第0540投開票所,麥根小學堂(舊大明,分校),臺中市大雅區員林里１６鄰大林路２１１,巷１４號,員林里7,13﹣18
臺中市大雅區第0541投開票所,員林社區活動中心,(一),臺中市大雅區員林里１４鄰大林路２１２,巷７３之１號,員林里1﹣6
臺中市大雅區第0542投開票所,員林社區活動中心,(二),臺中市大雅區員林里１４鄰大林路２１２,巷７３之１號,員林里8﹣10,30
臺中市大雅區第0543投開票所,大明國小(一),臺中市大雅區員林里２２鄰中清路四段１,５８號,員林里11,12,19,20
臺中市大雅區第0544投開票所,大明國小(二),臺中市大雅區員林里２２鄰中清路四段１,５８號,員林里21﹣24
臺中市大雅區第0545投開票所,大明國小(三),臺中市大雅區員林里２２鄰中清路四段１,５８號,員林里25﹣29
臺中市大雅區第0546投開票所,六寶社區活動中心,(和平路),臺中市大雅區六寶里９鄰和平路９２之１,號,六寶里5﹣9,13,14
臺中市大雅區第0547投開票所,六寶社區文化活動中,心(文化路),臺中市大雅區六寶里２９鄰文化路１３２,號,六寶里18,19,24﹣32
臺中市大雅區第0548投開票所,六寶國小(一),臺中市大雅區六寶里３鄰光復路１５之２,號,六寶里11,12,15﹣17,20﹣23,33
臺中市大雅區第0549投開票所,六寶國小(二),臺中市大雅區六寶里３鄰光復路１５之２,號,六寶里1﹣4,10
臺中市大雅區第0550投開票所,(舊)秀山社區活動中,心,臺中市大雅區秀山里７鄰平和一路１號秀山里1﹣10,18
臺中市大雅區第0551投開票所,陽明國小,臺中市大雅區秀山里１６鄰秀山路３６５,號,秀山里11﹣17
臺中市大雅區第0552投開票所,雅文幼兒園禮堂臺中市大雅區橫山里２鄰中山路１１號旁橫山里2,3,15,18,19
臺中市大雅區第0553投開票所,橫山社區活動中心臺中市大雅區橫山里５鄰振興路２２８號橫山里1,4,5,8,9
臺中市大雅區第0554投開票所,永和宮臺中市大雅區橫山里６鄰永和路７６號橫山里6,7,10﹣14,16,17
臺中市大雅區第0555投開票所,忠義社區活動中心臺中市大雅區忠義里４鄰仁愛路８０號忠義里1﹣7,19,20,22,24
臺中市大雅區第0556投開票所,汝鎏國小臺中市大雅區秀山里１鄰平和路２３８號忠義里8﹣18,21,23
臺中市潭子區第0557投開票所,潭秀社區活動中心,臺中市潭子區潭秀里８鄰雅潭路１段３９,巷１０號,潭秀里全里
臺中市潭子區第0558投開票所,潭北社區活動中心,臺中市潭子區潭北里７鄰潭子街３段公廳,巷５２號,潭北里1﹣8
臺中市潭子區第0559投開票所,潭子幼兒園潭北分班,臺中市潭子區潭北里８鄰潭子街３段公廳,巷１８號,潭北里9﹣16
臺中市潭子區第0560投開票所,潭子國中(一),臺中市潭子區潭陽里８鄰潭興路２段４１,９巷１號,潭陽里1﹣3,6,15
臺中市潭子區第0561投開票所,潭子國中(二),臺中市潭子區潭陽里８鄰潭興路２段４１,９巷１號,潭陽里4,5,13,14
臺中市潭子區第0562投開票所,潭子國中(三),臺中市潭子區潭陽里８鄰潭興路２段４１,９巷１號,潭陽里7,8,16
臺中市潭子區第0563投開票所,潭陽國小(一)臺中市潭子區潭陽里１２鄰潭陽路１９號潭陽里9,10,17﹣20
臺中市潭子區第0564投開票所,潭陽國小(二)臺中市潭子區潭陽里１２鄰潭陽路１９號潭陽里11,12
臺中市潭子區第0565投開票所,臺中市立潭子幼兒園,臺中市潭子區潭陽里２２鄰中山路２段２,４１巷１號,潭陽里21
臺中市潭子區第0566投開票所,潭子區長青館,臺中市潭子區潭陽里２２鄰中山路２段２,３７巷９號２樓(消防分隊旁),潭陽里22,23
臺中市潭子區第0567投開票所,福仁社區活動中心,臺中市潭子區福仁里８鄰新興路１段２３,１號,福仁里1﹣5,8,23
臺中市潭子區第0568投開票所,僑忠國小(一),臺中市潭子區福仁里１７鄰中山路２段３,１號,福仁里13,19,20,26
臺中市潭子區第0569投開票所,僑忠國小(二),臺中市潭子區福仁里１７鄰中山路２段３,１號,福仁里15﹣18,22,27,28
臺中市潭子區第0570投開票所,家天下會議室,臺中市潭子區福仁里２５鄰合作街３８巷,１８號,福仁里6,10﹣12,25
臺中市潭子區第0571投開票所,天寶彌勒佛院臺中市潭子區福仁里９鄰大新路５２號福仁里7,9,14,21,24
臺中市潭子區第0572投開票所,得天宮臺中市潭子區頭家里４鄰得天街３３號頭家里1﹣6,10
臺中市潭子區第0573投開票所,頭家里活動中心臺中市潭子區精忠新城１０１號頭家里9,11﹣14
臺中市潭子區第0574投開票所,頭家國小,臺中市潭子區頭家里１６鄰得福街１８５,號,頭家里7,15﹣19
臺中市潭子區第0575投開票所,客西馬尼行道會,臺中市潭子區頭家東里４鄰大成街１２０,巷１８號,頭家東里1﹣9
臺中市潭子區第0576投開票所,陳崑明宅,臺中市潭子區頭家東里１１鄰中山路１段,２１８號,頭家東里10﹣16
臺中市潭子區第0577投開票所,擁抱家園會議室,臺中市潭子區家興里１１鄰榮興街８３巷,１０號,家興里6,9﹣12
臺中市潭子區第0578投開票所,新中元年大樓C棟媽,媽教室,臺中市潭子區家興里２鄰中山路１段７巷,１０號,家興里1﹣5
臺中市潭子區第0579投開票所,劉添益宅,臺中市潭子區家興里１６鄰大通街９３巷,６７弄５號,家興里7,8,13﹣20
臺中市潭子區第0580投開票所,家福社區活動中心,臺中市潭子區家福里１鄰中山路１段１０,１巷７號,家福里1﹣10
臺中市潭子區第0581投開票所,台中京城管理委員會,臺中市潭子區家福里１０鄰頭張路１段１,１７巷１７弄２１號,家福里11﹣17
臺中市潭子區第0582投開票所,潭子幼兒園潭陽分班,臺中市潭子區潭陽里２１鄰中山路２段２,３７巷９號１樓(請由興華１路口進入),甘蔗里1﹣3,8,17,21
臺中市潭子區第0583投開票所,甘蔗社區活動中心,臺中市潭子區甘蔗里１８鄰勝利路３１０,號,甘蔗里4﹣7,12,18,19
臺中市潭子區第0584投開票所,雅潭地政事務所,臺中市潭子區甘蔗里２５鄰勝利路１６５,號,甘蔗里11,24﹣27
臺中市潭子區第0585投開票所,愛恩堡幼兒園,臺中市潭子區甘蔗里２２鄰勝利５街４１,號,甘蔗里9,10,13﹣16,20,22,23
臺中市潭子區第0586投開票所,潭子國小(課後照顧,班),臺中市潭子區潭秀里８鄰中山路２段４３,５號(由興華一路後門入),甘蔗里4,7,17﹣19
臺中市潭子區第0587投開票所,東寶國小(105低碳教,室),臺中市潭子區東寶里８鄰雅潭路３段２號東寶里8,13﹣16
臺中市潭子區第0588投開票所,東寶社區活動中心,臺中市潭子區東寶里２１鄰昌平路３段４,９２巷１７０弄２１號,東寶里17,18,21,22
臺中市潭子區第0589投開票所,小叮噹幼兒園,臺中市潭子區東寶里１９鄰大富路１段４,８之１號,東寶里19,20,23,28
臺中市潭子區第0590投開票所,得寶名邸會議室,臺中市潭子區東寶里２鄰雅潭路２段１５,２巷８０號,東寶里1﹣3,9
臺中市潭子區第0591投開票所,陳銘森宅,臺中市潭子區東寶里４鄰大豐路２段１０,０巷１５號,東寶里4,5,11
臺中市潭子區第0592投開票所,農會東寶信用部,臺中市潭子區東寶里７鄰雅潭路２段３８,２號,東寶里6,7,10,12
臺中市潭子區第0593投開票所,趙榮聰宅臺中市潭子區東寶里２４鄰大德南路２號東寶里24﹣27
臺中市潭子區第0594投開票所,大富社區活動中心,臺中市潭子區大富里４鄰民族路３段３５,號,大富里全里
臺中市潭子區第0595投開票所,大豐社區活動中心,臺中市潭子區大豐里７鄰潭富路２段１５,７巷５－１號,大豐里5﹣8,12
臺中市潭子區第0596投開票所,潭子大第中庭,臺中市潭子區大豐里９鄰大豐路２段１２,２巷１１號,大豐里1﹣4,13,14,17,18
臺中市潭子區第0597投開票所,力敏股份有限公司,(辦公室),臺中市潭子區大豐里１７鄰潭富路２段２,１７號,大豐里9﹣11,15,16
臺中市潭子區第0598投開票所,栗林社區活動中心,臺中市潭子區栗林里１３鄰祥和路１２８,號,栗林里6,7,12,13
臺中市潭子區第0599投開票所,私立弘文中學會議室,臺中市潭子區栗林里１１鄰中山路３段２,２１巷９６號,栗林里1﹣4,8﹣11
臺中市潭子區第0600投開票所,栗林里集會所(守望,相助隊部),臺中市潭子區大豐里１３鄰民生街１２８,－１號,栗林里5,14﹣16
臺中市潭子區第0601投開票所,嘉仁社區活動中心,臺中市潭子區嘉仁里８鄰仁愛路２段４４,號,嘉仁里1﹣9
臺中市潭子區第0602投開票所,嘉仁社區活動中心,(守望相助隊部),臺中市潭子區嘉仁里８鄰仁愛路２段４４,號,嘉仁里10﹣20
臺中市潭子區第0603投開票所,新田社區活動中心,臺中市潭子區新田里３鄰豐興路２段４１,２號,新田里全里
臺中市潭子區第0604投開票所,新興國小(1甲),臺中市潭子區聚興里８鄰潭興路１段２５,號,聚興里1﹣9,17﹣19
臺中市潭子區第0605投開票所,聚興社區活動中心,臺中市潭子區聚興里９鄰潭興路１段２４,號,聚興里10﹣16
臺中市西屯區第0606投開票所,西屯國小(一),臺中市西屯區西安里３鄰西屯路２段３０,０號,西安里1﹣8,24,29
臺中市西屯區第0607投開票所,西屯國小(二),臺中市西屯區西安里３鄰西屯路２段３０,０號,西安里9﹣17
臺中市西屯區第0608投開票所,至善國中(一),臺中市西屯區至善里７鄰青海路２段３０,８號,西安里18﹣23,25﹣28
臺中市西屯區第0609投開票所,至善國中(二),臺中市西屯區至善里７鄰青海路２段３０,８號,至善里1﹣6,8
臺中市西屯區第0610投開票所,至善國中(三),臺中市西屯區至善里７鄰青海路２段３０,８號,至善里7,9﹣13
臺中市西屯區第0611投開票所,上安國小(一),臺中市西屯區至善里１６鄰上安路１５６,號,至善里14﹣20
臺中市西屯區第0612投開票所,西屯國小(三),臺中市西屯區西安里３鄰西屯路２段３０,０號,西平里1﹣7
臺中市西屯區第0613投開票所,西屯國小(四),臺中市西屯區西安里３鄰西屯路２段３０,０號,西平里8﹣13
臺中市西屯區第0614投開票所,西屯國小(五),臺中市西屯區西安里３鄰西屯路２段３０,０號,西平里14﹣25
臺中市西屯區第0615投開票所,西屯國小(六),臺中市西屯區西安里３鄰西屯路２段３０,０號,西墩里1﹣8
臺中市西屯區第0616投開票所,西屯國小(七),臺中市西屯區西安里３鄰西屯路２段３０,０號,西墩里9﹣16
臺中市西屯區第0617投開票所,西屯國小(八),臺中市西屯區西安里３鄰西屯路２段３０,０號,西墩里17﹣27
臺中市西屯區第0618投開票所,福德祠前廣場,臺中市西屯區潮洋里３鄰龍門二街３０號,旁,潮洋里1﹣7
臺中市西屯區第0619投開票所,潮洋里活動中心(一),臺中市西屯區潮洋里１９鄰市政北二路４,００號,潮洋里8﹣17
臺中市西屯區第0620投開票所,潮洋里活動中心(二),臺中市西屯區潮洋里１９鄰市政北二路４,００號,潮洋里18﹣21
臺中市西屯區第0621投開票所,龍聖宮前廣場,臺中市西屯區龍潭里３鄰龍洋巷２４之１,號,龍潭里全里
臺中市西屯區第0622投開票所,惠來國小教室,臺中市西屯區惠來里２８鄰文中路１６８,號,惠來里,1,2,10,14,16,21,22,25,2,7,30,32,42﹣44
臺中市西屯區第0623投開票所,財團法人華盛頓市政,幼兒園(一),臺中市西屯區惠來里３７鄰惠文５街６５,號,惠來里8﹣9,35﹣36
臺中市西屯區第0624投開票所,財團法人華盛頓市政,幼兒園(二),臺中市西屯區惠來里３７鄰惠文５街６５,號,惠來里37﹣40
臺中市西屯區第0625投開票所,臺中市私立大都會幼,兒園(一),臺中市西屯區惠來里１２鄰惠民路５１號惠來里3﹣5
臺中市西屯區第0626投開票所,臺中市私立大都會幼,兒園(二),臺中市西屯區惠來里１２鄰惠民路５１號惠來里6﹣7,19
臺中市西屯區第0627投開票所,臺中市私立大都會幼,兒園(三),臺中市西屯區惠來里１２鄰惠民路５１號惠來里12,15,17,20
臺中市西屯區第0628投開票所,惠來里活動中心,臺中市西屯區惠來里３１鄰西屯路２段２,１２巷１號,惠來里,11,13,18,23,24,26,28,29,,31,33,34,41
臺中市西屯區第0629投開票所,上石國小(一),臺中市西屯區上石里８鄰西屯路２段上石,南六巷２５號,上石里1﹣8
臺中市西屯區第0630投開票所,上石國小(二),臺中市西屯區上石里８鄰西屯路２段上石,南六巷２５號,上石里9﹣15
臺中市西屯區第0631投開票所,上石國小(三),臺中市西屯區上石里８鄰西屯路２段上石,南六巷２５號,上石里16﹣23
臺中市西屯區第0632投開票所,上安國小(二),臺中市西屯區至善里１６鄰上安路１５６,號,上安里1﹣6
臺中市西屯區第0633投開票所,上安國小(三),臺中市西屯區至善里１６鄰上安路１５６,號,上安里7﹣14
臺中市西屯區第0634投開票所,上安國小(四),臺中市西屯區至善里１６鄰上安路１５６,號,上安里15﹣22
臺中市西屯區第0635投開票所,玉皇宮,臺中市西屯區上德里５鄰上石路１９－３,號,上德里2﹣11,28
臺中市西屯區第0636投開票所,上石國小(四),臺中市西屯區上石里８鄰西屯路２段上石,南六巷２５號,上德里12﹣15,18,26,27,29
臺中市西屯區第0637投開票所,上石國小(五),臺中市西屯區上石里８鄰西屯路２段上石,南六巷２５號,上德里1,16,17,19﹣25
臺中市西屯區第0638投開票所,西屯圖書館戶外舞台臺中市西屯區逢甲里８鄰福星路６６６號逢甲里1﹣7
臺中市西屯區第0639投開票所,世全汽車駕訓班(筆,試教室),臺中市西屯區逢福里２５鄰福星路６６９,號,逢甲里8﹣18
臺中市西屯區第0640投開票所,上石上安上德里聯防,守望相助隊部,臺中市西屯區上石里１０鄰西屯路２段與,湳子巷口上石公園內,逢甲里19﹣28
臺中市西屯區第0641投開票所,逢福里活動中心,臺中市西屯區逢福里５鄰福上巷２４９之,１號,逢福里1﹣11
臺中市西屯區第0642投開票所,長安國小(一)臺中市西屯區何仁里２５鄰櫻花路１８號逢福里12﹣18,33﹣35
臺中市西屯區第0643投開票所,倉庫臺中市西屯區逢福里２７鄰慶和街３１號逢福里19﹣32
臺中市西屯區第0644投開票所,大鵬新城A3棟活動中,心(一),臺中市西屯區鵬程里１５鄰文華路５０號鵬程里1﹣11
臺中市西屯區第0645投開票所,大鵬新城A3棟活動中,心(二),臺中市西屯區鵬程里１５鄰文華路５０號鵬程里12﹣25
臺中市西屯區第0646投開票所,漢口國中(一),臺中市西屯區何明里３鄰漢口路１段５４,之１號,何厝里1﹣12
臺中市西屯區第0647投開票所,漢口國中(二),臺中市西屯區何明里３鄰漢口路１段５４,之１號,何厝里13﹣21
臺中市西屯區第0648投開票所,漢口國中(三),臺中市西屯區何明里３鄰漢口路１段５４,之１號,何明里1﹣7,25
臺中市西屯區第0649投開票所,漢口國中(四),臺中市西屯區何明里３鄰漢口路１段５４,之１號,何明里8﹣15,22
臺中市西屯區第0650投開票所,漢口國中(五),臺中市西屯區何明里３鄰漢口路１段５４,之１號,何明里16﹣21,23﹣24
臺中市西屯區第0651投開票所,東興國小(一)臺中市南屯區大業里１鄰大隆路７１號何南里1﹣9
臺中市西屯區第0652投開票所,東興國小(二)臺中市南屯區大業里１鄰大隆路７１號何南里10﹣17
臺中市西屯區第0653投開票所,東興國小(三)臺中市南屯區大業里１鄰大隆路７１號何南里18﹣25
臺中市西屯區第0654投開票所,東興國小(四)臺中市南屯區大業里１鄰大隆路７１號何成里1﹣9
臺中市西屯區第0655投開票所,東興國小(五)臺中市南屯區大業里１鄰大隆路７１號何成里10﹣20
臺中市西屯區第0656投開票所,東興國小(六)臺中市南屯區大業里１鄰大隆路７１號何成里21﹣29
臺中市西屯區第0657投開票所,東興國小(七)臺中市南屯區大業里１鄰大隆路７１號何成里30﹣38
臺中市西屯區第0658投開票所,何厝國小(一)臺中市西屯區何安里２鄰重慶路１號何安里1﹣12
臺中市西屯區第0659投開票所,何厝國小(二)臺中市西屯區何安里２鄰重慶路１號何安里13﹣22
臺中市西屯區第0660投開票所,何厝國小(三)臺中市西屯區何安里２鄰重慶路１號何安里23﹣36
臺中市西屯區第0661投開票所,大仁國小(一),臺中市西屯區何德里１５鄰重慶路２００,號,何仁里1﹣8
臺中市西屯區第0662投開票所,大仁國小(二),臺中市西屯區何德里１５鄰重慶路２００,號,何仁里9,11﹣16
臺中市西屯區第0663投開票所,大仁國小(三),臺中市西屯區何德里１５鄰重慶路２００,號,何仁里17﹣20,26﹣28,31﹣33
臺中市西屯區第0664投開票所,長安國小(二)臺中市西屯區何仁里２５鄰櫻花路１８號何仁里10,21﹣25,29,30,34﹣37
臺中市西屯區第0665投開票所,中山國中(一),臺中市西屯區何德里２２鄰寧夏路１７９,號,何德里1﹣11
臺中市西屯區第0666投開票所,中山國中(二),臺中市西屯區何德里２２鄰寧夏路１７９,號,何德里12﹣23
臺中市西屯區第0667投開票所,中山國中(三),臺中市西屯區何德里２２鄰寧夏路１７９,號,何福里1﹣6
臺中市西屯區第0668投開票所,中山國中(四),臺中市西屯區何德里２２鄰寧夏路１７９,號,何福里7﹣13
臺中市西屯區第0669投開票所,中山國中(五),臺中市西屯區何德里２２鄰寧夏路１７９,號,何福里14﹣21
臺中市西屯區第0670投開票所,重慶國小(一),臺中市西屯區何源里３０鄰重慶路３５８,號,何源里1﹣9
臺中市西屯區第0671投開票所,重慶國小(二),臺中市西屯區何源里３０鄰重慶路３５８,號,何源里10﹣17
臺中市西屯區第0672投開票所,重慶國小(三),臺中市西屯區何源里３０鄰重慶路３５８,號,何源里18﹣25
臺中市西屯區第0673投開票所,重慶國小(四),臺中市西屯區何源里３０鄰重慶路３５８,號,何源里26﹣33
臺中市西屯區第0674投開票所,長安國小(三)臺中市西屯區何仁里２５鄰櫻花路１８號大河里1﹣4,13,16﹣20
臺中市西屯區第0675投開票所,新鳳凰城親子教室,臺中市西屯區大河里２３鄰河南路２段４,０之１６號旁巷道進入,大河里5﹣12,14﹣15,21﹣23
臺中市西屯區第0676投開票所,皇城帝寶大樓B棟會,議室,臺中市西屯區大石里１鄰皇城街４０號大石里1﹣9
臺中市西屯區第0677投開票所,皇城帝寶大樓B棟閱,覽室,臺中市西屯區大石里１鄰皇城街４０號大石里10﹣17
臺中市西屯區第0678投開票所,大福社區活動中心,(一),臺中市西屯區大福里２４鄰長安路２段１,５８號,大福里1﹣14
臺中市西屯區第0679投開票所,大福社區活動中心,(二),臺中市西屯區大福里２４鄰長安路２段１,５８號,大福里15﹣29
臺中市西屯區第0680投開票所,大鵬里活動中心,臺中市西屯區大鵬里２８鄰長安路２段７,１巷７號,大鵬里,17,18,21﹣,23,25,26,28,32,38,44,45
臺中市西屯區第0681投開票所,大鵬國小(一)臺中市西屯區大鵬里１鄰中平路２６８號大鵬里1﹣9,11﹣16,20
臺中市西屯區第0682投開票所,大鵬國小(二)臺中市西屯區大鵬里１鄰中平路２６８號大鵬里,10,19,24,27,29,30,31,33,﹣37,39﹣43
臺中市西屯區第0683投開票所,清武家廟(集思堂)臺中市西屯區港尾里４鄰清武巷３３號港尾里1﹣7,9
臺中市西屯區第0684投開票所,港尾里守望相助隊隊,部,臺中市西屯區港尾里２５鄰中康二街１６,號,港尾里8,10﹣14,25﹣29
臺中市西屯區第0685投開票所,車庫,臺中市西屯區港尾里１６鄰中清路２段１,２５０巷５０號１樓,港尾里15﹣24
臺中市西屯區第0686投開票所,廣興宮集會所,臺中市西屯區廣福里１３鄰廣福路２３０,號,廣福里1﹣7
臺中市西屯區第0687投開票所,廣福里老人休閒中心,臺中市西屯區廣福里１３鄰廣福路２３０,號,廣福里8﹣13
臺中市西屯區第0688投開票所,永興宮會議室臺中市西屯區林厝里７鄰安林路２９號林厝里1﹣7,9,13
臺中市西屯區第0689投開票所,林厝里社區活動中心臺中市西屯區林厝里７鄰安林路２９號林厝里8,10﹣12,14
臺中市西屯區第0690投開票所,永安社區活動中心臺中市西屯區永安里４鄰永安一巷１７號永安里4﹣10,12,27
臺中市西屯區第0691投開票所,永安國小(一),臺中市西屯區福安里６鄰西屯路３段１３,３號,永安里1﹣3,13,26
臺中市西屯區第0692投開票所,永安國小(二),臺中市西屯區福安里６鄰西屯路３段１３,３號,永安里11,14﹣18,37
臺中市西屯區第0693投開票所,國安國小(一)臺中市西屯區永安里３４鄰國祥街１號永安里19﹣23,38
臺中市西屯區第0694投開票所,國安國小(二)臺中市西屯區永安里３４鄰國祥街１號永安里24,25,34﹣36,39
臺中市西屯區第0695投開票所,國安國小(三)臺中市西屯區永安里３４鄰國祥街１號永安里28﹣33
臺中市西屯區第0696投開票所,國安國小(四)臺中市西屯區永安里３４鄰國祥街１號永安里40﹣44
臺中市西屯區第0697投開票所,永安國小(三),臺中市西屯區福安里６鄰西屯路３段１３,３號,福安里1﹣6
臺中市西屯區第0698投開票所,永安國小(四),臺中市西屯區福安里６鄰西屯路３段１３,３號,福安里7﹣14
臺中市西屯區第0699投開票所,福安兒童暨老人活動,中心,臺中市西屯區福雅里１鄰永福路２６號福雅里1﹣10
臺中市西屯區第0700投開票所,永安國小(五),臺中市西屯區福安里６鄰西屯路３段１３,３號,福雅里11﹣19
臺中市西屯區第0701投開票所,永安國小(六),臺中市西屯區福安里６鄰西屯路３段１３,３號,福雅里20﹣26
臺中市西屯區第0702投開票所,福科國中(一),臺中市西屯區福林里２７鄰福林路３３３,號,福林里1﹣7
臺中市西屯區第0703投開票所,福科國中(二),臺中市西屯區福林里２７鄰福林路３３３,號,福林里8﹣17
臺中市西屯區第0704投開票所,福科國中(三),臺中市西屯區福林里２７鄰福林路３３３,號,福林里18﹣26
臺中市西屯區第0705投開票所,福科國中(四),臺中市西屯區福林里２７鄰福林路３３３,號,福林里27﹣34
臺中市西屯區第0706投開票所,福科國中(五),臺中市西屯區福林里２７鄰福林路３３３,號,福瑞里1﹣4
臺中市西屯區第0707投開票所,福科國中(六),臺中市西屯區福林里２７鄰福林路３３３,號,福瑞里5﹣12
臺中市西屯區第0708投開票所,國安國小(五)臺中市西屯區永安里３４鄰國祥街１號福聯里1﹣7
臺中市西屯區第0709投開票所,國安國小(六)臺中市西屯區永安里３４鄰國祥街１號福聯里8﹣14
臺中市西屯區第0710投開票所,安和國中(一)臺中市西屯區福和里１９鄰天助街１號福和里1﹣7
臺中市西屯區第0711投開票所,安和國中(二)臺中市西屯區福和里１９鄰天助街１號福和里8﹣13
臺中市西屯區第0712投開票所,安和國中(三)臺中市西屯區福和里１９鄰天助街１號福和里14﹣20
臺中市西屯區第0713投開票所,安和國中(四)臺中市西屯區福和里１９鄰天助街１號福中里1﹣7
臺中市西屯區第0714投開票所,安和國中(五)臺中市西屯區福和里１９鄰天助街１號福中里8﹣14
臺中市西屯區第0715投開票所,大福宮休閒中心,臺中市西屯區福恩里８鄰福澤街６６號(原,工業區一路９４巷６號),福恩里7﹣11,20﹣22
臺中市西屯區第0716投開票所,中港新航道會議廳,臺中市西屯區福恩里１６鄰工業區一路２,巷３號,福恩里,協和里,12﹣19,23,14
臺中市西屯區第0717投開票所,安和國中(六)臺中市西屯區福和里１９鄰天助街１號福恩里1﹣6,24
臺中市西屯區第0718投開票所,協和國小教室臺中市西屯區協和里２鄰安和路９９號協和里1﹣12
臺中市西屯區第0719投開票所,協和國小分校(一),臺中市西屯區協和里１７鄰工業區３８路,１９８號,協和里15,20﹣22
臺中市西屯區第0720投開票所,協和國小分校(二),臺中市西屯區協和里１７鄰工業區３８路,１９８號,協和里13,16﹣19
臺中市南屯區第0721投開票所,南屯國小(長青教室),臺中市南屯區南屯里９鄰黎明路１段９６,８號,南屯里1﹣7,27
臺中市南屯區第0722投開票所,南屯國小(陶藝教室),臺中市南屯區南屯里９鄰黎明路１段９６,８號,南屯里8﹣13,26
臺中市南屯區第0723投開票所,南屯國小(特殊教育1,班),臺中市南屯區南屯里９鄰黎明路１段９６,８號,南屯里14﹣20,28
臺中市南屯區第0724投開票所,南屯國小(特殊教育2,班),臺中市南屯區南屯里９鄰黎明路１段９６,８號,南屯里21﹣25
臺中市南屯區第0725投開票所,大墩國中(10103),臺中市南屯區三厝里１８鄰惠中路３段９,８號,南屯里29,30,34,35
臺中市南屯區第0726投開票所,大墩國中(10105),臺中市南屯區三厝里１８鄰惠中路３段９,８號,南屯里31﹣33
臺中市南屯區第0727投開票所,萬和國中(2樓數理資,源教室1),臺中市南屯區豐樂里２鄰永春東路８８５,號,豐樂里2,3
臺中市南屯區第0728投開票所,萬和國中(資源班教,室),臺中市南屯區豐樂里２鄰永春東路８８５,號,豐樂里1,4,5
臺中市南屯區第0729投開票所,萬和國中(展示室),臺中市南屯區豐樂里２鄰永春東路８８５,號,豐樂里6﹣10
臺中市南屯區第0730投開票所,萬和國中(合作社與,體育室間通道),臺中市南屯區豐樂里２鄰永春東路８８５,號,豐樂里11,14
臺中市南屯區第0731投開票所,萬和國中(會計室與,活動中心間通道),臺中市南屯區豐樂里２鄰永春東路８８５,號,豐樂里12,13,15,16
臺中市南屯區第0732投開票所,萬和國中(活動中心),臺中市南屯區豐樂里２鄰永春東路８８５,號,豐樂里17﹣19
臺中市南屯區第0733投開票所,豐樂里老人休閒活動,中心(豐樂公園內),臺中市南屯區豐樂里１２鄰文心南５路３,３１號,豐樂里20,22
臺中市南屯區第0734投開票所,豐樂里福德廟,臺中市南屯區豐樂里１２鄰文心南５路３,３９號,豐樂里21,23
臺中市南屯區第0735投開票所,楓樹里福德廟辦公處,臺中市南屯區楓樹里６鄰楓和路６４８之,１號,楓樹里1﹣3,10,12,13,23,27,33
臺中市南屯區第0736投開票所,楓興宮老人休閒中心臺中市南屯區楓樹里６鄰楓樹巷２５號楓樹里4﹣9,11,31,32
臺中市南屯區第0737投開票所,楓樹里青少年活動中,心(禮堂),臺中市南屯區楓樹里７鄰楓樹西街２００,號,楓樹里14,18﹣22,24,25
臺中市南屯區第0738投開票所,楓樹里福德廟休閒室,臺中市南屯區楓樹里６鄰楓和路６４６之,１號,楓樹里15﹣17,26,28﹣30
臺中市南屯區第0739投開票所,中和里活動中心,臺中市南屯區中和里６鄰中和巷３７號之,２,中和里1﹣3,6,13,14,20,23,24
臺中市南屯區第0740投開票所,臺中黎明大樓管理室,臺中市南屯區中和里４鄰黎明路１段１５,７巷５３號,中和里4,5,7,9,12,21,22
臺中市南屯區第0741投開票所,守望相助隊部,臺中市南屯區中和里２１鄰南光路４５巷,２０號對面,中和里8,10,11,15﹣19
臺中市南屯區第0742投開票所,鎮平里聖帥宮臺中市南屯區鎮平里７鄰水碓巷２４號鎮平里1,7,8,11
臺中市南屯區第0743投開票所,鎮平里福德祠,臺中市南屯區鎮平里９鄰鎮和巷１２之２,號,鎮平里2﹣6,9,10
臺中市南屯區第0744投開票所,春社社區活動中心,臺中市南屯區春社里５鄰永春南路３８之,１號,春社里1﹣6,21
臺中市南屯區第0745投開票所,春社里活動中心2樓,臺中市南屯區春社里３２鄰忠勇路２３之,１２號,春社里12,13,16,17,22,26,27
臺中市南屯區第0746投開票所,春社里活動中心3樓,臺中市南屯區春社里３２鄰忠勇路２３之,１２號,春社里20,23,28﹣30,32﹣34
臺中市南屯區第0747投開票所,同安社區活動中心臺中市南屯區春社里８鄰同安南巷６號春社里7﹣11,18,19
臺中市南屯區第0748投開票所,樹木銀行管理中心,臺中市南屯區春社里１４鄰溫泉路２８８,號,春社里14,15,24,25,31
臺中市南屯區第0749投開票所,春安國小(2年2班)臺中市南屯區春安里７鄰春安路１０９號春安里1﹣10
臺中市南屯區第0750投開票所,文山國小文薈樓(1年,1班),臺中市南屯區文山里忠勇路９７號文山里1﹣3,9﹣11
臺中市南屯區第0751投開票所,文山國小文薈樓(科,任教室),臺中市南屯區文山里忠勇路９７號文山里12﹣18
臺中市南屯區第0752投開票所,文山國小文薈樓(美,勞教室2),臺中市南屯區文山里忠勇路９７號文山里20﹣26
臺中市南屯區第0753投開票所,文山環保資訊圖書館,1樓,臺中市南屯區文山里６鄰忠勇路５４之５,號,文山里19,29﹣35
臺中市南屯區第0754投開票所,文山環保資訊圖書館,地下室,臺中市南屯區文山里６鄰忠勇路５４之５,號,文山里4﹣8,27,28
臺中市南屯區第0755投開票所,寶山社區活動中心,臺中市南屯區寶山里１４鄰忠勇路１１９,號,寶山里1﹣3,16,18
臺中市南屯區第0756投開票所,寶山里籃球場管理中,心,臺中市南屯區寶山里４鄰忠勇路８２之６,０號,寶山里4,17,21﹣24
臺中市南屯區第0757投開票所,文山國小關懷樓(3年,7班),臺中市南屯區文山里忠勇路９７號寶山里9﹣15
臺中市南屯區第0758投開票所,文山國小關懷樓(3年,8班),臺中市南屯區文山里忠勇路９７號寶山里5﹣8,19,20
臺中市南屯區第0759投開票所,新生里里集會所臺中市南屯區新生里８鄰新德街３０８號新生里1﹣10
臺中市南屯區第0760投開票所,永定里社區活動中心,會議室,臺中市南屯區永定里９鄰南美街７０號永定里1,5,8,9,13
臺中市南屯區第0761投開票所,南屯天主堂臺中市南屯區永定里３鄰永春路１號永定里2,3,6,7,10,14﹣16
臺中市南屯區第0762投開票所,皇后大道大廈活動中,心,臺中市南屯區永定里１８鄰黎明路２段７,１巷３２弄１號,永定里4,11,12,17﹣19
臺中市南屯區第0763投開票所,大墩國小(英語1),臺中市南屯區三厝里１８鄰向上路２段２,０１號,三厝里2﹣7
臺中市南屯區第0764投開票所,大墩國小(英語2),臺中市南屯區三厝里１８鄰向上路２段２,０１號,三厝里18,21﹣25
臺中市南屯區第0765投開票所,大墩國小(1年2班),臺中市南屯區三厝里１８鄰向上路２段２,０１號,三厝里8﹣11,13
臺中市南屯區第0766投開票所,大墩國小(1年5班),臺中市南屯區三厝里１８鄰向上路２段２,０１號,三厝里1,14,15,19
臺中市南屯區第0767投開票所,大墩國小(1年6班),臺中市南屯區三厝里１８鄰向上路２段２,０１號,三厝里12,16,17,20
臺中市南屯區第0768投開票所,黎明國小(2年1班),臺中市南屯區三義里１鄰黎明路２段５５,５號,三義里2﹣5,9,22
臺中市南屯區第0769投開票所,黎明國小(課後照顧,班1),臺中市南屯區三義里１鄰黎明路２段５５,５號,三義里1,6﹣8
臺中市南屯區第0770投開票所,黎明國小(5年7班),臺中市南屯區三義里１鄰黎明路２段５５,５號,三義里11,12,20,21
臺中市南屯區第0771投開票所,惠文國小(1年1班),臺中市南屯區三義里１０鄰公益路２段３,００號,三義里10,13,15,16
臺中市南屯區第0772投開票所,惠文國小(1年3班),臺中市南屯區三厝里１０鄰公益路２段３,００號,三義里14,17﹣19
臺中市南屯區第0773投開票所,三厝社區發展協會活,動中心(鐵皮屋),臺中市南屯區三和里６鄰黎明路２段３２,０之１號,三和里5﹣8,14
臺中市南屯區第0774投開票所,三采藝術園區,臺中市南屯區三和里１６鄰公益路２段６,１５號,三和里16﹣21
臺中市南屯區第0775投開票所,惠文國小(1年5班),臺中市南屯區三義里１０鄰公益路２段３,００號,三和里1﹣4,9
臺中市南屯區第0776投開票所,惠文國小(1年7班),臺中市南屯區三義里１０鄰公益路２段３,００號,三和里10,11,13,30
臺中市南屯區第0777投開票所,惠文國小(1年9班),臺中市南屯區三義里１０鄰公益路２段３,００號,三和里12,15,22,23
臺中市南屯區第0778投開票所,惠文國小(1年11班),臺中市南屯區三義里１０鄰公益路２段３,００號,三和里24﹣29
臺中市南屯區第0779投開票所,黎明國中(敦品樓2),臺中市南屯區三義里１鄰黎明路２段５２,５號,黎明里1﹣7
臺中市南屯區第0780投開票所,黎明國中(敦品樓4),臺中市南屯區三義里１鄰黎明路２段５２,５號,黎明里8﹣15
臺中市南屯區第0781投開票所,黎明國中(敦品樓6),臺中市南屯區三義里１鄰黎明路２段５２,５號,黎明里16﹣23
臺中市南屯區第0782投開票所,黎明國中(黎穗樓1),臺中市南屯區三義里１鄰黎明路２段５２,５號,黎明里24﹣31
臺中市南屯區第0783投開票所,太元宮臺中市南屯區溝墘里１鄰大英街５８９號溝墘里4,6﹣8
臺中市南屯區第0784投開票所,陳日田宅(宅旁通道),臺中市南屯區溝墘里１３鄰大墩１４街３,０７號,溝墘里9﹣13
臺中市南屯區第0785投開票所,水安宮,臺中市南屯區溝墘里１４鄰文心路１段５,１５號,溝墘里14﹣16
臺中市南屯區第0786投開票所,林何素煙宅臺中市南屯區溝墘里３鄰大英街６５９號溝墘里1﹣3,5,17,18
臺中市南屯區第0787投開票所,大業國中(D102教室)臺中市南屯區大業里７鄰大業路１００號大業里1,5﹣8,20
臺中市南屯區第0788投開票所,大業國中(D101教室)臺中市南屯區大業里７鄰大業路１００號大業里2﹣4,9,19,21
臺中市南屯區第0789投開票所,大業國中(備用教室,2/書香園),臺中市南屯區大業里７鄰大業路１００號大業里10﹣13,22
臺中市南屯區第0790投開票所,大業國中(美術教室,2),臺中市南屯區大業里７鄰大業路１００號大業里14﹣18,23,24
臺中市南屯區第0791投開票所,惠義公園管理室3樓,臺中市南屯區惠中里１６鄰大墩１２街３,６１號,惠中里12,16,21
臺中市南屯區第0792投開票所,大新國小(1年1班),臺中市南屯區文心里１鄰文心路１段２８,０號,惠中里14,15,17,18
臺中市南屯區第0793投開票所,大新國小(1年11班),臺中市南屯區文心里１鄰文心路１段２８,０號,惠中里2,3,7,10,13
臺中市南屯區第0794投開票所,大新國小(1年13班),臺中市南屯區文心里１鄰文心路１段２８,０號,惠中里4,6,8,9,11
臺中市南屯區第0795投開票所,大新國小(1年14班),臺中市南屯區文心里１鄰文心路１段２８,０號,惠中里1,5,19,20
臺中市南屯區第0796投開票所,田新公園管理室1樓,臺中市南屯區田心里１０鄰大墩６街３１,９巷４１號,田心里1﹣3,5﹣7
臺中市南屯區第0797投開票所,田新公園管理室3樓,臺中市南屯區田心里１０鄰大墩６街３１,９巷４１號,田心里8﹣12
臺中市南屯區第0798投開票所,田心里活動中心1樓,臺中市南屯區田心里２３鄰南屯路２段５,３０號,田心里4,13﹣19
臺中市南屯區第0799投開票所,田心里守望相助隊部,臺中市南屯區豐樂里１８鄰南屯路２段４,９５號,田心里20﹣26
臺中市南屯區第0800投開票所,永春國小(美勞1),臺中市南屯區向心里５鄰永春東路２８８,號,向心里1﹣5
臺中市南屯區第0801投開票所,永春國小(音樂3),臺中市南屯區向心里５鄰永春東路２８８,號,向心里6﹣10,12
臺中市南屯區第0802投開票所,永春國小(音樂4),臺中市南屯區向心里５鄰永春東路２８８,號,向心里11,13﹣17
臺中市南屯區第0803投開票所,大新國小(1年2班),臺中市南屯區文心里１鄰文心路１段２８,０號,文心里1﹣6
臺中市南屯區第0804投開票所,大新國小(1年4班),臺中市南屯區文心里１鄰文心路１段２８,０號,文心里9﹣14,19
臺中市南屯區第0805投開票所,文心福德廟臺中市南屯區文心里７鄰向心路１２９號文心里7,8,15﹣18,20
臺中市南屯區第0806投開票所,大新國小(1年6班),臺中市南屯區文心里１鄰文心路１段２８,０號,同心里1﹣8
臺中市南屯區第0807投開票所,大新國小(1年9班),臺中市南屯區文心里１鄰文心路１段２８,０號,同心里9﹣14
臺中市南屯區第0808投開票所,永春國小(夢幻城堡,音1教室),臺中市南屯區向心里５鄰永春東路２８８,號,同心里16﹣20
臺中市南屯區第0809投開票所,永春國小(夢幻城堡,音2教室),臺中市南屯區向心里５鄰永春東路２８８,號,同心里15,21﹣25
臺中市南屯區第0810投開票所,大同里活動中心(302,室),臺中市南屯區大同里１３鄰大墩６街１６,１號３樓,大同里1﹣4,7
臺中市南屯區第0811投開票所,大同里活動中心(3樓,禮堂),臺中市南屯區大同里１３鄰大墩６街１６,１號３樓,大同里8,9,11﹣13
臺中市南屯區第0812投開票所,大同里活動中心(301,室),臺中市南屯區大同里１３鄰大墩６街１６,１號３樓,大同里15﹣18
臺中市南屯區第0813投開票所,大同里活動中心(1樓,川堂),臺中市南屯區大同里１３鄰大墩６街１６,１號１樓,大同里5,6,10,14
臺中市南屯區第0814投開票所,大興里民活動中心臺中市南屯區大興里１９鄰永春東路１號大興里1﹣6
臺中市南屯區第0815投開票所,大墩天廈圖書室,臺中市南屯區大興里１２鄰南屯路２段１,７３號,大興里7﹣11,16﹣18
臺中市南屯區第0816投開票所,大墩天廈交誼聽,臺中市南屯區大興里１２鄰南屯路２段１,７３號,大興里12﹣15,19,20
臺中市南屯區第0817投開票所,北田心土地公廟,臺中市南屯區大誠里１０鄰東興路２段與,大墩２街口,大誠里4,7,12,13
臺中市南屯區第0818投開票所,理想貴族大廈,臺中市南屯區大誠里９鄰東興西街１１號,之８,大誠里3,6,9﹣11
臺中市南屯區第0819投開票所,林娟如宅(空屋)臺中市南屯區大誠里５鄰大墩東街２９號大誠里1,2,5,8
臺中市北屯區第0820投開票所,北屯里活動中心,臺中市北屯區北屯里２鄰太原路３段２６,９巷２９之１號,北屯里1,2,5,6,8,9,11,15,17
臺中市北屯區第0821投開票所,基督教北屯浸信會,臺中市北屯區北屯里４鄰興安路１段１８,號,北屯里3,4,7,10,12﹣14,16,18
臺中市北屯區第0822投開票所,北屯國小(一)臺中市北屯區北京里２鄰進化北路２號北京里1﹣12
臺中市北屯區第0823投開票所,北屯國小(二)臺中市北屯區北京里２鄰進化北路２號北京里13﹣24
臺中市北屯區第0824投開票所,基督教台灣信義會真,道堂,臺中市北屯區北興里２鄰三光巷１０號北興里1﹣11,20,21
臺中市北屯區第0825投開票所,北興里民集會所,臺中市北屯區北興里８鄰國豐街３６０號,(守望相助本部),北興里12﹣19,22
臺中市北屯區第0826投開票所,上天宮,臺中市北屯區三光里１６鄰太原路三段４,０５之２號,三光里1,4﹣7
臺中市北屯區第0827投開票所,九龍宮臺中市北屯區三光里４鄰九龍街５２號三光里2,3,15﹣17
臺中市北屯區第0828投開票所,三光國中,臺中市北屯區三光里１７鄰三光一街７７,號,三光里9,18﹣20,22鄰
臺中市北屯區第0829投開票所,四維國小,臺中市北屯區平昌里１鄰文心路四段９５,６號,三光里8,10﹣14,21
臺中市北屯區第0830投開票所,世紀座標公寓大廈之,中庭,臺中市北屯區三和里３鄰東光路８１０號三和里1﹣5,18,20
臺中市北屯區第0831投開票所,大益鞋業公司,臺中市北屯區三和里９鄰東山路１段１３,８巷８弄９號,三和里6﹣10,19
臺中市北屯區第0832投開票所,太陽堂車庫,臺中市北屯區三和里１４鄰東山路１段１,４６巷３１號,三和里11,13,15,16
臺中市北屯區第0833投開票所,孩子國社區管理委員,會,臺中市北屯區三和里１７鄰東山路１段１,４６之２２號旁,三和里12,14,17
臺中市北屯區第0834投開票所,東光里集會所,臺中市北屯區東光里４鄰東山路１段４９,號,東光里1﹣4,14,15
臺中市北屯區第0835投開票所,東光青少年活動中心,1樓,臺中市北屯區東光里１０鄰東山路１段３,３巷１６號１樓,東光里5﹣13,16
臺中市北屯區第0836投開票所,東光青少年活動中心,2樓,臺中市北屯區東光里１０鄰東山路１段３,３巷１６號２樓,東光里17﹣22
臺中市北屯區第0837投開票所,葳格中學,臺中市北屯區水景里１鄰軍福１８路３２,８號,水景里1,2,35
臺中市北屯區第0838投開票所,怡心芝麻街美語東山,分校,臺中市北屯區水景里３鄰東山路１段２１,０巷１３號,水景里3,15,19,23,24,29
臺中市北屯區第0839投開票所,獅子王幼兒園(一),臺中市北屯區水景里２０鄰景和街１７１,號,水景里5,6,16,18,20,22
臺中市北屯區第0840投開票所,獅子王幼兒園(二),臺中市北屯區水景里２０鄰景和街１７１,號,水景里17,25﹣28,30
臺中市北屯區第0841投開票所,東山高中(一),臺中市北屯區水景里７鄰景賢６路２００,號,水景里7﹣10
臺中市北屯區第0842投開票所,東山高中(二),臺中市北屯區水景里７鄰景賢６路２００,號,水景里4,11﹣14,36
臺中市北屯區第0843投開票所,東山高中(三),臺中市北屯區水景里７鄰景賢６路２００,號,水景里21,31﹣34
臺中市北屯區第0844投開票所,市立仁愛之家,臺中市北屯區軍功里６鄰軍功路２段４９,０號,軍功里1﹣6
臺中市北屯區第0845投開票所,臺中軍福宮,臺中市北屯區軍功里２３鄰東山路１段２,９７號,軍功里13,20,23,25,27﹣29
臺中市北屯區第0846投開票所,軍功活動中心1樓,臺中市北屯區軍功里２６鄰軍和街１２３,號１Ｆ,軍功里10﹣12,15,18,26
臺中市北屯區第0847投開票所,軍功活動中心2樓,臺中市北屯區軍功里２６鄰軍和街１２３,號２Ｆ,軍功里19,24,30,35,39
臺中市北屯區第0848投開票所,建功國小(一)臺中市北屯區軍功里１８鄰軍和街４３號軍功里7﹣9,14,16,17
臺中市北屯區第0849投開票所,建功國小(二)臺中市北屯區軍功里１８鄰軍和街４３號軍功里21,22,31﹣34
臺中市北屯區第0850投開票所,晴光康復之家,臺中市北屯區軍功里３７鄰軍榮街２９８,號,軍功里36﹣38
臺中市北屯區第0851投開票所,和平里集會所,臺中市北屯區和平里４鄰和祥街２０５巷,１５號,和平里1﹣5,8﹣11,24,32
臺中市北屯區第0852投開票所,和平里守望相助隊,臺中市北屯區和平里６鄰軍和街３７３號,土地公廟旁,和平里6,7,13,15,25﹣27
臺中市北屯區第0853投開票所,梨仔園福德廟,臺中市北屯區和平里１７鄰東山路一段３,８４巷６６之１號,和平里12,17﹣19,21,30﹣31
臺中市北屯區第0854投開票所,軍功國小(一),臺中市北屯區和平里２０鄰軍福十三路３,００號,和平里14,16,20
臺中市北屯區第0855投開票所,軍功國小(二),臺中市北屯區和平里２０鄰軍福十三路３,００號,和平里22,23,28,29,33
臺中市北屯區第0856投開票所,廍子芒果樹福德宮,臺中市北屯區廍子里２鄰祥順東路與太原,路口,廍子里2,3,5,13,14
臺中市北屯區第0857投開票所,廍子里活動中心臺中市北屯區廍子里７鄰廍子巷１００號廍子里1,4,6,7﹣12
臺中市北屯區第0858投開票所,民政里集會所臺中市北屯區民政里３鄰北坑巷７５號民政里全里
臺中市北屯區第0859投開票所,東山里集會所,臺中市北屯區東山里１１鄰東山路２段３,０號,東山里全里
臺中市北屯區第0860投開票所,大坑里活動中心,臺中市北屯區大坑里１２鄰東山路２段１,０１號,大坑里全里
臺中市北屯區第0861投開票所,民德里活動中心,臺中市北屯區民德里７鄰東山路二段２４,１號,民德里全里
臺中市北屯區第0862投開票所,南興宮臺中市北屯區舊社里６鄰舊社巷４３號舊社里1﹣7
臺中市北屯區第0863投開票所,舊社公園活動中心1,樓,臺中市北屯區舊社里１７鄰松竹路２段５,９巷５號,舊社里8,14,15,17,21
臺中市北屯區第0864投開票所,僑孝國小(一),臺中市北屯區舊社里１３鄰北屯路４３５,號,舊社里9,12,13,16,18,33
臺中市北屯區第0865投開票所,僑孝國小(二),臺中市北屯區舊社里１３鄰北屯路４３５,號,舊社里19,22﹣24,27
臺中市北屯區第0866投開票所,僑孝國小(三),臺中市北屯區舊社里１３鄰北屯路４３５,號,舊社里20,25,26
臺中市北屯區第0867投開票所,東光國小臺中市北屯區舊社里４鄰東光路９２６號舊社里10,11,28﹣32
臺中市北屯區第0868投開票所,格瑞特幼兒園(一),臺中市北屯區松茂里２鄰松竹北路２３６,號,松茂里1﹣4
臺中市北屯區第0869投開票所,格瑞特幼兒園(二),臺中市北屯區松茂里２鄰松竹北路２３６,號,松茂里5﹣8
臺中市北屯區第0870投開票所,格瑞特幼兒園(三),臺中市北屯區松茂里２鄰松竹北路２３６,號,松茂里9﹣14
臺中市北屯區第0871投開票所,松竹福德祠辦公室1,樓,臺中市北屯區松強里４鄰松竹路２段３０,８號,松強里1﹣2
臺中市北屯區第0872投開票所,松竹福德祠辦公室2,樓,臺中市北屯區松強里４鄰松竹路２段３０,８號,松強里3﹣8
臺中市北屯區第0873投開票所,松竹福德祠辦公室3,樓,臺中市北屯區松強里４鄰松竹路２段３０,８號,松強里9﹣11
臺中市北屯區第0874投開票所,松竹福德祠辦公室5,樓,臺中市北屯區松強里４鄰松竹路２段３０,８號,松強里12﹣16
臺中市北屯區第0875投開票所,光陽天廈親子教室,臺中市北屯區松勇里５鄰松竹路２段７６,巷１２弄４６號,松勇里3,6,10﹣13,15,17
臺中市北屯區第0876投開票所,民宅(走廊)臺中市北屯區松勇里７鄰松山街８０號松勇里7,8,16,18,19
臺中市北屯區第0877投開票所,松勇公園旁車庫,臺中市北屯區松勇里９鄰北屯路４７３巷,６弄１６號,松勇里1,2,4,5,9,14
臺中市北屯區第0878投開票所,私立丹彿幼兒園,臺中市北屯區松安里２鄰興安路２段４０,０號,松安里1﹣5,14
臺中市北屯區第0879投開票所,私立陽光城堡幼兒園,(一),臺中市北屯區松安里１５鄰崇德六路１段,５６號,松安里6﹣8,10,11,15,16
臺中市北屯區第0880投開票所,私立陽光城堡幼兒園,(二),臺中市北屯區松安里１５鄰崇德六路１段,５６號,松安里9,12,13,17﹣22
臺中市北屯區第0881投開票所,松竹國小(一),臺中市北屯區松和里２６鄰昌平路二段１,２號,松和里1﹣6
臺中市北屯區第0882投開票所,松竹國小(二),臺中市北屯區松和里２６鄰昌平路二段１,２號,松和里7﹣13
臺中市北屯區第0883投開票所,松竹國小(三),臺中市北屯區松和里２６鄰昌平路二段１,２號,松和里14﹣19
臺中市北屯區第0884投開票所,松竹國小(四),臺中市北屯區松和里２６鄰昌平路二段１,２號,松和里20﹣26
臺中市北屯區第0885投開票所,松竹國小(五),臺中市北屯區松和里２６鄰昌平路二段１,２號,松竹里1﹣3,12,13
臺中市北屯區第0886投開票所,松竹國小(六),臺中市北屯區松和里２６鄰昌平路二段１,２號,松竹里4,10,14,15,23
臺中市北屯區第0887投開票所,松竹國小(七),臺中市北屯區松竹里２６鄰昌平路二段１,２號,松竹里6﹣9,16,22
臺中市北屯區第0888投開票所,鉅侑汽車檢驗廠,臺中市北屯區松竹里１１鄰梅川東路５段,１４０號,松竹里11,17,20,21
臺中市北屯區第0889投開票所,崇德福德祠,臺中市北屯區松竹里１１鄰三分埔公園土,地公廟(崇德五路３４５號新天地餐廳對,面),松竹里5,18,19
臺中市北屯區第0890投開票所,三木日光社區,臺中市北屯區平興里１８鄰遼寧路一段１,６０號,平興里1,2,15﹣20
臺中市北屯區第0891投開票所,北新國中(一),臺中市北屯區平興里２０鄰柳陽東街１８,０號,平興里3﹣7,22
臺中市北屯區第0892投開票所,北新國中(二),臺中市北屯區平興里２０鄰柳陽東街１８,０號,平興里8﹣10,21,23
臺中市北屯區第0893投開票所,北新國中(三),臺中市北屯區平興里２０鄰柳陽東街１８,０號,平興里11﹣14,24﹣25
臺中市北屯區第0894投開票所,豐田公園(豐田亭),臺中市北屯區平田里５鄰大連路三段遼寧,路一段路口,平田里1,2,6,10﹣11
臺中市北屯區第0895投開票所,北屯圖書館1樓,臺中市北屯區平田里２０鄰大連路３段１,２２號,平田里9,12,13,16﹣20
臺中市北屯區第0896投開票所,貝斯特幼兒園,臺中市北屯區平田里７鄰瀋陽路３段２１,２號,平田里3﹣5,7,8,14,15
臺中市北屯區第0897投開票所,文昌國小(一),臺中市北屯區平昌里８鄰昌平路１段９１,號,平昌里1﹣6,19
臺中市北屯區第0898投開票所,文昌國小(二),臺中市北屯區平昌里８鄰昌平路１段９１,號,平昌里7﹣11
臺中市北屯區第0899投開票所,文昌國小(三),臺中市北屯區平昌里８鄰昌平路１段９１,號,平昌里12﹣18,20
臺中市北屯區第0900投開票所,平安里活動中心,臺中市北屯區平安里８鄰天津路４段１３,３號對面(近柳陽西街),平安里1,2,4,8,12,14,16,20
臺中市北屯區第0901投開票所,聖德禪寺,臺中市北屯區平安里６鄰青島路４段３９,之１號,平安里3,5﹣7,10,11,15,18
臺中市北屯區第0902投開票所,平安長青協會會館,臺中市北屯區平安里１８鄰天津路４段１,１號,平安里9,13,17,19,21﹣23
臺中市北屯區第0903投開票所,北屯圖書館地下1樓,臺中市北屯區平田里２０鄰大連路３段１,２２號,平順里3﹣6,10,12
臺中市北屯區第0904投開票所,臺灣基督教長老教會,臺中市北屯區平順里８鄰安順東９街４３,號,平順里1,2,7﹣9,11
臺中市北屯區第0905投開票所,平順、平心、平福里,活動中心(一),臺中市北屯區平心里７鄰旅順路二段７８,號３樓東側,平心里1,3,9,10,14,15,19,21
臺中市北屯區第0906投開票所,平順、平心、平福里,活動中心(二),臺中市北屯區平心里７鄰旅順路２段７８,號３樓西側,平心里4,5,7,12,13,20
臺中市北屯區第0907投開票所,私立小巨匠托兒所,臺中市北屯區平心里６鄰旅順路２段１０,０號,平心里2,6,8,11,16,17,18
臺中市北屯區第0908投開票所,私立愛子幼兒園,臺中市北屯區平福里１鄰崇德一路１５１,號,平福里1﹣4,6,13,14
臺中市北屯區第0909投開票所,大連天地公寓大廈1,樓大廳,臺中市北屯區平福里１２鄰大連路２段２,３８號,平福里5,7﹣12
臺中市北屯區第0910投開票所,原崇德幼稚園(一),臺中市北屯區平德里５鄰河北路２段６７,號,平德里2,5,6,10,13,18,20
臺中市北屯區第0911投開票所,原崇德幼稚園(二),臺中市北屯區平德里５鄰河北路２段６７,號,平德里1,4,9,14,15,16,19
臺中市北屯區第0912投開票所,平德里活動中心,臺中市北屯區平德里７鄰綏遠路２段３９,之２號４樓,平德里3,7,8,11,12,17,21
臺中市北屯區第0913投開票所,文心國小(一),臺中市北屯區平和里１２鄰文心路４段５,７５號,平和里1﹣8
臺中市北屯區第0914投開票所,文心國小(二),臺中市北屯區平和里１２鄰文心路４段５,７５號,平和里9﹣14
臺中市北屯區第0915投開票所,文心國小(三),臺中市北屯區平和里１２鄰文心路４段５,７５號,平和里15﹣23
臺中市北屯區第0916投開票所,崇德國中(一),臺中市北屯區平陽里２０鄰崇德路２段２,２７號,平陽里1﹣7
臺中市北屯區第0917投開票所,崇德國中(二),臺中市北屯區平陽里２０鄰崇德路２段２,２７號,平陽里8﹣14
臺中市北屯區第0918投開票所,崇德國中(三),臺中市北屯區平陽里２０鄰崇德路２段２,２７號,平陽里15﹣21
臺中市北屯區第0919投開票所,四張犁國小(一)臺中市北屯區仁和里２鄰后庄路９１０號仁和里1﹣5,12
臺中市北屯區第0920投開票所,四張犁國小(二)臺中市北屯區仁和里２鄰后庄路９１０號仁和里6,8,9,11,13,14,28
臺中市北屯區第0921投開票所,四張犁國小(三)臺中市北屯區仁和里２鄰后庄路９１０號仁和里10,15﹣20,22
臺中市北屯區第0922投開票所,四張犁國小(四)臺中市北屯區仁和里２鄰后庄路９１０號仁和里7,21,23﹣27
臺中市北屯區第0923投開票所,仁愛里活動中心臺中市北屯區仁愛里４鄰四平路３６號仁愛里全里
臺中市北屯區第0924投開票所,仁美國小(一),臺中市北屯區仁美里２８鄰崇德路３段５,６８號,仁美里1﹣7,32,34
臺中市北屯區第0925投開票所,仁美國小(二),臺中市北屯區仁美里２８鄰崇德路３段５,６８號,仁美里8,9,14,30,31
臺中市北屯區第0926投開票所,仁美國小(三),臺中市北屯區仁美里２８鄰崇德路３段５,６８號,仁美里10﹣13
臺中市北屯區第0927投開票所,仁美國小(四),臺中市北屯區仁美里２８鄰崇德路３段５,６８號,仁美里15﹣29,33
臺中市北屯區第0928投開票所,四民里集會所,臺中市北屯區四民里８鄰昌平路２段５１,號,四民里全里
臺中市北屯區第0929投開票所,瑞昌宮臺中市北屯區同榮里５鄰同樂巷７號同榮里1﹣10,13,33
臺中市北屯區第0930投開票所,新興國小(一)臺中市北屯區同榮里１５鄰新興路２０號同榮里12,14﹣26,34
臺中市北屯區第0931投開票所,新興國小(二)臺中市北屯區同榮里１５鄰新興路２０號同榮里11,27﹣﹣32,35﹣37
臺中市北屯區第0932投開票所,上益汽車修配廠,臺中市北屯區后庄里１９鄰后庄路３８６,－１號,后庄里1,7,22,23,27,28,38
臺中市北屯區第0933投開票所,后庄社區活動中心,臺中市北屯區后庄里２鄰庄內巷１１－１,號,后庄里2,3,19﹣21,35
臺中市北屯區第0934投開票所,元將汽車修配廠,臺中市北屯區后庄里２８鄰后庄北路１２,１號,后庄里5,12,14﹣18,36,37
臺中市北屯區第0935投開票所,私立大吉幼兒園,臺中市北屯區后庄里３２鄰敦化路一段６,１６號,后庄里24﹣26,31﹣34
臺中市北屯區第0936投開票所,新興國小(三)臺中市北屯區后庄里１５鄰新興路２０號后庄里4,6,8﹣11,13,29,30
臺中市北屯區第0937投開票所,大鵬國小(一)臺中市西屯區大鵬里１鄰中平路２６８號新平里1﹣4,8,16﹣18,26,27
臺中市北屯區第0938投開票所,速效汽車修配廠,臺中市北屯區新平里１１鄰中平路７２８,之１號,新平里5﹣7,19﹣23,28
臺中市北屯區第0939投開票所,新平里活動中心1樓,臺中市北屯區新平里７鄰中清路二段６０,９號,新平里9﹣15,24,25
臺中市北屯區第0940投開票所,陳平社區活動中心臺中市北屯區陳平里１３鄰同平巷２號陳平里1,2,4,13,16,17
臺中市北屯區第0941投開票所,陳平國小(一)臺中市北屯區忠平里８鄰陳平路５８號陳平里3,5,8,9,14,15,19,20
臺中市北屯區第0942投開票所,陳平國小(二)臺中市北屯區忠平里８鄰陳平路５８號陳平里6,7,10﹣12,18,21,22
臺中市北屯區第0943投開票所,陳平國小(三)臺中市北屯區忠平里８鄰陳平路５８號忠平里1﹣9
臺中市北屯區第0944投開票所,陳平國小(四)臺中市北屯區忠平里８鄰陳平路５８號忠平里10﹣18
臺中市北屯區第0945投開票所,大德國中(一),臺中市北屯區大德里５鄰雷中街２－２３,號,大德里1﹣8
臺中市北屯區第0946投開票所,大德里活動中心1樓臺中市北屯區大德里１８鄰平德路３號大德里9﹣12,17,18,19,21
臺中市北屯區第0947投開票所,大德里活動中心2樓臺中市北屯區大德里１８鄰平德路３號大德里13﹣16,20,22
臺中市北屯區第0948投開票所,水湳福德宮,臺中市北屯區水湳里１５鄰大連路１段１,６８號,水湳里1,2,14﹣16
臺中市北屯區第0949投開票所,瀋陽公園管理室1樓臺中市北屯區水湳里５鄰瀋陽北路２１號水湳里3﹣6,12
臺中市北屯區第0950投開票所,瀋陽公園管理室2樓臺中市北屯區水湳里５鄰瀋陽北路２１號水湳里13,17﹣22
臺中市北屯區第0951投開票所,水湳聖德蘭天主教堂,臺中市北屯區水湳里７鄰中清路二段１０,５號,水湳里7﹣11,23
臺中市北區第0952投開票所,靈聖宮臺中市北區中正里３鄰原子街１２號中正里全里
臺中市北區第0953投開票所,保安宮,臺中市北區六合里１４鄰成功路４３０巷,２１號,六合里全里
臺中市北區第0954投開票所,景聖宮臺中市北區光大里６鄰英士路３１號光大里1﹣9,17,18
臺中市北區第0955投開票所,圓覺院,臺中市北區光大里１２鄰中清路１段９６,號,光大里10﹣16,19,20
臺中市北區第0956投開票所,文莊里活動中心臺中市北區文莊里２２鄰日興街２００號文莊里18﹣24
臺中市北區第0957投開票所,篤行教會1樓副堂臺中市北區文莊里１１鄰文化街６９號文莊里1,2,5﹣9,11,16
臺中市北區第0958投開票所,天主堂內側活動教室,臺中市北區文莊里１３鄰中清路１段３７,號,文莊里3,4,10,12﹣15,17
臺中市北區第0959投開票所,太平國小(一)臺中市北區錦平里１６鄰太平路７４號大湖里1﹣8
臺中市北區第0960投開票所,太平國小(二)臺中市北區錦平里１６鄰太平路７４號大湖里9﹣19
臺中市北區第0961投開票所,五權國中(一)臺中市北區五常里１０鄰英才路１號五常里全里
臺中市北區第0962投開票所,太平國小(三)臺中市北區錦平里１６鄰太平路７４號錦平里1﹣9,13
臺中市北區第0963投開票所,太平國小(四)臺中市北區錦平里１６鄰太平路７４號錦平里10﹣12,14﹣21
臺中市北區第0964投開票所,福德堂1樓臺中市北區新北里１６鄰育才北路３５號新北里1﹣3,15﹣21
臺中市北區第0965投開票所,國立臺中第一高級中,學科學館門廳,臺中市北區新北里１４鄰育才街２號新北里4﹣14
臺中市北區第0966投開票所,基督教思恩堂臺中市北區新興里３鄰雙十路１段７９號新興里3,6﹣8,14﹣21
臺中市北區第0967投開票所,興中社區1樓中庭廣,場,臺中市北區新興里４鄰三民路３段８９巷,內,新興里1,2,4,5,9﹣13
臺中市北區第0968投開票所,莒光新城管理站臺中市北區樂英里１５鄰錦中街１０５號樂英里1﹣14
臺中市北區第0969投開票所,樂英社區照顧關懷據,點(莒光新城),臺中市北區樂英里１５鄰錦中街１０５－,１號,樂英里15﹣28
臺中市北區第0970投開票所,作新幼兒園臺中市北區錦村里９鄰自強一街５３號錦村里1﹣9,11﹣13,15,19,28﹣31
臺中市北區第0971投開票所,三陽堂,臺中市北區錦村里２０鄰自強街４５巷２,０號,錦村里10,14,16﹣18,20﹣27
臺中市北區第0972投開票所,建成福德祠活動中心,臺中市北區建成里１３鄰天祥街２６５－,１號,建成里1﹣5,10﹣16
臺中市北區第0973投開票所,東光三期A區會客室,臺中市北區建成里１７鄰東成三街２９６,號,建成里6﹣9,17﹣23
臺中市北區第0974投開票所,東光路346號倉庫臺中市北區建成里２５鄰東光路３４６號建成里24﹣33
臺中市北區第0975投開票所,興進路78號倉庫臺中市北區建德里１鄰興進路７８號建德里11,14﹣25
臺中市北區第0976投開票所,建德里舊活動中心臺中市北區建德里１１鄰國瑞街６３號旁建德里1﹣10,12,13
臺中市北區第0977投開票所,國泰街72號空屋臺中市北區錦洲里２１鄰國泰街７２號錦洲里,1,2,7﹣10,14,17﹣,19,21,23,25
臺中市北區第0978投開票所,天壹監察宮,臺中市北區錦洲里１３鄰富強街１１７巷,１７號,錦洲里,3﹣6,11﹣,13,15,16,20,22,24
臺中市北區第0979投開票所,錦祥街17號倉庫臺中市北區錦祥里２８鄰錦祥街１７號錦祥里18﹣30
臺中市北區第0980投開票所,宏總大地圖書室,臺中市北區錦祥里３鄰進化路６２３號(育,強街與德化街口),錦祥里1﹣17
臺中市北區第0981投開票所,臺中市私立巴比倫幼,兒園,臺中市北區金華里１０鄰雙十路２段４０,巷６號,金華里1﹣11
臺中市北區第0982投開票所,金華里活動中心,臺中市北區金華里１０鄰雙十路２段４０,巷１０－１號,金華里12﹣18
臺中市北區第0983投開票所,三聖宮廣場,臺中市北區金龍里１鄰衛道路３５巷６弄,口,金龍里,1,2,4,5,8,10,11,14﹣,16,18
臺中市北區第0984投開票所,省三國小(一),臺中市北區建興里１０鄰崇德路１段１０,７號,金龍里,3,6,7,9,12,13,17,28,29,,32,33
臺中市北區第0985投開票所,新民高中第4教學大,樓1樓大廳,臺中市北區金龍里２５鄰三民路３段２８,９號(由金龍街大門入),金龍里19﹣27,30,31
臺中市北區第0986投開票所,省三國小(二),臺中市北區建興里１０鄰崇德路１段１０,７號,邱厝里1,3﹣12
臺中市北區第0987投開票所,五權國中(二)臺中市北區五常里１０鄰英才路１號邱厝里2,13﹣19
臺中市北區第0988投開票所,環眾花與綠大廈1樓,臺中市北區建興里２２鄰崇德路１段２５,６巷２號,建興里1﹣4,8,21,22,35
臺中市北區第0989投開票所,省三國小(三),臺中市北區建興里１０鄰崇德路１段１０,７號,建興里5﹣7,23﹣25,33
臺中市北區第0990投開票所,省三國小(四),臺中市北區建興里１０鄰崇德路１段１０,７號,建興里9,12,18﹣20,27,31,32
臺中市北區第0991投開票所,省三國小(五),臺中市北區建興里１０鄰崇德路１段１０,７號,建興里11,15﹣17,29,30,36﹣37
臺中市北區第0992投開票所,省三國小(六),臺中市北區建興里１０鄰崇德路１段１０,７號,建興里10,13,14,26,28,34
臺中市北區第0993投開票所,行聖宮臺中市北區頂厝里１鄰衛道路２０８號頂厝里1﹣4,17
臺中市北區第0994投開票所,頂厝里活動中心臺中市北區頂厝里５鄰北興街２６３號頂厝里5﹣11
臺中市北區第0995投開票所,北區區公所1樓臺中市北區賴厝里１鄰永興街３０１號頂厝里12﹣16
臺中市北區第0996投開票所,太原路與榮華街口空,地,臺中市北區崇德里６鄰太原路與榮華街口崇德里1,2,3,7﹣12
臺中市北區第0997投開票所,古早厝小吃店,臺中市北區崇德里１５鄰榮華街２１２號,旁,崇德里4﹣6,13﹣18
臺中市北區第0998投開票所,賴厝國小(一),臺中市北區賴厝里１０鄰漢口路４段１６,８號,賴厝里1﹣4
臺中市北區第0999投開票所,賴厝國小(二),臺中市北區賴厝里１０鄰漢口路４段１６,８號,賴厝里5﹣12
臺中市北區第1000投開票所,賴厝國小(三),臺中市北區賴厝里１０鄰漢口路４段１６,８號,賴厝里13﹣20
臺中市北區第1001投開票所,衛道新世界活動中心臺中市北區賴福里１鄰衛道一街５號賴福里1﹣5,18﹣25
臺中市北區第1002投開票所,賴厝部福德祠,臺中市北區賴福里７鄰進化北路３９６號,旁,賴福里6﹣17
臺中市北區第1003投開票所,賴興里活動中心3樓,臺中市北區賴興里３鄰山西路２段１２５,號３樓,賴興里1﹣4,7,9﹣11
臺中市北區第1004投開票所,蘇富比會議室臺中市北區賴興里２０鄰永定一街２４號賴興里14﹣16,18﹣21
臺中市北區第1005投開票所,文心園邸閱覽室,臺中市北區賴興里６鄰梅川西路４段２３,２號,賴興里5,6,8,12,13,17,22
臺中市北區第1006投開票所,賴興里活動中心4樓,第1會議室,臺中市北區賴興里３鄰山西路２段１２５,號４樓,賴旺里19﹣27
臺中市北區第1007投開票所,賴興里活動中心3樓,穿堂,臺中市北區賴興里３鄰山西路２段１２５,號３樓,賴旺里5﹣12,17,18
臺中市北區第1008投開票所,泉興福德祠,臺中市北區賴旺里２鄰中清路１段８８０,巷６弄２號,賴旺里1﹣4,13﹣16,28
臺中市北區第1009投開票所,天津幼兒園1樓教室,臺中市北區梅川里３鄰天津路２段１９２,號,賴明里1,3,4,7,14,15,18
臺中市北區第1010投開票所,曉明女中高1甲教室,臺中市北區賴明里６鄰中清路１段６０６,號,賴明里2,5,6,11,16,19
臺中市北區第1011投開票所,賴厝國小(四),臺中市北區賴厝里１０鄰漢口路４段１６,８號,賴明里8﹣10,12,13,17
臺中市北區第1012投開票所,台中福音基督教會,臺中市北區梅川里３鄰文昌東二街１４３,號,梅川里1﹣6
臺中市北區第1013投開票所,賴厝國小(五),臺中市北區賴厝里１０鄰漢口路４段１６,８號,梅川里7﹣12
臺中市北區第1014投開票所,元保宮會議室,臺中市北區賴村里１鄰梅川西路３段１０,９號,賴村里1﹣8,11,14,16,23,28
臺中市北區第1015投開票所,元保宮(賴村里老人,活動中心),臺中市北區賴村里１鄰梅川西路３段１１,１號,賴村里9,10,13,17﹣22
臺中市北區第1016投開票所,勝美學社區閱覽室臺中市北區賴村里２９鄰學士路２６９號賴村里12,15,24﹣27,29
臺中市北區第1017投開票所,健行國小(一)臺中市北區健行里３５鄰健行路６６６號育德里12﹣14,17﹣25
臺中市北區第1018投開票所,賴村育德福德功德會,活動中心,臺中市北區育德里１５鄰健行路６０３號育德里1﹣11,15,16
臺中市北區第1019投開票所,健行國小(二)臺中市北區健行里３５鄰健行路６６６號淡溝里1﹣4,8﹣12,31
臺中市北區第1020投開票所,婦幼館4樓大會議室臺中市北區中達里５鄰民權路４００號淡溝里5﹣7,13﹣18,21,22
臺中市北區第1021投開票所,消防局第七大隊中港,分隊,臺中市北區淡溝里３０鄰臺灣大道２段３,５０號,淡溝里19,20,23﹣30
臺中市北區第1022投開票所,乾溝子活動中心1樓,臺中市北區健行里１鄰西屯路１段２９９,號,健行里1﹣5,8﹣10
臺中市北區第1023投開票所,華富街97號空屋臺中市北區健行里７鄰華富街９７號健行里6,7,11﹣18
臺中市北區第1024投開票所,私立德化愛彌兒幼兒,園,臺中市北區健行里２２鄰德化街５６２號健行里19﹣29
臺中市北區第1025投開票所,健行國小(三)臺中市北區健行里３５鄰健行路６６６號健行里30﹣38
臺中市北區第1026投開票所,中華國小(一)臺中市北區明德里９鄰漢口路３段２號明德里1﹣7,11﹣13,15﹣17
臺中市北區第1027投開票所,中華國小(二)臺中市北區明德里９鄰漢口路３段２號明德里8﹣10,18﹣21,26﹣28
臺中市北區第1028投開票所,中華國小(三)臺中市北區明德里９鄰漢口路３段２號明德里14,22﹣25,29﹣33
臺中市北區第1029投開票所,匯豐財經大樓1樓穿,堂,臺中市北區明新里１１鄰中清路１段４４,７號,明新里1﹣3,8﹣13
臺中市北區第1030投開票所,台中凱歌堂臺中市北區明新里６鄰忠太東路１１４號明新里4﹣7,14﹣19
臺中市北區第1031投開票所,立人國小(一),臺中市北區長青里１８鄰北平路１段６０,號,長青里19﹣24,26
臺中市北區第1032投開票所,立人國小(二),臺中市北區長青里１８鄰北平路１段６０,號,長青里5﹣8,17,18
臺中市北區第1033投開票所,中華國小(四)臺中市北區明德里９鄰漢口路３段２號長青里9﹣12,15,16
臺中市北區第1034投開票所,長青里活動中心1樓臺中市北區長青里３鄰陜西路６６號長青里1﹣4,13,14,25
臺中市北區第1035投開票所,立人國小(三),臺中市北區長青里１８鄰北平路１段６０,號,立人里1﹣13
臺中市北區第1036投開票所,立人國小(四),臺中市北區長青里１８鄰北平路１段６０,號,立人里14﹣23
臺中市北區第1037投開票所,篤行國小(一)臺中市北區中達里４鄰篤行路３２１號中達里1﹣11
臺中市北區第1038投開票所,篤行國小(二)臺中市北區中達里４鄰篤行路３２１號中達里12﹣20
臺中市中區第1039投開票所,綠川里、繼光里、公,園里、光復里聯合活,動中心,臺中市中區綠川里１２鄰成功路２７號綠川里20﹣30
臺中市中區第1040投開票所,幸天宮,臺中市中區綠川里１０鄰建國路１５９巷,２５號,綠川里1﹣19
臺中市中區第1041投開票所,臺灣電力公司臺中區,營業處,臺中市中區公園里８鄰自由路２段８６號,１樓營業廳,繼光里全里
臺中市中區第1042投開票所,光復國小愛心媽媽研,習室(一),臺中市中區大墩里２８鄰三民路２段１４,８號,公園里全里
臺中市中區第1043投開票所,光復國小資源班(二),臺中市中區大墩里２８鄰三民路２段１４,８號,光復里1﹣19
臺中市中區第1044投開票所,光復國小圖書室(三),臺中市中區大墩里２８鄰三民路２段１４,８號,光復里20﹣36
臺中市中區第1045投開票所,六角樓廣場(第二市,場內),臺中市中區大墩里１３鄰三民路２段８７,號,大墩里1﹣10,13﹣17
臺中市中區第1046投開票所,光復國小工作會報室,(四),臺中市中區大墩里２８鄰三民路２段１４,８號,大墩里11﹣12,18﹣32
臺中市中區第1047投開票所,大墩里、柳川里、大,誠里、中華里聯合活,動中心,臺中市中區柳川里１１鄰興中街８８號柳川里1﹣14
臺中市中區第1048投開票所,中區公所老人休閒中,心,臺中市中區柳川里１２鄰興中街８２號１,樓,柳川里15﹣28
臺中市中區第1049投開票所,慈光圖書館,臺中市中區大誠里１鄰柳川西路３段１２,號,大誠里1﹣15
臺中市中區第1050投開票所,光明寺臺中市中區大誠里２２鄰光復路１５２號大誠里16﹣32
臺中市中區第1051投開票所,順天宮輔順將軍廟貴,賓室,臺中市中區中華里１５鄰中山路３２８號中華里全里
臺中市西區第1052投開票所,忠孝國小綜合教室,臺中市西區三民里３鄰三民路１段１７１,號,三民里1﹣10
臺中市西區第1053投開票所,忠孝國小智資6教室,臺中市西區三民里３鄰三民路１段１７１,號,三民里11﹣16
臺中市西區第1054投開票所,國立臺中教育大學,M104教室,臺中市西區平和里１４鄰民生路１４０號平和里1﹣10
臺中市西區第1055投開票所,國立臺中教育大學,M105教室,臺中市西區平和里１４鄰民生路１４０號平和里11﹣22
臺中市西區第1056投開票所,大同國小會議室,臺中市西區民生里２５鄰自由路１段１３,８號,利民里全里
臺中市西區第1057投開票所,忠信國小101教室臺中市西區公民里１３鄰林森路１５５號公民里1﹣10
臺中市西區第1058投開票所,忠信國小102教室臺中市西區公民里１３鄰林森路１５５號公民里11﹣20
臺中市西區第1059投開票所,忠信國小專科教室一臺中市西區公民里１３鄰林森路１５５號公民里21﹣30
臺中市西區第1060投開票所,忠孝國小1年1班教室,臺中市西區三民里３鄰三民路１段１７１,號,廣民里全里
臺中市西區第1061投開票所,忠孝國小1年4班教室,臺中市西區三民里３鄰三民路１段１７１,號,東昇里1﹣10
臺中市西區第1062投開票所,忠孝國小1年9班教室,臺中市西區三民里３鄰三民路１段１７１,號,東昇里11﹣20
臺中市西區第1063投開票所,居仁國中A105教室臺中市西區民生里７鄰自由路１段９７號民生里1﹣10
臺中市西區第1064投開票所,居仁國中B104教室臺中市西區民生里７鄰自由路１段９７號民生里11﹣25
臺中市西區第1065投開票所,世界紅卍字會台中分,會,臺中市西區藍興里５鄰大全街１２６號藍興里3,6﹣10,12,13,25
臺中市西區第1066投開票所,光明國中語文資源教,室,臺中市西區利民里１１鄰自由路１段７５,號,藍興里4,14﹣24
臺中市西區第1067投開票所,臺灣基督長老教會臺,中三一教會,臺中市西區藍興里１０鄰大全街１５８號藍興里1,2,5,11,26
臺中市西區第1068投開票所,大覺院,臺中市西區公舘里２０鄰柳川西路２段４,７號,公舘里,1﹣,3,10,20,24,28,29,33,35
臺中市西區第1069投開票所,公舘里福德祠活動中,心,臺中市西區公舘里２１鄰柳川西路２段１,１號,公舘里,4,5,12,15,16,18,19,27,3,6
臺中市西區第1070投開票所,奉順宮臺中市西區公舘里１０鄰三民西路５６號公舘里,8,9,11,13,14,22,23,31,3,2,34
臺中市西區第1071投開票所,美村老人活動中心,臺中市西區吉龍里２７鄰五權西四街２０,２號,公舘里6,7,17,21,25,26,30
臺中市西區第1072投開票所,私立幼采幼兒園,臺中市西區和龍里１５鄰篤信街４３巷７,號,和龍里1,2,8,10﹣15
臺中市西區第1073投開票所,民德堂,臺中市西區和龍里７鄰篤行路１４６巷１,３號,和龍里3﹣7,9,16﹣22
臺中市西區第1074投開票所,倉庫臺中市西區民龍里１８鄰大仁街４７號民龍里1,4,7﹣13,16﹣20,23﹣25
臺中市西區第1075投開票所,中正國小課後照顧教,室(126教室),臺中市西區民龍里１４鄰英才路４２３號民龍里2,3,5,6,14,15,21,22
臺中市西區第1076投開票所,忠信國小忠信堂臺中市西區公民里１３鄰林森路１５５號安龍里1,7﹣12,14,17﹣21
臺中市西區第1077投開票所,臺中教育大學英才校,區R205教室,臺中市西區安龍里３鄰民生路２２５巷２,號,安龍里2﹣6,13,15,16,22,23
臺中市西區第1078投開票所,大勇國小1年1班教室,臺中市西區吉龍里２５鄰忠明南路５１５,號,吉龍里1﹣13
臺中市西區第1079投開票所,大勇國小1年5班教室,臺中市西區吉龍里２５鄰忠明南路５１５,號,吉龍里14﹣19
臺中市西區第1080投開票所,大勇國小1年9班教室,臺中市西區吉龍里２５鄰忠明南路５１５,號,吉龍里20﹣23
臺中市西區第1081投開票所,大勇國小1年12班教,室,臺中市西區吉龍里２５鄰忠明南路５１５,號,吉龍里24﹣28
臺中市西區第1082投開票所,臺中市婦幼聯合活動,中心,臺中市西區後龍里２３鄰梅川東路１段９,１號,後龍里4,5,8,16,19﹣31
臺中市西區第1083投開票所,向上教會臺中市西區後龍里１８鄰民生北路９１號後龍里1﹣3,6,7,9﹣15,17,18
臺中市西區第1084投開票所,向上國中A103教室,臺中市西區昇平里１０鄰美村路１段３８,９號,土庫里1,2,11﹣13,28,30
臺中市西區第1085投開票所,臺中市青少年福利服,務中心,臺中市西區土庫里２５鄰五權三街２００,號,土庫里3﹣5,16﹣23,25,29,31
臺中市西區第1086投開票所,大勇國小6年14教室,臺中市西區吉龍里２５鄰忠明南路５１５,號,土庫里6﹣10,14,15,24,26,27
臺中市西區第1087投開票所,聖臺宮臺中市西區大忠里５鄰大忠南街５２號大忠里1﹣5
臺中市西區第1088投開票所,宅旁車庫臺中市西區大忠里８鄰大忠南街９１號大忠里6﹣10
臺中市西區第1089投開票所,德順宮,臺中市西區大忠里１４鄰南屯路１段２３,０號,大忠里11﹣17
臺中市西區第1090投開票所,中正國小課後照顧教,室(127教室),臺中市西區民龍里１４鄰英才路４２３號双龍里1﹣12
臺中市西區第1091投開票所,中正國小課後照顧教,室(128教室),臺中市西區民龍里１４鄰英才路４２３號双龍里13﹣26
臺中市西區第1092投開票所,向上國中A105教室,臺中市西區昇平里１０鄰美村路１段３８,９號,昇平里6,25﹣30
臺中市西區第1093投開票所,向上國中C101教室,臺中市西區昇平里１０鄰美村路１段３８,９號,昇平里5,8,9,11﹣17
臺中市西區第1094投開票所,向上國中C103教室,臺中市西區昇平里１０鄰美村路１段３８,９號,昇平里18﹣20,32﹣34
臺中市西區第1095投開票所,昇平老人文康中心臺中市西區昇平里１０鄰昇平街５１號昇平里1﹣4,7,10,21﹣24,31
臺中市西區第1096投開票所,宅前車庫臺中市西區中興里４鄰向上北路１５０號中興里5,15﹣24
臺中市西區第1097投開票所,三元寺,臺中市西區中興里１鄰向上路１段１２８,之１號,中興里1﹣4,6﹣14,25
臺中市西區第1098投開票所,臺中市立忠明高級中,學A111教室,臺中市西區忠明里２３鄰博館路１６６號忠明里11﹣15,22﹣24
臺中市西區第1099投開票所,忠明公園忠明里活動,中心,臺中市西區忠明里２５鄰長春街２９號忠明里1,3,9,19﹣21,27﹣30
臺中市西區第1100投開票所,第一老人休閒中心臺中市西區忠明里２５鄰長春街２７號忠明里2,4﹣8,10,16﹣18,25,26
臺中市西區第1101投開票所,西區圖書館臺中市西區公正里３鄰精誠路２５６號公正里1﹣6
臺中市西區第1102投開票所,宅旁倉庫,臺中市西區公正里９鄰大同街２１０巷１,８號左側,公正里7,9﹣11
臺中市西區第1103投開票所,公正里守望相助隊隊,部,臺中市西區公正里１８鄰向上路１段５７,７號,公正里8,12﹣15,18
臺中市西區第1104投開票所,東興福德廟臺中市西區公正里２０鄰大進街１５３號公正里16,17,19,20
臺中市西區第1105投開票所,東興國小英語教室臺中市南屯區大業里１鄰大隆路７１號公平里1﹣8
臺中市西區第1106投開票所,東興國小2年1班教室臺中市南屯區大業里１鄰大隆路７１號公平里9﹣15
臺中市西區第1107投開票所,東興國小2年3班教室臺中市南屯區大業里１鄰大隆路７１號公平里16﹣21
臺中市西區第1108投開票所,聖明宮三官廟臺中市西區公德里１鄰大忠街１１２號公德里1﹣4,13﹣15
臺中市西區第1109投開票所,大益活動中心羽球室,臺中市西區公德里１７鄰精誠２３街３０,號３樓,公德里5﹣8,16﹣18
臺中市西區第1110投開票所,大益活動中心桌球室,臺中市西區公德里１７鄰精誠２３街３０,號３樓,公德里9﹣12,19,20
臺中市西區第1111投開票所,公正福德祠,臺中市西區公益里１０鄰公正路２１０巷,１號,公益里7,8,10﹣12,16﹣19
臺中市西區第1112投開票所,宅前車庫,臺中市西區公益里１４鄰向上北路２６２,巷１３號,公益里1﹣6,9,13﹣15,20
臺中市西區第1113投開票所,忠明國小本土語言教,室(一),臺中市西區忠誠里１１鄰臺灣大道２段５,５６號,忠誠里1﹣10
臺中市西區第1114投開票所,忠明國小自然教室,(二),臺中市西區忠誠里１１鄰臺灣大道２段５,５６號,忠誠里11﹣14,18﹣22
臺中市西區第1115投開票所,忠明國小樂活教室,(一),臺中市西區忠誠里１１鄰臺灣大道２段５,５６號,忠誠里23﹣26,28,29,33
臺中市西區第1116投開票所,忠誠活動中心,臺中市西區忠誠里１７鄰華美西街１段２,０３號之１,忠誠里15﹣17,27,30﹣32
臺中市東區第1117投開票所,臺中市東區戶政事務,所,臺中市東區新庄里１５鄰和平街６１號新庄里1﹣4,6﹣8,12﹣16
臺中市東區第1118投開票所,臺中家商修齊樓1樓,貿﹣1教室,臺中市東區新庄里１３鄰和平街５０號新庄里5,9﹣11,17﹣19,21,26﹣29
臺中市東區第1119投開票所,新福宮(三府王爺廟),臺中市東區新庄里２３鄰和平街２２８巷,１號,新庄里20,22﹣25,30﹣33
臺中市東區第1120投開票所,臺中國小勤學樓1樓,社區教室,臺中市東區振興里１５鄰台中路１５３號振興里1,3﹣4,14﹣21,29
臺中市東區第1121投開票所,振興里活動中心,臺中市東區振興里５鄰信義街１４２之１,號,振興里2,5﹣13
臺中市東區第1122投開票所,福成宮,臺中市東區振興里２６鄰振興路９２巷１,５號,振興里22﹣28,30﹣31
臺中市東區第1123投開票所,大智國小6年1班教室臺中市東區東橋里１７鄰大智路３５９號東橋里1﹣9
臺中市東區第1124投開票所,大智國小2年4班教室臺中市東區東橋里１７鄰大智路３５９號東橋里10﹣18
臺中市東區第1125投開票所,大智國小綜合D教室臺中市東區東橋里１７鄰大智路３５９號東橋里19﹣26
臺中市東區第1126投開票所,東峰國中北辰樓1樓,英語情境教室,臺中市東區東興里１７鄰仁和路３３０號東興里1﹣4,13﹣14,17﹣21
臺中市東區第1127投開票所,東區圖書館臺中市東區東興里１０鄰建德街１４４號東興里5﹣12,15﹣16,22
臺中市東區第1128投開票所,樂業國小樂學樓1年1,班,臺中市東區泉源里１５鄰樂業路６０號泉源里1﹣10
臺中市東區第1129投開票所,樂業國小樂學樓樂活,運動站B,臺中市東區泉源里１５鄰樂業路６０號泉源里11﹣19
臺中市東區第1130投開票所,進德國小導師辦公室臺中市東區東勢里２３鄰進化路１３５號干城里1﹣10
臺中市東區第1131投開票所,東京市銀座區大樓管,理室旁川堂,臺中市東區干城里２１鄰自由路三段１０,號,干城里11﹣21
臺中市東區第1132投開票所,旱溪福德祠臺中市東區旱溪里６鄰自由路四段９８號旱溪里1﹣6,8﹣11
臺中市東區第1133投開票所,國農宮,臺中市東區旱溪里１３鄰十甲路２６巷６,號,旱溪里7,12﹣20
臺中市東區第1134投開票所,成功國小1年1班教室,臺中市東區樂成里７鄰旱溪西路一段３０,０號,樂成里1﹣10
臺中市東區第1135投開票所,成功國小1年3班教室,臺中市東區樂成里７鄰旱溪西路一段３０,０號,樂成里11﹣16
臺中市東區第1136投開票所,天乙宮老人會臺中市東區東門里１７鄰天乙街５０號東門里1﹣2,4﹣5,16,23
臺中市東區第1137投開票所,天乙宮辦公室臺中市東區東門里１７鄰天乙街５０號東門里12,13,21﹣22,24﹣26
臺中市東區第1138投開票所,瑞光幼兒園臺中市東區東門里１１鄰建德街３８７號東門里6﹣8,10,11,15,19
臺中市東區第1139投開票所,東門福德祠活動中心臺中市東區東門里１８鄰天乙街３６號東門里3,9,14,17﹣18,20
臺中市東區第1140投開票所,東宮巨星大樓交誼廳,臺中市東區十甲里５鄰東英１５街２６０,巷１３號,十甲里1﹣3,5﹣6,8,11
臺中市東區第1141投開票所,十甲福德宮臺中市東區十甲里１２鄰東英８街６３號十甲里4,7,9,12,16
臺中市東區第1142投開票所,一心福德宮,臺中市東區十甲里１０鄰一心街３７２號,對面(一心街與樂業路口),十甲里10,13﹣15
臺中市東區第1143投開票所,地球村幼兒園,臺中市東區東英里２鄰東英１５街１５５,號,東英里1﹣2,5,19,21﹣22
臺中市東區第1144投開票所,富甲干城A區會議室,臺中市東區東英里１３鄰東英１１街９１,號,東英里3﹣4,6,8,10,11,13
臺中市東區第1145投開票所,久順汽車修配廠臺中市東區東英里１６鄰東英路５０２號東英里7,9,14,16,18,24
臺中市東區第1146投開票所,私立常春藤幼兒園臺中市東區東英里１７鄰龍安街６９號東英里12,15,17,20,23
臺中市東區第1147投開票所,進德國小活動中心臺中市東區東勢里２３鄰進化路１３５號東南里1﹣2,5,13,19﹣21,23
臺中市東區第1148投開票所,瑩久龍門大樓會議室,臺中市東區東南里２２鄰旱溪西路一段５,３８、５３９號,東南里3﹣4,9,10,15﹣17,22
臺中市東區第1149投開票所,晉封威靈公都城隍廟,臺中市東區東南里１４鄰十甲路１３巷２,號,東南里6﹣8,11﹣12,14,18
臺中市東區第1150投開票所,力行國小行善樓專科,14教室,臺中市東區東勢里１７鄰進化路２２３號東勢里1﹣17
臺中市東區第1151投開票所,進德國小附設幼兒園,浣熊班,臺中市東區東勢里２３鄰進化路１３５號東勢里18﹣27
臺中市東區第1152投開票所,衛道堂幼兒園臺中市東區合作里１７鄰力行路６９號合作里1﹣13,20﹣21,24﹣25
臺中市東區第1153投開票所,力行國小行善樓資源,班1,臺中市東區東勢里１７鄰進化路２２３號合作里14﹣19,22﹣23
臺中市東區第1154投開票所,力行國小親師樓5年1,班教室,臺中市東區東勢里１７鄰進化路２２３號合作里26﹣31
臺中市東區第1155投開票所,練武退員宿舍中山室臺中市東區富仁里１３鄰富台街１號富仁里1﹣2,7﹣9,11﹣17
臺中市東區第1156投開票所,進德國小健康中心臺中市東區東勢里２３鄰進化路１３５號富仁里3﹣6
臺中市東區第1157投開票所,青龍宮會議室,臺中市東區富仁里３１鄰復興路五段１０,３巷１６號,富仁里10,18﹣33
臺中市東區第1158投開票所,富台社區管理站,臺中市東區富台里７鄰練武路２２９巷４,號１樓之４,富台里1﹣7
臺中市東區第1159投開票所,富台社區臨時活動中,心,臺中市東區富仁里７鄰富台街３之１號富台里8﹣19
臺中市東區第1160投開票所,土牛萬善堂,臺中市東區東信里１鄰樂業路４３２之１,號,東信里1﹣2,9﹣11,27,30﹣31
臺中市東區第1161投開票所,生法寺,臺中市東區東信里８鄰振興路４３７巷５,７號,東信里3,8,12﹣13,16,21,26,28
臺中市東區第1162投開票所,東信福德祠臺中市東區東信里３２鄰長福路１號東信里22,33﹣34
臺中市東區第1163投開票所,天皇宮,臺中市東區東信里６鄰振興路２８０巷３,０號,東信里4,6﹣7,14,23﹣25,32
臺中市東區第1164投開票所,福興祠,臺中市東區東信里１８鄰環中東路五段１,２２號,東信里5,15,17﹣20,29
臺中市南區第1165投開票所,長春閱覽室臺中市南區長春里合作街６號長春里1﹣13,15,20,22﹣24
臺中市南區第1166投開票所,萬安聯合集會所臺中市南區長春里愛國街８０號長春里14,16﹣19,21,25﹣30
臺中市南區第1167投開票所,臺中市林氏宗廟臺中市南區長榮里國光路５５號長榮里1﹣12,14,15,17﹣20
臺中市南區第1168投開票所,醒修宮宣講堂臺中市南區長榮里國光路９４號長榮里13,16,21﹣28
臺中市南區第1169投開票所,城隍廟臺中市南區城隍里合作街９４巷５０號城隍里,1﹣4,6,8,10,12,14,16,20﹣,31,33
臺中市南區第1170投開票所,城隍里福德祠臺中市南區城隍里建成路１４７０－１號城隍里,5,7,9,11,13,15,17﹣,19,32,34﹣42
臺中市南區第1171投開票所,國光國小一年一班臺中市南區國光里國光路２６１號國光里,7﹣13,15,18﹣,22,25,26,29,32﹣35
臺中市南區第1172投開票所,國光國小快樂教室臺中市南區國光里國光路２６１號國光里,1﹣,6,14,16,17,23,24,27,28,,30,31,36,37
臺中市南區第1173投開票所,慈光圖書館附設瑞光,分館,臺中市南區南門里瑞光街９號南門里1﹣17
臺中市南區第1174投開票所,南門里活動中心臺中市南區南門里瑞光街３３號南門里18﹣34
臺中市南區第1175投開票所,中興活動中心臺中市南區德義里復新街８９號德義里5﹣10,15﹣17,20,21,23,24
臺中市南區第1176投開票所,中興活動中心地下1,樓禮堂,臺中市南區德義里復新街８９號德義里1﹣4,11﹣14,18,19,22,25
臺中市南區第1177投開票所,積善里福德祠臺中市南區積善里興大路２０２號積善里1﹣8,10,12﹣16,26
臺中市南區第1178投開票所,衛斯理托兒所臺中市南區積善里五權南一路５０號積善里9,11,17﹣25
臺中市南區第1179投開票所,江氏祠堂臺中市南區江川里永和街１５９號江川里1,2,5,8,9,11,13﹣18
臺中市南區第1180投開票所,心心幼兒園臺中市南區江川里學府路１２１號江川里3,4,6,7,10,12,19﹣21
臺中市南區第1181投開票所,新榮里活動中心臺中市南區新榮里新華街１６８號新榮里1﹣7,9﹣13,15﹣17
臺中市南區第1182投開票所,賺錢時代廣場1樓臺中市南區新榮里學府路１７０號１樓新榮里8,14,18﹣28
臺中市南區第1183投開票所,福興里活動中心臺中市南區福興里福南街８９號福興里1﹣14
臺中市南區第1184投開票所,福興宮臺中市南區福興里福南街１００巷２號福興里15﹣27
臺中市南區第1185投開票所,四育國中四育館臺中市南區福平里復興路二段１５２號福平里1﹣10,32
臺中市南區第1186投開票所,福平里活動中心臺中市南區福平里復興路二段１５８號福平里11﹣22,31
臺中市南區第1187投開票所,四育國中樹人館臺中市南區福平里復興路二段１５２號福平里23﹣30,33
臺中市南區第1188投開票所,福順里集會所臺中市南區福順里福德街１５７號福順里15﹣23
臺中市南區第1189投開票所,西雅圖幼兒園臺中市南區福順里南昌街５５號福順里1﹣3,7﹣9,12﹣14
臺中市南區第1190投開票所,大安國王大樓管理室臺中市南區福順里忠明南路７８７號福順里4﹣6,10,11,24﹣26
臺中市南區第1191投開票所,和平國小一年三班臺中市南區和平里復興路二段５７號和平里1﹣8,10,11
臺中市南區第1192投開票所,和平國小一年四班臺中市南區和平里復興路二段５７號和平里9,12﹣16
臺中市南區第1193投開票所,信義國小語言教室臺中市南區平和里五權南路３２５號平和里,2,4,5﹣7,13,14,17﹣,19,23,24
臺中市南區第1194投開票所,信義國小美勞教室臺中市南區平和里五權南路３２５號平和里1,3,8﹣12,15,16,20﹣22
臺中市南區第1195投開票所,南和里活動中心臺中市南區南和里工學三街２３號南和里1,2,4,9,10,17
臺中市南區第1196投開票所,聖學府大廈交誼廳臺中市南區南和里工學路６０號南和里3,5﹣7,12﹣14
臺中市南區第1197投開票所,長億城香榭區管理室臺中市南區南和里工學北路７１巷６號南和里8,11,15,16
臺中市南區第1198投開票所,寶樹幼兒園臺中市南區永興里美村南路１１０號永興里2,3,9,12﹣14,23,29,32
臺中市南區第1199投開票所,永興宮香客樓活動中,心,臺中市南區永興里工學二街２３６號永興里8,10,11,15,16,21,28,31
臺中市南區第1200投開票所,廣三大帝國會議室(B,哨),臺中市南區永興里工學路５９巷６５號永興里1,4,5,19,20,24,25
臺中市南區第1201投開票所,永興里常年守望相助,隊部,臺中市南區永興里工學二街１４９號與工,學二街１５１巷口,永興里6,7,17,18,22,26,27,30
臺中市南區第1202投開票所,民宅(空屋)臺中市南區永和里南和路１２６號永和里1,3﹣6,13﹣21,23
臺中市南區第1203投開票所,春天幼兒學校蜜蜂班臺中市南區永和里五權南路６６１號永和里2,7﹣12,22,24﹣28
臺中市南區第1204投開票所,樹義國小一年一班臺中市南區樹義里福田路１１號樹義里1﹣5,37﹣40
臺中市南區第1205投開票所,樹義國小一年三班臺中市南區樹義里福田路１１號樹義里,7﹣,9,17,20,27,34,35,45,46
臺中市南區第1206投開票所,匯豐汽車臺中市南區樹義里復興路一段２號樹義里,6,11﹣,13,30,36,41,43,44,48,49
臺中市南區第1207投開票所,福田水資源回收中心,2樓會議室,臺中市南區樹義里福田二街２３號樹義里19,24﹣26,29,31,33,42,47
臺中市南區第1208投開票所,鷗森幼兒園臺中市南區樹義里福田路８８號樹義里10,14﹣16,18,21﹣23,28,32
臺中市南區第1209投開票所,高福哲園大廈會議室臺中市南區工學里文心南十路１９７號工學里1﹣6,14﹣17
臺中市南區第1210投開票所,山育幼兒園臺中市南區工學里大慶街一段６１號工學里7﹣13
臺中市南區第1211投開票所,工學天下社區會議室臺中市南區工學里工學北路１５３號工學里18﹣26
臺中市南區第1212投開票所,林姓壺山祖祠臺中市南區樹德里樹德二巷８號樹德里3﹣6,17,27
臺中市南區第1213投開票所,大慶活動中心臺中市南區樹德里德富路１００號樹德里1,18,23,31,32
臺中市南區第1214投開票所,采禾幼兒園臺中市南區樹德里文心南路５９２巷１號樹德里2,11,19,24,28﹣30
臺中市南區第1215投開票所,民宅(空屋)臺中市南區樹德里大慶街二段８６－４號樹德里7﹣10,12﹣15,25
臺中市南區第1216投開票所,中山幼稚園臺中市南區樹德里建國南路一段１２６號樹德里16,20﹣22,26
臺中市南區第1217投開票所,崇倫國中崇義樓一年,五班,臺中市南區西川里忠明南路６５３號西川里,1,3﹣,7,11,12,14,15,18,21,22
臺中市南區第1218投開票所,崇仁活動中心臺中市南區西川里柳川西路一段５９號西川里,2,8﹣,10,13,16,17,19,20,23
臺中市南區第1219投開票所,崇倫里活動中心臺中市南區崇倫里崇倫街５２－３號崇倫里4,7﹣12,17,19﹣21
臺中市南區第1220投開票所,合興宮臺中市南區崇倫里西川一路６６號崇倫里1﹣3,5,6,24﹣26
臺中市南區第1221投開票所,大安紫金城C、D棟中,庭廣場(靠柳川旁),臺中市南區崇倫里忠明南路７３０巷２３,號,崇倫里13﹣16,18,22,23
臺中市太平區第1222投開票所,太平里活動中心,臺中市太平區太平里８鄰太平１９街７巷,１號,太平里1﹣11,17,18
臺中市太平區第1223投開票所,太平國小(一)臺中市太平區中政里４鄰中興路３５號太平里12,19﹣21,28﹣30
臺中市太平區第1224投開票所,全佑幼兒園,臺中市太平區太平里２６鄰永豐路３２７,巷２之１號,太平里13﹣16,22﹣27
臺中市太平區第1225投開票所,長億里、永成里活動,中心,臺中市太平區永成里３鄰長億路１之１號長億里1﹣7
臺中市太平區第1226投開票所,太平區太平圖書館臺中市太平區長億里１鄰太平３街２０號長億里8﹣12,16
臺中市太平區第1227投開票所,長億高中臺中市太平區長億里１４鄰長億６街１號長億里13﹣15,17
臺中市太平區第1228投開票所,太平區老人活動中心臺中市太平區長億里１鄰太平路１１１號永成里1﹣7
臺中市太平區第1229投開票所,長億國小(一),臺中市太平區長億里１７鄰太平３街２９,５號,永成里8﹣12
臺中市太平區第1230投開票所,長億國小(二),臺中市太平區長億里１７鄰太平３街２９,５號,永成里13﹣17
臺中市太平區第1231投開票所,中平國中(一)臺中市太平區中平里８鄰太平路３００號中平里1,2,6﹣10,12﹣14
臺中市太平區第1232投開票所,中平里、中政里、平,安里活動中心,臺中市太平區中平里３鄰中平九街１８１,號,中平里3﹣5,11,15﹣21
臺中市太平區第1233投開票所,太平國小(二)臺中市太平區中政里４鄰中興路３５號中政里1﹣11
臺中市太平區第1234投開票所,太平國小(三)臺中市太平區中政里４鄰中興路３５號中政里12﹣20
臺中市太平區第1235投開票所,中平國中(二)臺中市太平區中平里８鄰太平路３００號平安里1﹣7
臺中市太平區第1236投開票所,中平國中(三)臺中市太平區中平里８鄰太平路３００號平安里8﹣13
臺中市太平區第1237投開票所,中興里、永平里活動,中心,臺中市太平區中興里４鄰新平路１段１７,５巷２９號,中興里1﹣10
臺中市太平區第1238投開票所,太平國小(四)臺中市太平區中政里４鄰中興路３５號中興里11﹣20
臺中市太平區第1239投開票所,東平國小(一),臺中市太平區成功里６鄰中興東路２１３,號,永平里1﹣9
臺中市太平區第1240投開票所,太平國小(五)臺中市太平區中政里４鄰中興路３５號永平里10﹣20
臺中市太平區第1241投開票所,東平國小(二),臺中市太平區成功里６鄰中興東路２１３,號,東平里1﹣8,11
臺中市太平區第1242投開票所,東平里、成功里、東,和里活動中心,臺中市太平區東平里９鄰中和街３２號東平里9,10,12﹣16
臺中市太平區第1243投開票所,東平國小(三),臺中市太平區成功里６鄰中興東路２１３,號,成功里1﹣7,15
臺中市太平區第1244投開票所,東平國小(四),臺中市太平區成功里６鄰中興東路２１３,號,成功里8﹣14
臺中市太平區第1245投開票所,東平國小(五),臺中市太平區成功里６鄰中興東路２１３,號,東和里1﹣6
臺中市太平區第1246投開票所,東平國小(六),臺中市太平區成功里６鄰中興東路２１３,號,東和里7﹣11
臺中市太平區第1247投開票所,建平國小(一),臺中市太平區建國里１６鄰精美路２０１,號,建國里1﹣10
臺中市太平區第1248投開票所,建平國小(二),臺中市太平區建國里１６鄰精美路２０１,號,建國里11﹣21
臺中市太平區第1249投開票所,建國里、建興里活動,中心,臺中市太平區建國里９鄰精美路３０１巷,２５號,建興里1﹣10
臺中市太平區第1250投開票所,建平國小(三),臺中市太平區建國里１６鄰精美路２０１,號,建興里11﹣20
臺中市太平區第1251投開票所,坪林國小(一)臺中市太平區坪林里８鄰坪林路４５號坪林里1﹣10
臺中市太平區第1252投開票所,太平國中(一),臺中市太平區坪林里１８鄰中山路２段１,１６號,坪林里11﹣18
臺中市太平區第1253投開票所,太平國中(二),臺中市太平區坪林里１８鄰中山路２段１,１６號,大興里1﹣6
臺中市太平區第1254投開票所,屯區藝文中心實驗劇,場(一),臺中市太平區光華里６鄰大興路２０１號大興里7﹣14
臺中市太平區第1255投開票所,坪林里、大興里、勤,益里活動中心,臺中市太平區勤益里１６鄰中山路１段３,５８巷１６號,勤益里1﹣8
臺中市太平區第1256投開票所,坪林國小(二)臺中市太平區坪林里８鄰坪林路４５號勤益里9,12﹣17
臺中市太平區第1257投開票所,黃品盛宅倉庫,臺中市太平區光華里５鄰大興１５街５０,巷３７弄５號,光華里1﹣6
臺中市太平區第1258投開票所,屯區藝文中心實驗劇,場(二),臺中市太平區光華里６鄰大興路２０１號光華里7,8,13﹣16
臺中市太平區第1259投開票所,屯區藝文中心實驗劇,場(三),臺中市太平區光華里５鄰大興路２０１號光華里9﹣12,17﹣19
臺中市太平區第1260投開票所,光華里、光明里活動,中心(一),臺中市太平區光明里３鄰大興１１街１７,７號,光明里1﹣9
臺中市太平區第1261投開票所,光華里、光明里活動,中心(二),臺中市太平區光明里３鄰大興１１街１７,７號,光明里10﹣17
臺中市太平區第1262投開票所,自立新城活動中心,臺中市太平區中山里６鄰中山路２段３９,９巷３弄１號旁,中山里1﹣9
臺中市太平區第1263投開票所,中華國小(一),臺中市太平區中山里１５鄰大源路１之２,０號,中山里10﹣16
臺中市太平區第1264投開票所,中山里、豐年里活動,中心,臺中市太平區豐年里２鄰大源路１０巷４,０號,豐年里1﹣13
臺中市太平區第1265投開票所,中華國小(二),臺中市太平區中山里１５鄰大源路１之２,０號,豐年里14﹣23
臺中市太平區第1266投開票所,宜欣里、宜昌里、宜,佳里活動中心,臺中市太平區宜欣里６鄰宜昌東路１號宜欣里1﹣6
臺中市太平區第1267投開票所,宜欣國小(一),臺中市太平區宜欣里６鄰新平路２段１０,０號,宜欣里7﹣12
臺中市太平區第1268投開票所,宜欣國小(二),臺中市太平區宜欣里６鄰新平路２段１０,０號,宜欣里13﹣19
臺中市太平區第1269投開票所,宜欣國小(三),臺中市太平區宜欣里６鄰新平路２段１０,０號,宜欣里20﹣24
臺中市太平區第1270投開票所,宜欣國小(四),臺中市太平區宜欣里６鄰新平路２段１０,０號,宜佳里1﹣7
臺中市太平區第1271投開票所,宜欣國小(五),臺中市太平區宜欣里６鄰新平路２段１０,０號,宜佳里8﹣15
臺中市太平區第1272投開票所,宜欣國小(六),臺中市太平區宜欣里６鄰新平路２段１０,０號,宜佳里16﹣23
臺中市太平區第1273投開票所,樂后宮長青會館,臺中市太平區宜昌里６鄰中山路３段６７,巷６７號,宜昌里1﹣7,16
臺中市太平區第1274投開票所,宜欣國小(七),臺中市太平區宜欣里６鄰新平路２段１０,０號,宜昌里8﹣15
臺中市太平區第1275投開票所,新坪里、新吉里、新,城里活動中心,臺中市太平區新坪里９鄰新平路３段３９,４巷１號,新坪里1﹣12
臺中市太平區第1276投開票所,新平國小(一),臺中市太平區新坪里２０鄰樹孝路３３６,巷９號,新坪里13﹣18
臺中市太平區第1277投開票所,新平國小(二),臺中市太平區新坪里２０鄰樹孝路３３６,巷９號,新坪里19﹣22,30
臺中市太平區第1278投開票所,新平國小(三),臺中市太平區新坪里２０鄰樹孝路３３６,巷９號,新坪里23﹣29
臺中市太平區第1279投開票所,新平派出所旁車庫,臺中市太平區新吉里７鄰新平路３段７２,號,新吉里1﹣9
臺中市太平區第1280投開票所,新平國小(四),臺中市太平區新坪里２０鄰樹孝路３３６,巷９號,新吉里10﹣17
臺中市太平區第1281投開票所,新平國小(五),臺中市太平區新坪里２０鄰樹孝路３３６,巷９號,新吉里18﹣23
臺中市太平區第1282投開票所,新平國小(六),臺中市太平區新坪里２０鄰樹孝路３３６,巷９號,新城里1﹣7
臺中市太平區第1283投開票所,新平國小(七),臺中市太平區新坪里２０鄰樹孝路３３６,巷９號,新城里8﹣16
臺中市太平區第1284投開票所,新平國小(八),臺中市太平區新坪里２０鄰樹孝路３３６,巷９號,新城里17﹣23
臺中市太平區第1285投開票所,新光里、新高里、新,興里活動中心,臺中市太平區新興里６鄰樹德９街６２號新光里1,2,9﹣12,24
臺中市太平區第1286投開票所,新光國小(一),臺中市太平區新光里１５鄰樹德１街１３,６巷３０號,新光里3﹣8,14
臺中市太平區第1287投開票所,新光國小(二),臺中市太平區新光里１５鄰樹德１街１３,６巷３０號,新光里15﹣19
臺中市太平區第1288投開票所,新光國小(三),臺中市太平區新光里１５鄰樹德１街１３,６巷３０號,新光里13,20﹣23
臺中市太平區第1289投開票所,新光國中(一),臺中市太平區新興里７鄰樹德９街１３９,號,新興里1﹣5
臺中市太平區第1290投開票所,新光國中(二),臺中市太平區新興里７鄰樹德９街１３９,號,新興里6﹣13
臺中市太平區第1291投開票所,好兒美幼兒園臺中市太平區新高里１０鄰立德街７７號新高里1﹣9
臺中市太平區第1292投開票所,立德公園管理室,臺中市太平區新高里１０鄰立德街７２巷,內,新高里10﹣17
臺中市太平區第1293投開票所,新福里活動中心,臺中市太平區新福里５鄰振福路３００巷,１號,新福里1﹣10
臺中市太平區第1294投開票所,新光國小(四),臺中市太平區新光里１５鄰樹德１街１３,６巷３０號,新福里11﹣15
臺中市太平區第1295投開票所,芳鄰名邸社區康樂室臺中市太平區新福里２２鄰振福路９７號新福里16﹣24
臺中市太平區第1296投開票所,頭汴國小臺中市太平區頭汴里７鄰北田路２０號頭汴里全里
臺中市太平區第1297投開票所,聖和里活動中心,臺中市太平區頭汴里２鄰長龍路２段１１,巷１８號,聖和里全里
臺中市太平區第1298投開票所,東汴里活動中心,臺中市太平區東汴里５鄰長龍路３段１３,５號,東汴里全里
臺中市太平區第1299投開票所,冬瓜山活動中心,臺中市太平區興隆里４鄰光興路１４８０,巷７５號,興隆里1﹣8
臺中市太平區第1300投開票所,車籠埔國小(一),臺中市太平區光隆里８鄰光明路１０之２,號,興隆里9﹣17
臺中市太平區第1301投開票所,福隆里活動中心,臺中市太平區福隆里１２鄰光興路１４６,３巷８號,福隆里1﹣4,11﹣14
臺中市太平區第1302投開票所,東方大鎮社區活動中,心,臺中市太平區福隆里１０鄰東方街１４之,１號,福隆里5﹣10,15
臺中市太平區第1303投開票所,黃竹國小臺中市太平區黃竹里５鄰竹村路４１號黃竹里全里
臺中市太平區第1304投開票所,光隆里、永隆里活動,中心,臺中市太平區光隆里３鄰光明路３６之６,號,光隆里1﹣8
臺中市太平區第1305投開票所,車籠埔國小(二),臺中市太平區光隆里８鄰光明路１０之２,號,光隆里9﹣16
臺中市太平區第1306投開票所,光隆國小(一),臺中市太平區永隆里６鄰光興路４８７巷,５號,永隆里1﹣6
臺中市太平區第1307投開票所,光隆國小(二),臺中市太平區永隆里６鄰光興路４８７巷,５號,永隆里7﹣12
臺中市太平區第1308投開票所,廖勝岳宅廠房臺中市太平區德隆里４鄰德明路３７號德隆里1﹣6
臺中市太平區第1309投開票所,德隆里活動中心,臺中市太平區德隆里１６鄰德興街１３６,巷１７８號,德隆里11﹣16
臺中市太平區第1310投開票所,太平德隆新社區活動,中心,臺中市太平區德隆里２０鄰德明路４２２,號,德隆里7﹣10,17﹣21
臺中市大里區第1311投開票所,青年高中(一),臺中市大里區東湖里３０鄰中湖路１００,號,東湖里1,2,17﹣19,23﹣25
臺中市大里區第1312投開票所,青年高中(二),臺中市大里區東湖里３０鄰中湖路１００,號,東湖里26,30﹣33
臺中市大里區第1313投開票所,青年高中(三),臺中市大里區東湖里３０鄰中湖路１００,號,東湖里34﹣36
臺中市大里區第1314投開票所,草湖太子宮,臺中市大里區東湖里１５鄰東南路２０７,巷３６號,東湖里16,20﹣22,27﹣29
臺中市大里區第1315投開票所,東湖社區活動中心,臺中市大里區東湖里１５鄰東南路２０７,巷３６號,東湖里10﹣15
臺中市大里區第1316投開票所,光仁托兒所臺中市大里區東湖里９鄰東湖路１８６號東湖里3﹣9
臺中市大里區第1317投開票所,草湖國小臺中市大里區西湖里２鄰西湖路３２號西湖里1﹣8
臺中市大里區第1318投開票所,西湖社區活動中心,臺中市大里區西湖里１０鄰西湖路３５１,號,西湖里9﹣16
臺中市大里區第1319投開票所,市立大里高中(一),臺中市大里區大元里２２鄰國中路３６５,號,大里里1﹣9
臺中市大里區第1320投開票所,市立大里高中(二),臺中市大里區大元里２２鄰國中路３６５,號,大里里10﹣17
臺中市大里區第1321投開票所,大里國小(一)臺中市大里區新里里１８鄰新興路５０號新里里1﹣4,19,20,24,25
臺中市大里區第1322投開票所,大里國小(二)臺中市大里區新里里１８鄰新興路５０號新里里9﹣16
臺中市大里區第1323投開票所,大里國小(三)臺中市大里區新里里１８鄰新興路５０號新里里17,26﹣28,30
臺中市大里區第1324投開票所,大里國小(四)臺中市大里區新里里１８鄰新興路５０號新里里31﹣35
臺中市大里區第1325投開票所,大新社區活動中心,臺中市大里區新里里２２鄰新興路９９巷,１６弄５６號,新里里5﹣8,18,21﹣23,29
臺中市大里區第1326投開票所,白雲宮臺中市大里區國光里５鄰六桂２路５５號國光里2﹣7
臺中市大里區第1327投開票所,國立中興大學附屬高,級中學(一),臺中市大里區國光里１鄰東榮路３６９號國光里1,8,9
臺中市大里區第1328投開票所,國立中興大學附屬高,級中學(二),臺中市大里區國光里１鄰東榮路３６９號國光里10﹣13
臺中市大里區第1329投開票所,國立中興大學附屬高,級中學(三),臺中市大里區國光里１鄰東榮路３６９號國光里14﹣20
臺中市大里區第1330投開票所,樹王里萬安宮事務所,(一),臺中市大里區樹王里７鄰萬安路９３號樹王里1﹣9
臺中市大里區第1331投開票所,樹王里萬安宮事務所,(二),臺中市大里區樹王里７鄰萬安路９３號樹王里10﹣17
臺中市大里區第1332投開票所,祥賢宮辦公室,臺中市大里區祥興里２鄰中興路２段８８,２號,祥興里2﹣5,19,30
臺中市大里區第1333投開票所,祥興社區活動中心,臺中市大里區祥興里１７鄰中興路２段祥,興３巷１０弄３４號,祥興里6﹣18,24,31
臺中市大里區第1334投開票所,大智花園城管理委員,會文康室,臺中市大里區祥興里３４鄰大智路５６５,巷內,祥興里1,20,21,26﹣28
臺中市大里區第1335投開票所,大智花園城管理委員,會辦公室,臺中市大里區祥興里３４鄰大智路５６５,巷內,祥興里25,32﹣37
臺中市大里區第1336投開票所,陳嘉熙宅臺中市大里區祥興里２９鄰吉善路２號祥興里22,23,29
臺中市大里區第1337投開票所,內新里活動中心(一)臺中市大里區內新里８鄰中新街９號內新里1﹣6
臺中市大里區第1338投開票所,內新里活動中心2樓,(二),臺中市大里區內新里８鄰中新街９號內新里7﹣14
臺中市大里區第1339投開票所,臺中市兒童青少年福,利服務中心(一),臺中市大里區內新里１６鄰新光路３２號內新里15﹣20
臺中市大里區第1340投開票所,臺中市兒童青少年福,利服務中心(二),臺中市大里區內新里１６鄰新光路３２號內新里21﹣26
臺中市大里區第1341投開票所,臺中市兒童青少年福,利服務中心2樓(三),臺中市大里區內新里１６鄰新光路３２號內新里27﹣33
臺中市大里區第1342投開票所,大元國小(一)臺中市大里區大元里１鄰現岱路６０號中新里1﹣7
臺中市大里區第1343投開票所,大元國小(二)臺中市大里區大元里１鄰現岱路６０號中新里8﹣14
臺中市大里區第1344投開票所,大元國小(三)臺中市大里區大元里１鄰現岱路６０號中新里15﹣21
臺中市大里區第1345投開票所,內新國小(一),臺中市大里區東昇里７鄰新仁路２段４２,號,東昇里1﹣14
臺中市大里區第1346投開票所,內新國小(二),臺中市大里區東昇里７鄰新仁路２段４２,號,東昇里15﹣22
臺中市大里區第1347投開票所,大元社區活動中心,臺中市大里區大元里４鄰大元路６２之１,號,大元里2﹣6,9,10,20
臺中市大里區第1348投開票所,市立大里高中(三),臺中市大里區大元里２２鄰國中路３６５,號,大元里7,8,11,15﹣18,21,22
臺中市大里區第1349投開票所,大元國小(四)臺中市大里區大元里１鄰現岱路６０號大元里12﹣14,19,23
臺中市大里區第1350投開票所,夏田社區活動中心臺中市大里區夏田里３鄰頂厝路１２５號夏田里全里
臺中市大里區第1351投開票所,光正國中臺中市大里區健民里１８鄰鳳凰路６８號仁化里1﹣6,28,29
臺中市大里區第1352投開票所,塗城國小(一),臺中市大里區仁德里１３鄰文化街１２０,號,仁化里7﹣12,30﹣32
臺中市大里區第1353投開票所,塗城國小(二),臺中市大里區仁德里１３鄰文化街１２０,號,仁化里13﹣20
臺中市大里區第1354投開票所,成功國中(一),臺中市大里區仁德里１３鄰至善路１５７,號,仁化里21﹣27,33,34
臺中市大里區第1355投開票所,塗城國小(三),臺中市大里區仁德里１３鄰文化街１２０,號,仁德里1﹣8
臺中市大里區第1356投開票所,成功國中(二),臺中市大里區仁德里１３鄰至善路１５７,號,仁德里9﹣17
臺中市大里區第1357投開票所,成功國中(三),臺中市大里區仁德里１３鄰至善路１５７,號,仁德里18﹣25
臺中市大里區第1358投開票所,竹仔坑社區活動中心臺中市大里區健民里３０鄰健民路１３號健民里1﹣5,17,24﹣26
臺中市大里區第1359投開票所,健民國小(一)臺中市大里區健民里１５鄰校前路２６號健民里6﹣16,18,19
臺中市大里區第1360投開票所,健民國小(二)臺中市大里區健民里１５鄰校前路２６號健民里20﹣23,27﹣30
臺中市大里區第1361投開票所,美群國小(一)臺中市大里區塗城里７鄰美群路９９號塗城里1﹣4,26﹣29,33
臺中市大里區第1362投開票所,美群國小(二)臺中市大里區塗城里７鄰美群路９９號塗城里5﹣8,30﹣32,34
臺中市大里區第1363投開票所,美群國小(三)臺中市大里區塗城里７鄰美群路９９號塗城里9﹣11,13﹣19
臺中市大里區第1364投開票所,美群國小(四)臺中市大里區塗城里７鄰美群路９９號塗城里12,20﹣25,35
臺中市大里區第1365投開票所,崇光國小(一),臺中市大里區東興里１９鄰大明路１８１,號,東興里1﹣8,19
臺中市大里區第1366投開票所,崇光國小(二),臺中市大里區東興里１９鄰大明路１８１,號,東興里12,13,20,21,24﹣26
臺中市大里區第1367投開票所,崇光國小(三),臺中市大里區東興里１９鄰大明路１８１,號,東興里10,11,14,15,17,22,23,27
臺中市大里區第1368投開票所,慧欣托兒所,臺中市大里區東興里１８鄰永興路２０５,巷２１弄３６號,東興里9,16,18,28﹣31
臺中市大里區第1369投開票所,大明中學(一),臺中市大里區大明里１３鄰新仁路３段２,１０號,大明里1﹣3,6﹣9
臺中市大里區第1370投開票所,大明中學(二),臺中市大里區大明里１３鄰新仁路３段２,１０號,大明里4,5,10﹣14
臺中市大里區第1371投開票所,東勢尾社區活動中心,臺中市大里區大明里２０鄰東興路１００,號,大明里15﹣21
臺中市大里區第1372投開票所,永隆國小(一)臺中市大里區永隆里１２鄰永隆５街２號永隆里1﹣3
臺中市大里區第1373投開票所,永隆國小(二)臺中市大里區永隆里１２鄰永隆５街２號永隆里4﹣10
臺中市大里區第1374投開票所,爽文國中(一)臺中市大里區永隆里２３鄰永隆３街１號永隆里11﹣17
臺中市大里區第1375投開票所,爽文國中(二)臺中市大里區永隆里２３鄰永隆３街１號永隆里18﹣24
臺中市大里區第1376投開票所,臺中市立大里幼兒園,日新分班(一),臺中市大里區日新里３３鄰日新路３８３,號,日新里1﹣4,33﹣36
臺中市大里區第1377投開票所,臺中市立大里幼兒園,日新分班(二),臺中市大里區日新里３３鄰日新路３８３,號,日新里5﹣16,28,30﹣32
臺中市大里區第1378投開票所,日新社區活動中心,臺中市大里區日新里１９鄰福大路１之１,號,日新里17﹣27,29
臺中市大里區第1379投開票所,光榮國中(一),臺中市大里區西榮里２８鄰東榮路２８０,號,西榮里1﹣3,5﹣11,20,21,23
臺中市大里區第1380投開票所,光榮國中(二),臺中市大里區西榮里２８鄰東榮路２８０,號,西榮里4,24﹣27
臺中市大里區第1381投開票所,光榮國中(三),臺中市大里區西榮里２８鄰東榮路２８０,號,西榮里12﹣19,22,28﹣30
臺中市大里區第1382投開票所,益民國小(一),臺中市大里區長榮里１０鄰益民路２段４,８號,長榮里1﹣4,27﹣29,32
臺中市大里區第1383投開票所,益民國小(二),臺中市大里區長榮里１０鄰益民路２段４,８號,長榮里5﹣10,15,16
臺中市大里區第1384投開票所,益民國小(三),臺中市大里區長榮里１０鄰益民路２段４,８號,長榮里17﹣26
臺中市大里區第1385投開票所,益民國小(四),臺中市大里區長榮里１０鄰益民路２段４,８號,長榮里11﹣14,30,31
臺中市大里區第1386投開票所,金城社區活動中心,(一),臺中市大里區金城里１８鄰塗城路９２３,巷１９號,金城里8,9,17﹣25,43,44
臺中市大里區第1387投開票所,金城社區活動中心,(二),臺中市大里區金城里１８鄰塗城路９２３,巷１９號,金城里6,7,10,26﹣28,37,38,45
臺中市大里區第1388投開票所,郇城教會,臺中市大里區金城里３６鄰成功路８７巷,１０號,金城里29﹣36,40
臺中市大里區第1389投開票所,塗城國小(四),臺中市大里區仁德里１３鄰文化街１２０,號,金城里2,3,11﹣16
臺中市大里區第1390投開票所,成功國中(四),臺中市大里區仁德里１３鄰至善路１５７,號,金城里1,4,5,39,41,42
臺中市大里區第1391投開票所,立新國小(一),臺中市大里區立仁里２０鄰立新街３３８,號,立仁里1﹣3,18﹣20
臺中市大里區第1392投開票所,立新國小(二),臺中市大里區立仁里２０鄰立新街３３８,號,立仁里4,13﹣17
臺中市大里區第1393投開票所,立新國小(三),臺中市大里區立仁里２０鄰立新街３３８,號,立仁里5﹣12
臺中市大里區第1394投開票所,立新國中(一),臺中市大里區立仁里２０鄰甲堤路２３６,號,立德里1﹣7
臺中市大里區第1395投開票所,立新國中(二),臺中市大里區立仁里２０鄰甲堤路２３６,號,立德里8﹣14
臺中市大里區第1396投開票所,立新國中(三),臺中市大里區立仁里２０鄰甲堤路２３６,號,立德里15﹣21
臺中市大里區第1397投開票所,立新國中(四),臺中市大里區立仁里２０鄰甲堤路２３６,號,立德里22﹣30
臺中市大里區第1398投開票所,新仁社區守望相助隊,隊部,臺中市大里區新仁里１鄰新仁路１段１號,斜對面,新仁里1﹣6,8,25
臺中市大里區第1399投開票所,新仁社區活動中心前,廣場,臺中市大里區新仁里７鄰立新街７１號新仁里7,11﹣16,26,28
臺中市大里區第1400投開票所,新仁社區活動中心,(一),臺中市大里區新仁里７鄰立新街７１號新仁里9,10,17﹣20,27
臺中市大里區第1401投開票所,新仁社區活動中心,(二),臺中市大里區新仁里７鄰立新街７１號新仁里21﹣24,29﹣32
臺中市大里區第1402投開票所,瑞城國小(一),臺中市大里區瑞城里４４鄰美村街１９６,號,瑞城里1﹣5
臺中市大里區第1403投開票所,瑞城國小(二),臺中市大里區瑞城里４４鄰美村街１９６,號,瑞城里6﹣9
臺中市大里區第1404投開票所,瑞城國小(三),臺中市大里區瑞城里４４鄰美村街１９６,號,瑞城里10﹣16
臺中市大里區第1405投開票所,瑞城國小(四),臺中市大里區瑞城里４４鄰美村街１９６,號,瑞城里17﹣24
臺中市大里區第1406投開票所,瑞城國小(五),臺中市大里區瑞城里４４鄰美村街１９６,號,瑞城里25﹣31
臺中市大里區第1407投開票所,瑞城社區活動中心臺中市大里區瑞城里１１鄰瑞和街３６號瑞城里32,33,37﹣42
臺中市大里區第1408投開票所,瑞城國小(六),臺中市大里區瑞城里４４鄰美村街１９６,號,瑞城里34﹣36,43,44
臺中市霧峰區第1409投開票所,桐林里活動中心臺中市霧峰區桐林里５鄰民生路７６１號桐林里全里
臺中市霧峰區第1410投開票所,吉峰國小(一),臺中市霧峰區吉峰里２３鄰民生路３４９,號,吉峰里12,13,14,15
臺中市霧峰區第1411投開票所,吉峰國小(二),臺中市霧峰區吉峰里２３鄰民生路３４９,號,吉峰里1,19,29,30,31,37
臺中市霧峰區第1412投開票所,吉峰國小(三),臺中市霧峰區吉峰里２３鄰民生路３４９,號,吉峰里16,17,20,39,40
臺中市霧峰區第1413投開票所,吉峰國小(四),臺中市霧峰區吉峰里２３鄰民生路３４９,號,吉峰里21﹣28
臺中市霧峰區第1414投開票所,吉峰社區活動中心臺中市霧峰區吉峰里６鄰吉峰路１８４號吉峰里2﹣9,38
臺中市霧峰區第1415投開票所,普賢講堂,臺中市霧峰區吉峰里３６鄰自強路３２８,巷５９號,吉峰里10,11,18,32﹣36
臺中市霧峰區第1416投開票所,僑榮國小(一),臺中市霧峰區甲寅里１１鄰民生路１５６,號,甲寅里1﹣11
臺中市霧峰區第1417投開票所,僑榮國小(二),臺中市霧峰區甲寅里１１鄰民生路１５６,號,甲寅里12﹣21
臺中市霧峰區第1418投開票所,僑榮國小(三),臺中市霧峰區甲寅里１１鄰民生路１５６,號,甲寅里22﹣28
臺中市霧峰區第1419投開票所,霧峰幼兒園本鄉分班臺中市霧峰區本鄉里５鄰民生路９５號本鄉里1﹣11,19,20
臺中市霧峰區第1420投開票所,聖若瑟天主堂臺中市霧峰區本鄉里１鄰民生路８０號本鄉里12﹣18
臺中市霧峰區第1421投開票所,中正里活動中心,臺中市霧峰區中正里１０鄰中正路９４５,號,中正里10﹣18
臺中市霧峰區第1422投開票所,霧峰基督長老教會臺中市霧峰區中正里１鄰民生路５８號中正里1﹣9
臺中市霧峰區第1423投開票所,南天宮後殿(錦榮社,區活動中心後面),臺中市霧峰區萊園里１鄰萊園路５７巷２,號,錦榮里全里
臺中市霧峰區第1424投開票所,錦榮里活動中心,臺中市霧峰區萊園里１鄰萊園路５７巷２,號,萊園里全里
臺中市霧峰區第1425投開票所,霧峰國小(一)臺中市霧峰區本堂里９鄰中正路７３６號本堂里1﹣9
臺中市霧峰區第1426投開票所,霧峰國小(二)臺中市霧峰區本堂里９鄰中正路７３６號本堂里10﹣19
臺中市霧峰區第1427投開票所,霧峰國小(三)臺中市霧峰區本堂里９鄰中正路７３６號本堂里20﹣25
臺中市霧峰區第1428投開票所,霧峰國小(四)臺中市霧峰區本堂里９鄰中正路７３６號本堂里26﹣35
臺中市霧峰區第1429投開票所,霧峰國中(一)臺中市霧峰區北柳里２鄰國中路１１０號北柳里1﹣6,18﹣20
臺中市霧峰區第1430投開票所,霧峰國中(二)臺中市霧峰區北柳里２鄰國中路１１０號北柳里7,21﹣24
臺中市霧峰區第1431投開票所,北柳社區老人會館,臺中市霧峰區北柳里１２鄰四德路４３５,巷８１號,北柳里8﹣17,25
臺中市霧峰區第1432投開票所,南北柳社區活動中心臺中市霧峰區南柳里４鄰新厝路１２６號南柳里1﹣8
臺中市霧峰區第1433投開票所,光復國中小（國小,部）,臺中市霧峰區南柳里１６鄰柳豐路５３７,號,南柳里9﹣16
臺中市霧峰區第1434投開票所,霧峰幼兒園四德分班,(一),臺中市霧峰區四德里１０鄰四德路５３３,號,四德里1﹣7,9
臺中市霧峰區第1435投開票所,霧峰幼兒園四德分班,(二),臺中市霧峰區四德里１０鄰四德路５３３,號,四德里8,10﹣16
臺中市霧峰區第1436投開票所,五福國小(一)臺中市霧峰區四德里１鄰新埔路２３９號五福里1﹣10
臺中市霧峰區第1437投開票所,五福國小(二)臺中市霧峰區四德里１鄰新埔路２３９號五福里11﹣20
臺中市霧峰區第1438投開票所,丁台里活動中心(一)臺中市霧峰區丁台里８鄰丁台路４４４號丁台里1﹣7
臺中市霧峰區第1439投開票所,丁台里活動中心(二)臺中市霧峰區丁台里８鄰丁台路４４４號丁台里8﹣14
臺中市霧峰區第1440投開票所,北勢里活動中心(一),臺中市霧峰區北勢里５鄰丁台路５７１巷,７號,北勢里2,4,6,8,10
臺中市霧峰區第1441投開票所,北勢里活動中心(二),臺中市霧峰區北勢里５鄰丁台路５７１巷,７號,北勢里1,3,5,7,9
臺中市霧峰區第1442投開票所,霧峰幼兒園南北勢分,班,臺中市霧峰區南勢里６鄰光明路２８０之,３號,南勢里全里
臺中市霧峰區第1443投開票所,萬豐國小(一),臺中市霧峰區萬豐里１５鄰中正路２２４,號,萬豐里1﹣10
臺中市霧峰區第1444投開票所,萬豐國小(二),臺中市霧峰區萬豐里１５鄰中正路２２４,號,萬豐里11﹣20
臺中市霧峰區第1445投開票所,萬豐國小(三),臺中市霧峰區萬豐里１５鄰中正路２２４,號,舊正里1﹣6,16﹣19,21
臺中市霧峰區第1446投開票所,舊正里活動中心,臺中市霧峰區舊正里１２鄰光明路１１６,巷５４號,舊正里7﹣15,20
臺中市霧峰區第1447投開票所,復興國小(一)臺中市霧峰區坑口里２５鄰信義路５０號坑口里1﹣11
臺中市霧峰區第1448投開票所,復興國小(二)臺中市霧峰區坑口里２５鄰信義路５０號坑口里12﹣32
臺中市霧峰區第1449投開票所,峰谷里活動中心臺中市霧峰區峰谷里５鄰峰谷路３７５號峰谷里全里
臺中市霧峰區第1450投開票所,六股社區活動中心,(舊),臺中市霧峰區六股里９鄰六股路５１號六股里9﹣17,19﹣21
臺中市霧峰區第1451投開票所,霧峰幼兒園六股分班,臺中市霧峰區六股里２鄰峰谷路６９巷９,號,六股里1﹣8,18
臺中市東勢區第1452投開票所,北興社區活動中心,臺中市東勢區北興里６鄰文化街１１５巷,７號,北興里全里
臺中市東勢區第1453投開票所,中寧社區活動中心,臺中市東勢區中寧里４鄰文化街１１５巷,３號,中寧里全里
臺中市東勢區第1454投開票所,東安社區活動中心,臺中市東勢區東安里１０鄰文化街１１５,巷１號,東安里全里
臺中市東勢區第1455投開票所,南平里復興宮,臺中市東勢區南平里１８鄰文化街１００,之１號,南平里1﹣10
臺中市東勢區第1456投開票所,南平里活動中心,臺中市東勢區南平里１８鄰文化街１００,之１號,南平里11﹣20
臺中市東勢區第1457投開票所,東聖宮,臺中市東勢區延平里１８鄰第一橫街１３,０號,延平里1﹣11
臺中市東勢區第1458投開票所,延平社區活動中心臺中市東勢區延平里１２鄰本街４０號延平里12﹣21
臺中市東勢區第1459投開票所,上新廣興里聯合活動,中心,臺中市東勢區上新里４鄰忠孝街１５０之,１號,上新里全里
臺中市東勢區第1460投開票所,東勢國小臺中市東勢區廣興里１０鄰第五橫街１號廣興里全里
臺中市東勢區第1461投開票所,泰昌里民眾活動中心,臺中市東勢區泰昌里７鄰名流街２８巷２,號,泰昌里10﹣13,22﹣24
臺中市東勢區第1462投開票所,寄接梨第30產銷班,臺中市東勢區泰昌里１４鄰圓樓前街８７,號,泰昌里6,7,14﹣17,21,25
臺中市東勢區第1463投開票所,東勢國中,臺中市東勢區泰昌里１８鄰東崎路５段４,１５號,泰昌里1﹣5,8,9,18﹣20
臺中市東勢區第1464投開票所,中嵙社區活動中心,臺中市東勢區中嵙里６鄰東崎路４段１８,８巷３３號,中嵙里1﹣6
臺中市東勢區第1465投開票所,中科國小,臺中市東勢區中嵙里６鄰東崎路４段９２,巷１６號,中嵙里7﹣12
臺中市東勢區第1466投開票所,福隆里石角長壽俱樂,部,臺中市東勢區福隆里７鄰東坑路東福巷６,７號,福隆里2,5﹣10
臺中市東勢區第1467投開票所,石角東和福德祠,臺中市東勢區福隆里２２鄰東和街東和橋,旁,福隆里1,13﹣15,18,19,22,23
臺中市東勢區第1468投開票所,三聖宮,臺中市東勢區福隆里１１鄰東和街１１７,巷３號,福隆里3,4,11,12,16,17,20,21
臺中市東勢區第1469投開票所,石角國小,臺中市東勢區隆興里４鄰東坑路西盛巷２,２號,隆興里全里
臺中市東勢區第1470投開票所,新盛里慶安宮臺中市東勢區新盛里４鄰東關路６０８號新盛里1﹣4,12,16,21
臺中市東勢區第1471投開票所,新盛社區新活動中心,臺中市東勢區新盛里７鄰東關路民安巷３,９之３號附１,新盛里7﹣10,14,15,17,18,24
臺中市東勢區第1472投開票所,新盛國小臺中市東勢區新盛里６鄰新盛街３４２號新盛里,5,6,11,13,19,20,22,23,2,5
臺中市東勢區第1473投開票所,詒福社區活動中心,臺中市東勢區詒福里４鄰東關路４８１之,１號,詒福里全里
臺中市東勢區第1474投開票所,東興宮,臺中市東勢區上城里６鄰東關路東興巷３,５號,上城里全里
臺中市東勢區第1475投開票所,和興宮臺中市東勢區下城里５鄰城興街１６１號下城里全里
臺中市東勢區第1476投開票所,慶東社區活動中心,臺中市東勢區慶東里１０鄰慶東街慶成２,巷９號,慶東里1﹣9
臺中市東勢區第1477投開票所,東華國中,臺中市東勢區慶東里１７鄰東關路２９６,號,慶東里10﹣18
臺中市東勢區第1478投開票所,慶福社區活動中心臺中市東勢區慶福里１鄰慶福街７５號慶福里全里
臺中市東勢區第1479投開票所,東新國中,臺中市東勢區東新里１４鄰東環街１２３,號,東新里5﹣7,12﹣14
臺中市東勢區第1480投開票所,復華宮,臺中市東勢區東新里２鄰東蘭路２０之９,號,東新里1﹣4,8﹣11
臺中市東勢區第1481投開票所,善教堂臺中市東勢區粵寧里１０鄰粵寧街１９號粵寧里8﹣16
臺中市東勢區第1482投開票所,老人福利服務中心,臺中市東勢區粵寧里１鄰東蘭路１之４號,附１,粵寧里1﹣7,17
臺中市東勢區第1483投開票所,下新社區活動中心臺中市東勢區粵寧里１０鄰粵寧街１９號下新里全里
臺中市東勢區第1484投開票所,興隆社區活動中心,臺中市東勢區興隆里１０鄰東蘭路１１４,號,興隆里全里
臺中市東勢區第1485投開票所,石城國小(一),臺中市東勢區茂興里１４鄰石城街１８２,巷２６號,茂興里2﹣5,12,13,15
臺中市東勢區第1486投開票所,石城國小(二),臺中市東勢區茂興里１４鄰石城街１８２,巷２６號,茂興里1,6﹣11,14
臺中市東勢區第1487投開票所,石城復興宮臺中市東勢區泰興里２鄰石城街３２６號泰興里全里
臺中市東勢區第1488投開票所,埤頭社區活動中心,臺中市東勢區埤頭里５鄰石城街石山巷３,４之１號,埤頭里全里
臺中市東勢區第1489投開票所,明正社區活動中心,臺中市東勢區明正里７鄰東蘭路永盛巷９,７號,明正里全里
臺中市石岡區第1490投開票所,石岡國民小學臺中市石岡區石岡里２鄰石岡街１２３號石岡里全里
臺中市石岡區第1491投開票所,萬安活動中心臺中市石岡區萬安里６鄰石岡街６號１樓萬安里全里
臺中市石岡區第1492投開票所,九房活動中心,臺中市石岡區九房里２鄰豐勢路九房巷１,２４號旁,九房里全里
臺中市石岡區第1493投開票所,金星活動中心,臺中市石岡區金星里８鄰石岡街下坑巷１,５３號,金星里全里
臺中市石岡區第1494投開票所,龍興活動中心臺中市石岡區龍興里２鄰萬仙街３號龍興里全里
臺中市石岡區第1495投開票所,萬興活動中心臺中市石岡區萬興里８鄰萬墩街１０５號萬興里全里
臺中市石岡區第1496投開票所,梅子活動中心,臺中市石岡區梅子里１１鄰豐勢路梅子巷,６５之１２號前,梅子里全里
臺中市石岡區第1497投開票所,土牛活動中心,臺中市石岡區土牛里１０鄰豐勢路德成巷,１之１號,土牛里全里
臺中市石岡區第1498投開票所,石岡區老人福利服務,中心,臺中市石岡區德興里８鄰豐勢路１３４號德興里全里
臺中市石岡區第1499投開票所,和盛活動中心,臺中市石岡區和盛里１１鄰和盛街９號２,樓,和盛里全里
臺中市新社區第1500投開票所,新社鎮安宮,臺中市新社區新社里１２鄰中和街４段３,１９號,新社里7﹣12,15﹣18
臺中市新社區第1501投開票所,舊新社戶政事務所,臺中市新社區新社里６鄰中和街４段２０,７號,新社里1﹣6,13,14
臺中市新社區第1502投開票所,大南國小臺中市新社區大南里３鄰興中街４７號復盛里1﹣5,12﹣15
臺中市新社區第1503投開票所,新社高中,臺中市新社區復盛里８鄰中和街３段國中,巷１０號,復盛里6﹣11
臺中市新社區第1504投開票所,中正社區活動中心,臺中市新社區中正里４鄰中和街５段３３,巷３５之１號旁,中正里全里
臺中市新社區第1505投開票所,月湖社區活動中心,臺中市新社區月湖里６鄰東湖街２段６８,巷８７號,月湖里全里
臺中市新社區第1506投開票所,(新)崑南社區活動中,心,臺中市新社區崑山里７鄰崑南街５５之１,號,崑山里全里
臺中市新社區第1507投開票所,大南社區活動中心,臺中市新社區大南里８鄰中和街２段３８,８號,大南里3﹣13,17
臺中市新社區第1508投開票所,大源宮,臺中市新社區大南里１６鄰中和街２段２,８０巷５５號,大南里1﹣2,14﹣16,18
臺中市新社區第1509投開票所,馬力埔社區活動中心臺中市新社區永源里６鄰中和街１段８號永源里1﹣7
臺中市新社區第1510投開票所,永源社區活動中心臺中市新社區永源里１６鄰東山街５７號永源里14﹣21
臺中市新社區第1511投開票所,水井集會所,臺中市新社區永源里１３鄰水井街１７５,號左邊,永源里8﹣13
臺中市新社區第1512投開票所,中興社區活動中心,臺中市新社區中興里８鄰中興嶺街一段４,３號,中興里全里
臺中市新社區第1513投開票所,協成國小,臺中市新社區協成里１２鄰興義街２１９,號,協成里1﹣12
臺中市新社區第1514投開票所,三嵙口聯誼活動中心,臺中市新社區協成里２２鄰興隆街８６號,對面,協成里13﹣22
臺中市新社區第1515投開票所,舊鄉立托兒所東興分,班,臺中市新社區東興里５鄰興社街１段１６,４號,東興里全里
臺中市新社區第1516投開票所,下水底鄭王廟臺中市新社區慶西里７鄰下水底６９號慶西里5﹣8
臺中市新社區第1517投開票所,慶西社區活動中心,臺中市新社區慶西里１０鄰上坪２０之１,號,慶西里1﹣4,9﹣12
臺中市新社區第1518投開票所,中和國小臺中市新社區中和里９鄰中興街１２９號中和里全里
臺中市新社區第1519投開票所,福興社區活動中心臺中市新社區福興里５鄰美林５２之６號福興里1﹣13,18﹣19
臺中市新社區第1520投開票所,永豐李銀梅倉庫臺中市新社區福興里１５鄰永豐３３號福興里14﹣17
臺中市和平區第1521投開票所,和平社區活動中心,臺中市和平區南勢里１０鄰東關路３段１,７５號,南勢里1﹣3,10﹣14
臺中市和平區第1522投開票所,南勢社區活動中心,臺中市和平區南勢里５鄰東關路３段３６,號,南勢里4﹣9
臺中市和平區第1523投開票所,天輪社區活動中心,臺中市和平區天輪里１鄰東關路２段１－,１號,天輪里全里
臺中市和平區第1524投開票所,松鶴社區活動中心,臺中市和平區博愛里８鄰東關路１段松鶴,２巷１之２號,博愛里5﹣15
臺中市和平區第1525投開票所,博愛國民小學谷關分,校,臺中市和平區博愛里２鄰東關路１段分校,巷２９號,博愛里1﹣4
臺中市和平區第1526投開票所,三叉坑社區活動中心,臺中市和平區自由里１０鄰東崎路２段三,叉巷８號,自由里10,11
臺中市和平區第1527投開票所,自由國民小學,臺中市和平區自由里７鄰東崎路２段４９,號,自由里4﹣9
臺中市和平區第1528投開票所,烏石坑社區活動中心,臺中市和平區自由里１鄰東崎路２段烏石,巷１－３號,自由里1﹣3
臺中市和平區第1529投開票所,達觀社區活動中心,臺中市和平區達觀里３鄰達觀里東崎路１,段５０號,達觀里3﹣8
臺中市和平區第1530投開票所,桃山社區活動中心,臺中市和平區達觀里１鄰東崎路１段桃山,巷３９－７號,達觀里1,2
臺中市和平區第1531投開票所,中坑坪社區活動中心,臺中市和平區中坑里２鄰中坑巷４１－１,號,中坑里全里
臺中市和平區第1532投開票所,松茂長老教會,臺中市和平區梨山里２鄰中興路４段７４,號,梨山里1﹣6
臺中市和平區第1533投開票所,梨山國民中小學臺中市和平區梨山里９鄰福壽路１０號梨山里7﹣30
臺中市和平區第1534投開票所,新佳陽教會,臺中市和平區梨山里３１鄰和平路２段佳,陽新巷３３號,梨山里31﹣34
臺中市和平區第1535投開票所,志良民眾活動中心,臺中市和平區平等里４鄰中興路２段志良,巷６號,平等里1﹣8
臺中市和平區第1536投開票所,平等國民小學,臺中市和平區平等里１５鄰中興路３段環,山３巷３５號,平等里9﹣15
